date,kathas,venue_and_time,district,state,country,artists,organiser,updated_by,source_file
30-12-07,Nalacharitham 4,"Karthikathirunl theatre, Theerthapathamandapam. Fort, Trivandrum 6.30 p.m.",Trivandrum,Kerala,India,"Kal. Rajaselkharan-Damayanthi,Kal. Mukundan-Kesini, Kal.Balasubramanian-Bahukan,Kalanilayam Unnikrishnan/Rajeevan-Pattu, Narayanan Varanasii-Chenda,Margi Ratnakarn-Maddalam Radhakrishnan Kanjingad","Drishyavedi, TVM Phone 09495242964",Radhakrishnan Kanjingad,archive2007.asp
30-12-07,Prahalada Charitham,"Puthiyadam Srikrishna swami temple, Kayamkulam - 9PM",Alappuzha,Kerala,India,"Kalanilayam Gopi(Hiranya Kashipu), Kala. Krishnaprasad(Narasimham), Kalanilayam Gopakumar (Shakuni), Prahaladan(Kalanilayam Vinod, Pattu - Kalanilayam Rajeev, Kala. Sudhish.","Puthiyadam Kshetra committee, Kayamkulam",Kalanilayam Gopakumar,archive2007.asp
29-12-07,Nalacharitham 3,"Karthikathirunl theatre, Theerthapathamandapam. Fort, Trivandrum 6.30 p.m.",Trivandrum,Kerala,India,"Kala.Mukundan-Purappad, Kal. Ratheesan-Nalan, Margi Murali-Karkodakan, Sadanam Krishnankutty-Bahukan, Kottackal Ravikumar-Rithuparnan, Margi Harivatsan-Damayanthi, Inchakkat-Sudevan, Subramaniam/Krish","Drishyavedi, TVM Phone 09495242964",Radhakrishnan Kanjingad,archive2007.asp
28-12-07,DURYODHANA VADHAM,Cherai (Near Beach),Ernakulam,Kerala,India,"FACT Padmanabhan(Roudra Bhiman), Kala Sankaranarayanan(Duryodhanan), Kala. Raju(Dussasanan), FACT Biju(Krishnan), Pattu - Kala. Rajesh Babu, Kala. Vasudevan, Chenda - Gopikrshnan Thampuran,Kala. Sukum",,Gopikrishnan,archive2007.asp
28-12-07,Nalacharitham (Alasathavilasitham muthal),"Karthikathirunl theatre/Theertha pada Mandapam, Fort, Trivandrum 6.30 p.m.",Trivandrum,Kerala,India,"Kala. Vijayakumar- Damayanthi,Ramachanran Unnithan-Kattalan,Kal. Rajeevan-Sarthavahakan,Haripriya Nampudiri-Rajamatha,Margi Balasubramanian-Sudevan, Margi Ravindran-Bheemaraja, Kal. Babu/Vinod, Margi ","Drishyavedi, TVM , 09495242964 Phone",Radhakrishnan Kanjingad,archive2007.asp
27-12-07,Nalacharitham (Up To Separation),"Karthika Thirrunal Theatre, Fort,TVM",TVM,Kerala,India,"Gopi, Margi Vijayakumar, Margi Sukumaran_Indran, Nelliyodu-Kali,Margi Suresh-Dwaparan, Ettumanoor Kannan-Pushkaran, Kal.Subramaniam-Harish- Pattu, Krihnadas, Sreekanth-Chenda, Kottackal Radhakrishnan,","Drishyavedi, TVM -Ph.0471-2461554, 9495242964",Radhakrishnan Kanjingad,archive2007.asp
27-12-07,"Lavanasura Vadham, Balivijayam",Guruvayur Melpattur Auditorium,Thrissur,Kerala,India,"Geetha(Sita),Sr Hari,Laxmi(Kushan), Aishwarya(Lavan), Jayanthi(Hanuman), K.R.Rajeev(Ravanan),Vinod warrier(Naradan) ,Kalnilayam Gopakumar, Sri Rag(Brahman),Vinod Kumar(Bali). Pattu - Narayanan Embrant",Guruvayur Temple -Sponsored Kali,kalanilayam gopakumar,archive2007.asp
26-12-07,Nalacharitha Mela (repeated but ok - admin),Karthika thirunal theatre/Theerthapada mandapam 6 PM (26-30 Dec),Thiruvananthapuram,Kerala,India,"Gopi Aasan, Madavoor, Margi Vijaya Kumar, Kala.BalaSubrahmanyan, Kala.RajaSekharan, Nelliyodu, Unnithan, Kannan, Shanmughan, Mukundan, etc.",Drisyavedi 20th Kerala Natyotsavam,Jawaharji K,archive2007.asp
26-12-07,Nalacharitham 1 -From start to Hamsam meeting Damayanthi.,"Karthika Thirunal Theatre, Fort, TVM",Trivandrum,Kerala,India,"Kal. Gopi- Nalan, Attl. Peethambaran- Naradan, Madavoor Vasudevan Nair- Hamsam, Kal. Shanmukhan-Damayanthi, Pathiyoor and Kal. Sajeevan- Pattu, Krishnadas- Chenda, Manoj- Maddlam","Drishyavedi, TVM, Phone.0471-2461554.",Radhakrishnan Kanjingad,archive2007.asp
26-12-07,KUCHELA VRITTAM,EROOR POTA TEMPLE - 7 PM,Ernakulam,Kerala,India,"Dr. Sabhapati(Kuchelan), FACT Ranjini(Krishnan), Pattu - Kumari Varma, Shailaja Varma, Chenda - Gopikrishnan Thampuran, Maddalam - Kala. Veneeth",Eroor Sasi,Srikumar K,archive2007.asp
25-12-07,SUBHADRAHARANAM,"CHANGAMPUZHA PARK ,EDAPPALLY",ERNAKULAM,Kerala,India,"KALA.GOPI,KOTTAKKAL KESAVAN,KOTTAKKAL MADHU ,BABUNAMPOOTHIRI ,KALA.KESAVAN.ETC","KATHAKALI ASWADAKASADAS ,EDAPPALLY,9446058020",PDS NAMPOOTHIRI,archive2007.asp
25-12-07,Bali Vijayam,"KoyikkalTemple,ParapuramVellarapalli",Ernakulam,Kerala,India,"Fact Jayadev Varma, Kodungallur Nambisan Kutty, Kala. Srikandan Nair, Pattu - Kala. Rajendran, Sudheesh, Chenda - Kala. Raman Namboodiri, kala. Murali, Maddalam - Kala Sankara Wrrier, Chutti - Shilpi ",Koyikkal Temple,Srikumar K,archive2007.asp
25-12-07,1. Santhana Gopalam 2.Balivadham 3. Kiratham,"Chirakkarakkavu Bhagavathy Temple, Near Pala(Ramapuram Road, 5kms from Pala) 9pm",Kottayam,Kerala,India,1. SANTHANA GOPALAM BRAHMANAN - SRI. KOTTAKKAL CHANDRA SEKHARA WARRIOR ARJUNAN - SRI. FACT MOHANAN 2. BALI VADHAM BALI - SRI. KALAMANDALAM RAMACHANDRAN UNNITHAN SUGREEVAN - SRI. KOTTACKAL DEVADAS 3. K,0482 2 212002. DR. BALAKRISHNA KAIMAL,Dr Balakrishna Kaimal,archive2007.asp
24-12-07,Nalacharitham part-1,"Kalakshethra Auditorium, Thiruvanmiyoor, Chennai",Chennai,Chennai,India,"Sri.Madavoor Vasudevan Nair, Sadanam Balakrishnan , Kalakshethra Artists and guest artists from Sadanam Palakkad.","Chennai, Kalakshethra,",C.Ambujakshan Nair,archive2007.asp
23-12-07,kalakeya vadham,Ernakulam Kathakali Club. 6pm,ernakulam,Kerala,India,"Margi Vijayakumar(Urvashi), Thonnakkal Peethambaran(Arjuna), Pattu-- Kala Rajendran, Kalanilayam Rajeev",Ernakulam kathakali club,kalanilayam gopakumar,archive2007.asp
16-12-07,RUGMANGADACHARITHAM,"THRIKKAYIL TEMPLE ,EDAPPILLY",ERNAKULAM,Kerala,India,"KALA.GOPI.MARGI VIJAYAN ,PALANAD DIVAKARANETC","NSS KARAYOGAM,EDAPPALLY",PDS NAMPOOTHIRI,archive2007.asp
13-12-07,Poothanamoksham & Kiraatham,"Sree Poornathrayeesa Temple, Thripunithura. 12 midnight onwards.",Ernakulam,Kerala,India,Poothanamoksham Lalitha - Kalamandalam Shanmukhadas Kiraatham Arjunan - Dr.Narayanan Nambuthiri Kattallan - RV Sasikumar Kattallan Kalanilayam Sasi Shivan - RLV Pramodh,"Sree Poornathrayeesa Seva Sangam., Utsava Committ",Saran Varma,archive2007.asp
12-12-07,"RUGMINI SWAYAMVARAM , DURYODHANAVADHAM (Repeated but ok)",SRIPOORNATHRAYEESA TEMPLE,Eranakulam,Kerala,India,Kalamandalam Haridas [Rugmini];Kalamandalam Vasudevan [Sundara Bhramanan]; Sadanam Vijayan [Srikrishan]. Chengarappilli Anujan [Duryodhanan-1];R.L.V Rajasekharan [Dussasanan]; Unnikrishnan [Dharmaputh,,RAHUL VARMA B,archive2007.asp
12-12-07,Rugmani SwayamVaram & DuryodhanaVadham,"Sree Poornathrayeesa Temple, Thripunithura. 12 midnight onwards",Ernakulam,Kerala,India,Rugmani SwayamVaram: Rugmani - Kalamandalam Haridas Sundhara Bramhanan - Kalamandalam Vasudev Sreekrishnan - Sadanam Vijayan DuryodhanaVadham Duryodhanan-1 - Chengarapilli Anujan Dushasanan - RLV Raja,"Sree Poornathrayeesa Seva Sangam., Utsava Committ",Saran Varma,archive2007.asp
11-12-07,harischandracharitham,Arpookara sre subrahmanyasvami kshethram-8:30pm,kottayam,Kerala,India,"sadanam krishnankutty,kala:ramachandran unnithan,mathoor govindan kutty",,"mani,vaikom",archive2007.asp
11-12-07,Karna Sabadham and Daksayagam,"Sree Poornathrayeesa Temple, Thripunithura. 12 midnight onwards.",Ernakulam,Kerala,India,"Duriyodhanan -Parvathy Menon, Bhanumathy - Haripriya Namboodiri, Krnnan - Geetha Ramesh, Dussasanan - Gayathri, Kunthi- Lavanya Ajith. Dakhan - Suma Varma, Indran -Subhadra GopiKrishnan, Sivan - Ranji","Sree Poornathrayeesa Seva Sangam., Utsava Committ",Kiran Varma,archive2007.asp
10-12-07,Nalacharitham 2nd Divasam.,"Sree Poornathrayeesa Temple, Thripunithura. 12 midnight onwards.",Ernakulam,Kerala,India,"Nalan - Kottakkal Chandrsekhran, Damayanthi-RLV Radakrishnan,Kali-Kottakkal Devdas, Dwaparan-RLV Sunil, Indran and Kaala -RLV Sunil Pallipuram, Pushkaran -Kottakkal Kesavan Kundlayar, Kattalan-Kalaman",Sree Poornathrayeesa Seva Sangam.,Kiran Varma,archive2007.asp
09-12-07,santhanagopalam,chovvallpr near guruvayoor temple,thrissur,Kerala,India,singers kalamandalam n.n.kolathapalli kalamandalam sreejith,kalavaydi murali,kalamandalam sreejith.p.kumar,archive2007.asp
09-12-07,Bali Vadham,"Panchayathu Community Hall, Chennithala. Time: 06:30 PM",Alappuzha,Kerala,India,"Sri.Mathur Govindan Kutty, Thalavadi Aravindan, Kalamandalam Balakrishnan, Mozhoor Rajendra Gopinath, Natyasala Suresh, Gowreesapattam Gireesan, Kalamandalam Shanmughan and Madu Varanasi. (Vocal) Kala","Chennithala Chellappan Pillai Smaraka Samithi,",C.Ambujakshan Nair,archive2007.asp
09-12-07,Santanagopalam,Chovallur,,Kerala,India,,,KALANILAYAM GOPINATHAN,archive2007.asp
09-12-07,"Kuchela Vrittam, Kalyana Saugandhikam",Tripunithura Temple,Ernakulam,Kerala,India,"Nelliyodu Vasudevan Namboodiri (Kuchelan), Kottakal Sivaraman(Krishnan), Kalamandalam Krishnakumar(Bhiman), FACT Padmanabhn(Hanuman)",Utsava Committee,Srikumar,archive2007.asp
08-12-07,"Rukmangada Charitam, Ravana Vijayam",Tripunithura Temple,Ernakulam,Kerala,India,"Purappad Mithun Murali, Kalamandalam Gopi(Rukmangadan),Margi Vijayan(Mohini), Sri Unni Krishnan and Fact Biju(Brahmanar,Sandhyavali),kala Radha Krishnan(Dharmangadan),RLV Pramod(Vishnu)ala Srikumar(Ra",Utsava Committee,Srikumar,archive2007.asp
07-12-07,Santhanagopalam and Subhadraharaharanam,"2330 hours at Poornathrayeesa Temple, Thripoonithura",Ernakulam,Kerala,India,"Kalamandalam Ramankutty Nair,Sadanam Krishnan Kutty,RLV Rangan,Sadanam Vijayan, Venu shenoy,Kalamandalam balasubramanian,Kalamandalam Rajeevan",0484 2776655,K.Balakrishnan,archive2007.asp
07-12-07,Santanagopalam,Tripunithura Temple,Ernakulam,Kerala,India,"Kalmandalam Ramankutty Nair(Brahmana), Kalamandalam Balasubramaniam(Arjuna). Pattu - Kalanilayam Unnikrishnan",Utsava Committee,Srikumar,archive2007.asp
28-11-07,"Uttara Swayamvaram, Kiratam",Vaikom Siva Kshetram - 10pm,Kottayam,Kerala,India,"Purappadu- Sanjay Sivadas,Chitra. Sadanam Vijayan(Bhanumati),Kalabhavan Sunil(Karnan),Varanadu Sanal Kumar(Bhishmar),Arun Murthy(Shalyar),Sadanam Suresh(Dootan),Kottakkal Devadas(Trigarthan),Kala.Suni",Vaikathu Ashtami Celebration,kalanilayam gopakumar,archive2007.asp
28-11-07,"Utharasoyamvaram,Kiratham","Vaikom mahadeva kshethram,vaikoam,10:30pm",kottayam,Kerala,India,"vazenkita vijayan(durodhanan),sadanam suresh(duthan),kottakal devadas(thrigarthan),RLV rekhu(utharan),kala:gopalakrishnan(brihandala),sadanam krishnada(arjunan), RLV gopi(kattalan)/patu-kottakal naray","kerala kathakali senter,fort cochi.","Mani,Vaikom",archive2007.asp
27-11-07,"Kachadevayani,balivijayam(with Kamaladelam)","Vaikom mahadeva kshethram,vaikoam,10pm",kottayam,Kerala,India,"RLV gopi(sukracharyar),kottakal chandrasekhara variyar(kachan),FACT pathamanabhan(devayani),kala:gopalakrishnan(ravanan),kala:vijaya kumar(mandodhari),K.J vasu(naradan),sadanam krishnadas(bali), / pat","kerala kathakali senter,fort cochi.","Mani,Vaikom",archive2007.asp
25-11-07,Narakasura Vadham,Thrissur Kathakali Club,Thissur,Kerala,India,"Kottakkal Nandakumar (Narakasuran), Nalliyodu Vasudevan Namboodiri, Margi Vijayakumar, Pattu - Kala. Rajendran, Kala Jayaprakash",Thrissur Kathakali Club,K.Srikumar 09342882394,archive2007.asp
24-11-07,vishnu maya charitham,tripparayar temple,Thissur,Kerala,India,"Balaraman - Kala. Gopi, Krishnan - Kalanilayam Gopakumar, Naradan - Kottakkal Kesavan namboodiri, Pattu Kala. Rajendran, Narayanan Embranthiri. Chenda - Klanilayam Kunjunni, Maddalam - Kala. Haridas",Thripparayar Temple Utsava Committee,Kalanilayam Gopakumar,archive2007.asp
24-11-07,kuchela vritham,chaganpuzha park edappally 6pm,ernakulam,Kerala,India,"nelliyode vasudevan namboodiri, kala. balasubramaniam, kalanilayam gopakumar, pattu- kottakal madhu, rammohan,","kathali aswadaka sangham, edappally",Kalanilayam Gopakumar,archive2007.asp
23-11-07,"Nalacharitham 4amdivasam,Sethaswayamvaram,Prahladacharitham","Udayanapuram sre subrahmanyaswami kshethram,vaikoam",kottayam,Kerala,India,"kala:gopi(bahukan),kala:sivaraman(damayanthi),kala:sivadas,kottakal devadas(parasuraman),RLV gopi(sre raman),RLV rakhu(hiranya kasupu),sadanam krishnadas(narasimham) / patu-kottakal madhu,kala:babu na","kerala kathakali senter,fort cochi.","Mani,Vaikom",archive2007.asp
21-11-07,"rugmangathacharitham,utharasvyamvaram","kumaraneloor devi kshethram,9pm",kottayam,Kerala,India,"kala:gopi,margi vijayakumar,FACT mohanan,kudamaloor muralikrishnan,kala:bhagyanadh,nelliyodu vasudevan nabuthiri,kalakendram muralidharan nabuthiri,matoor govindankutty patu-kala:babu nabuthiri,kala:h","nalanunni smaraka kalakshethram,kidangoor.","mani,vaikom",archive2007.asp
20-11-07,"kirmeravadam,kiratam","kumaraneloor devi kshethram,9pm",kottayam,Kerala,India,"kala:kasinadh,kala:gopi,kala:prasanth,RLV jayachandran, kala:shanmukhan, panamitam soman,kala:ramachandran unnithan,kala:vijayan,kalakendram muralidharan nabuthiri, patu-pathiyoor sankarankutty,kala:b","nalanunni smaraka kalakshethram,kidangoor.","mani,vaikom",archive2007.asp
20-11-07,Poothanamoksham,"NSS karayogam hall, Chakkamkulangara, Thripunithura",Ernakulam,Kerala,India,"Kal.Krishna Prasad, Chengaraiplly Anujan,",Thripunithura Kathakali Kendram,K.R.Varma,archive2007.asp
19-11-07,Balivijayam,"Theerthapada Mandapam, East Fort | 6.30 PM",Thiruvananthapuram,Kerala,India,Performers: Sri. Kalamandalam Shanmukhadas (Ravanan) Sri. Chembakkara Vijayan (Mandothiri) Sri. Mathur Govindakutty (Naradan) Sri. Margi Suresh (Bali) Vocal: Sri. Kalamandalam Vinod Sri. Kalamandalam ,"Drisyavedi, Thiruvananthapuram",Haree,archive2007.asp
18-11-07,Saint Tyagaraja's 'Nauca Charitram'- Kathakali- aattakatha by Kalamandalam Kesavan,"Manavedan Auditorium,Trissala Bhagavathi Termple,Mankave Palace,Mankave Post",Calicut (Kozhikode),Kerala,India,FACT Jayadeva Varma Kalanilayam Gopala Krishnan Kalamandalam Sajan Kalakendram Pradeepan Kalakendram Muralidharan Nambootiri Original Musical Score: Kalamandalam Balachandran Lead Vocal Kalamandalam J,9847140063 or 0495-2330863,"Sangeetha Sabha,Mankave",archive2007.asp
18-11-07,Nalacharitham Moonnam Divasam,"Vivekodayam Boys' H.S.S, Thrissur, Discusions at 2 pm. Kali at 5.30 pm",Thrissur,Kerala,India,"Promising young artists Kala: Shanmughadas, Kala: Sucheendranath, Kala: Arun Warrier... Nedumbilli Ram Mohan, Rajesh Menon, Kala: Nandakumar, Hariharan",Vedika Thrissur,Jayan M V,archive2007.asp
10-11-07,Santhanagolam,"Cangampuzha Park, Edappally,",Ernakulam,Kerala,India,"Sadanam Krishnan Kutty(Arjunan), Kala. Keshavan Namboodiri(Brahmanan), Kalanilayam Gopalakrishnan (Krishnan), RLV Radhakrishnan(Brahmana Pathni), Kalanilayam Gopakumar(Vridha), Kala. Gangadharan, Kala",Edappally Kathakali Aswadaka Sadas,K.Srikumar,archive2007.asp
26-10-07,RAVANOLBHAVAM,SRI POORNATHRAYEESA TEMPLE 6PM,ERNAKULAM,Kerala,India,"SMT RENJINI SURESH,",SPONSORED BY RENJINY SURESH,RADHIKA AJAYAN,archive2007.asp
23-10-07,Nalacharitham 1st day,"Changampuzha Park, Edappally - 6pm",Ernakulam,Kerala,India,"Kotakkal Chandrashekharan, M.P.S. Namboodiri, Kala Shanmukha das,Chenda: Kala Krishna das,Pattu: Palanadu Divakaran",Edappally Kathakali Aswadaka Sadassu,K.Srikumar(Edappally),archive2007.asp
22-10-07,Darukavadham,"Margi, Fort, Thireuvananthapuram",Thiruvananthapuram,Kerala,India,"All artist presently staffs of Margi. Blasubramanian,Haroivatrsan,Inchakkat Ramachandran Pillai, Sukumaran, Peethambaran, Muraleedharan PIllai (Vesham) Krishnankutty, Nandakuamr, Damu, MOhanan (Pattu)",04712478806 www.margitheatre.org,Radhakrishnan. K,archive2007.asp
19-10-07,Kuchela Vrittam,"T.D.M.Hall, Ernakulam - 6pm",Ernakulam,Kerala,India,"Nelliyodu Vasudevan Namboodiri, Kala Balasubramanian, RLV Radhakrishnen, Rtheesan, Pattu: Kala Babu Namboodiri, Kala Harish Kumar, Chenda: Kala Raman Namboodiri, Maddalam : Kala Sasi",Ernakulam Kathakali Club,K.Srikumar (Edappally),archive2007.asp
14-10-07,"Thodayam, Shiva Sthuthi, Small part of Nalacharithm 1st day","Vinayaka Temple, Kalyan Nagar, Banaswadi, Bangalore",Bangalore,Karnataka,India,Probal Guptha,Sri Vinayaka Samskrithika Seva Trust,Shyam (Bangalore),archive2007.asp
14-10-07,BHEESHMA PRATIGNYA,"CHANDRA MANDALA, NO.1 ELLIOT'S BEACH ROAD, BESANT NAGAR, CHENNAI",CHENNAI,TAMIL NADU,India,"SADANAM BALAKRISHNAN, KALA. BALASUBRAMANIAN, KALA. MOHANAKRISHNAN, KALA. HARINARAYANAN, KALA. VINOD, KALA. ANEESH, KALA. MUKUNDAN,","KALASAGAR, KAVALAPPARA - RAJAN PODUVAL 09283109995",KALASAGAR. KAVALAPPARA,archive2007.asp
13-10-07,ARJUNA VISHADA VRUT-THAM,MELPATHUR AUDITORIUM -GURUVAYOOR SRI KRISHNA SWAMY TEMPLE,TRICHUR,Kerala,India,"ARJUNA- SRI KALAMANDALAM GOPI; KRISHNA: SRI KALAMANDALAM BALASUBRAHMANIAN; DUSSALA: SRI KALAMANDALAM RAJASEKHARAN: JAYADRADHAN: SRI KALAMANDALAM KRISHNA KUMAR PATTU: SRI PALANAT DIVAKARAN, SRI KOTTACK",,RAJASEKHAR.P.VAIKOM,archive2007.asp
10-10-07,Narakasuravadham,"Kasrthika Thirunal Theatre, Fort, Thiruvananthapuram",Thiruvananthapuram,Kerala,India,"Kala:Mukundan-Lalitha, Kal:Prasanth-Jayanthan,Indran, Kottackal Kesavan-Narakasuran, Kalanilayam Rajeevan-Kal:Sudheesh:Pattu, Sadanam Vasudevan-Kala: Krishnakumar:Chenda, Margi Ravindran-Margi Baby: M","Drisyavedi, Thiruvananthapuram",Radhakrishnan. k,archive2007.asp
27-09-07,Arjunavishadavrutham,"Karthika Hall, Kollam",Kollam,Kerala,India,"Jayadradhan - Sri. Ksrishnakumar Dussala - Sri. Kala. Rajasekharan Arjunan - Sri. Thonnackal Peethambaran Krishnan - Sri. Kala. Prasanth Pattu - Sri. Pathiyoor Sankarankutty, Sri. Kalanilayam Rajeev M",Kollam Kathakali Club,Anil Koothttukulam,archive2007.asp
13-05-07,"Lalitha Panchali, Geethopadesham","Trikkannapuram Temple Hall, Edappally. - 7 PM",Ernakulam,Kerala,India,"Fact Padmanabhan, Kalanilayam Gopalakrishnan, Swathi Jayadev Varma, Kala. Sankaranarayanan, Srikumar K, Pattu: Kala Balachandran, Kala Harish, Chenda: Kala Murali, Maddalam: Thiruvallamala Venkiti, Ch","Kshatriya Kshema Samithi, Edappally.",Srikumar (Edappally),archive2007.asp
14-04-07,Daksha Yagom,"Chakkumara sseri, Paravur",Ernakulam,Kerala,India,Major Set,Sree Kumara ganesha Mangalam,Aniappan(Parappuram),archive2007.asp
07-04-07,Santhana Gopalam,"Puthiyaddam Temple, 7.30PM",EKM,Kerala,India,"Yuva Kala Kendram, Trippunithura",,Aniappan(Parappuram),archive2007.asp
07-04-07,"Duryodhana Vadham, Kiratham",Karumallur 9.30pm,Ernakulam,Kerala,India,Major Set - Kottakkal Natya Sanghom,Thiruvalur Mahadeva Kshethram,Aniappan(Parappuram),archive2007.asp
31-03-07,"Santhana Gopalam, Naragasura vadham","Puthiyaddam Temple, 8.30PM",Ernakulam,Kerala,India,Major Set,Deshathu Pallipattu Kavu,Aniappan (Parappuram),archive2007.asp
30-03-07,not available,Angamali Vengir Sri Durga Devi Kshetram - 8 pm,Ernakulam,Kerala,India,Not Available,NOT AVAIL,Aniappan (Parappuram),archive2007.asp
04-04-04,"Nalacharitham 3rd day, Bali Vadham",Mahadeva Temple Aluva,Ernakulam,Kerala,India,Kottakkal troup.,,Hari the Midget,archive2007.asp
10-04-01,Kirmmeera Vadham ( Up to Akshaya Pathra Labdhi),THRISSUR,,Kerala,India,Eminent Artists,SRI KALA. PADMANABHAN NAIR SMARAKA TRUST,Sasi Kumar Venat,archive2007.asp
10-04-01,Kirmmeera Vadham ( Up to Akshaya Pathra Labdhi ),THRISSUR,,Kerala,India,,SRI KALA.PADMANABHAN NAIR SMARAKA TRUST,Sasi Kumar Venat,archive2007.asp
01-01-01,,,,Kerala,India,,,,archive2007.asp
01-01-00,Kathakali: Katha,"Sree Ramaswamy Temple, Karimbuzha",,Kerala,India,"KATHAKALI ""Viswamitran"" presented by P.S.V.Natyasangam, Kottakkal.",Jayadevan Nedumgadi: 9847052555,Jayadevan Nedumgadi,archive2007.asp
30-03-08,"Karna Sapadham, Duryodhana Vadham",Desham Palli pattu Kshetram - 10 PM,Ernakulam,Kerala,India,"Kalamandalam Troupe.........Kala. Balasubramanoan, Kala. Krishna Kumar etc",Temple Committee,Srikumar K,archive2008-1q.asp
30-03-08,Bakavadham,"Valakam, before Moovattupuzha",Ernakulam,Kerala,India,"Nelliyodu Vasudevan Namboodiri (Ashari), Chenda - Gopikrishnan Tampuran",Temple,Gopikrishnan,archive2008-1q.asp
29-03-08,"Nalacharitham 2nd Day , DuryodhanaVadham",Mavelikkara Sreekrishnaswamy Temple 9.30 pm,Alappuzha,Kerala,India,"Kottakkl Chandrasekharan,Kala Rejasekharan,Kala Ramachandran Unnithan,Kalanilayam Vijan,Kalamandalam Krishnaprasad Kalanilayam Unnikrishnan Nedumpully RamMohan Kalamandalam Krishnadas Kalabharathy Unn",Temple Commettie,Kala Sreekanth Varma,archive2008-1q.asp
29-03-08,Santhanagopalam,Pandalam Kaipuzha Sri Krishna Swami Kshetram 10 PM to 1 AM,Pathanamthitta,Kerala,India,"FACT Jayadeva Varma, Vijayakrishnan Unnithan, Kala. Krishna Prasad, RLV Rajasekharan, Kalanilayam Vinod, Pattu - Kala. Rajendran, Surendran, Chenda - Kalabharathi Unnikrishnan, Maddalam Kala. Achuta W",Temple Committee,Jayadev Varma,archive2008-1q.asp
29-03-08,"Butterflylovers(sunandaGunapalam), a chineselove story","Taipei city hall, 7.30 pm",taipei,,Taiwan,"Kalamandalam shiju, Kalamandalam Hari,Ranjith Tripunithura,Sadanam Mohan, Kalamandalam Sudheesh, Kalalamandalam Suresh, Sadanam Anil",. www.indianandworldmusic.net,kalamandalam shiju,archive2008-1q.asp
29-03-08,"SANTHANAGOPALAM, LAVANASURAVADHAM","Sri Rama Temple, Ramapuram, Pala",Kottayam,Kerala,India,"Kal Kesavan Nambudiri, Kalanilayam Gopinathan, Kal Vijaya Kumar, Kal Shanmughan,Tripunithura Unnikrishnan, Biju Bhaskar, Kottakkal Parameswaran Nambudiri, Kal Rajendran, Kalnilayam Rajeevan, Kal Raman",Temple Utsava Committe - Cont Renjith 9447161980,RENJITH R,archive2008-1q.asp
28-03-08,Kalyana Saugandhikam,"PUTHIYADAM Sri Krishna Kshetram, viaSri moolanagaram,Alwaye. 7.30 PM to11PM",Ernakulam,Kerala,India,"FACT Jayadev Varma, Kala. Sankaranaratanan, Pattu - Radhakrishnan, Chenda Kala. Murali, Maddalam Thiruvallamala Venkidi.",Temple Committe.,Jayadev Varma,archive2008-1q.asp
28-03-08,Krishnaleela,Sri Rama Temple Ramapuram Pala 7.30 pm,Kottayam,Kerala,India,"Kal Shanmughan, Kal Vijayakumar, Kal Rajeevan, Kal harish, Kal Rajesh Menon,Kal Srikumar, Kalanilayam Manoj etc",Renjith 09447161980,Renjith R,archive2008-1q.asp
27-03-08,"Santhanagopalam, Daksha Yagam",Sri Krishna Swamy Temple Ambalapuzha,Alappuzha,Kerala,India,"Kal Balasubramanian, KAl Sreekumar, Kal Ramachandran Unnitthan, Kal Vijayan, KAl Mukundan, Kal Babu Namboodiri, Kal Hareesh etc",Sandarsan Kathakali Vidyalayam Ambalapuzha,Renjith R,archive2008-1q.asp
27-03-08,"NALACHARITHAM 4 , DURYODHANA VADHAM","Manjummel Sri Krishna Swami Kshetram, Manjummel, Eloor",Ernakulam,Kerala,India,"Kala. Gopi, Madavur Vasudevan Nair, FACT Padmanabhan, Kala. Sreekumar, Nelliyodu Vasudevan Namboodiri, Kala. Rajasekharan, Elamakkara Ranjith, Kala. Vaishakh, FACT Biju, Pattu - Kalanilayam Unnikrishn",Temple Committee,Srikumar K,archive2008-1q.asp
26-03-08,Nalacharitham 3rd Day & Bakavadam,Sri Krishna Swamy Temple Ambalapuzha,Alappuzha,Kerala,India,"KAl Ramachandran Unnitthan, MArgi Vijaya Kumar, Kal Shanmughan, Kal Vijayan, KAl mukudan, Pathiyoor Sankarankutty, Kal Vinod, Kal Krishna Das, Kalanilayam Manoj etc",Sandarsan Kathakali Vidyalayam Ambalapuzha,Renith R,archive2008-1q.asp
24-03-08,Duryodhana vadham,"Sree Karthika thirunal Theatre, Thiruvananthapuram @ 6 PM",Thiruvananthapuram,Kerala,India,"Kala. Sreekumar(Duryodhanan), Margi Murali (Dussasanan), Kala. Rajeevan (Dharma puthrar), Margi Vijaya Kumar (Panchali), Margi Raveendran Pilla (Sakuni), Kala, Neeraj (Kutty Bheeman), Kottackal Ravi K",Drisyavedi,Jawaharji K,archive2008-1q.asp
23-03-08,Santhanagopalam,HMT Auditorium,Bangalore,Karnataka,India,Vellinezhi Kaliyogam,Namamyaham,C.M. Narayanan,archive2008-1q.asp
23-03-08,PRAHLADACHARITHAM,"CANGAMPUZHA PARK ,EDAPPALLY",ERNAKULAM,Kerala,India,"KALA.BALASUBRHMANIAN,KOTTAKAL DEVADAS,BIJUBHASKERetc,kala.gopalakrishnan,sudheesh,kala balaramanctc","kathakaly aswadakasadas,edappilly,9446058020",p d s nampoothiri,archive2008-1q.asp
19-03-08,Duryodhanavadham,"Vengoor Durga Bhagavathy Temple Vengoor, Kalady",Ernakulam,Kerala,India,"Kal Shanmughan, Kal Vijayan, Kal Pradeep etc",Sandarsan Kathakali Vidyalayam Ambalapuzha,Renjith R,archive2008-1q.asp
19-03-08,"PanchapandavaPurappadu, Melappadam, DURYODHANA VADHAM (SAMPOORNAM)","Aluva Manappuram Siva Kshetram, Alwaye 9 PM",Ernakulam,Kerala,India,"Kottakkal Chandrashekhara Warrier, Kot. Vasudevan Kunju Nair, Kot. Haridasan , Kot. Devadasan, Kot. Sudhir, Pattu - Kot. Narayanan, Kot. Madhu, Kot. Suresh Kumar, Chenda - Kot. Prasad Kumar, Kot Shash",Aluva Manapuram Utsav Committee,Srikumar K,archive2008-1q.asp
19-03-08,"Purappad, Mellapadam, Bakavadham(Ashari), Dakshayagam","Sree Rama Temple, Ramapuram Pala 9.30 PM",Kottayam,Kerala,India,"Nelliyodu Vasudevan Nampoothiri(Ashari,Veerabahdran), Kal Prasanth(Dakshan1), Kal Shanmughan(Dakshan2); Kal Vijayakumar(sathi); Kalanilayam Vinod(sivan),FACt Biju Bhaskar, RLV Sunil, RLV Pramod etc. K",Renjith R 9447161980,Renjith R,archive2008-1q.asp
17-03-08,"kalyanasogandhikam,sethasoyamvaram,kiratham","Tirunakara mahadeva Temple,kottyam-10pm",kottayam,Kerala,India,"pratheka kashenethavu-kala:krishna kumar. psv nattyasankham,kottakal vesham-chandrasehkara varyar,vasudevan kundalayar,kesavan kundalayar,haridas,devadas,sudher,muralidharan,rajumohan,a.unnikrishnan,h","kshethra upadesaka samithi,thirunakara","mani,vaikom",archive2008-1q.asp
17-03-08,Santhanagopalam,Chertala Panavalli Temple,Alappuzha,Kerala,India,"Kesavan Namboodiri, Kala. Shanmughan, Pattu - Kala. Rajendran, Kala. Rjeevan, Kalanilayam Babu, Chenda - Gopikrishnan Tampuran",Ulsava Committee,Gopikrishnan,archive2008-1q.asp
16-03-08,"nalacharitham-I,balivijayam","kidangoor subrahmanyaswami temple,kidangoor",kottayam,Kerala,India,"purapadu-r.l.v.jayachandran,nalan-kala:gopi,naradan-kala:prasanth,hamsam-mathoor govindankutty,damayanthi-kala:sanmukhan,sakhi-kala:arun,ravanan-kala:sreekumar,mandodari-kalakendram muraledharan nabot","kidangoor devasom.ph:04822 254478,257978","mani,vaikom",archive2008-1q.asp
16-03-08,Daksha Yagam,Ernakulathappan Hall 6PM,Ernakulam,Kerala,India,"Kalanilayam Gopi (Dakshan), RLV Sasikumar (Sivan), RLV Radhakrishnan (Sati), Elamakkara Ranjith (Veerabhadran), RLV Pramod(Bhadrakali), Trpoonithura Unnkrishnan(Indran), Unnikrishnan, Sujith,Hari, Pat",Ernakulam Kathakali Club,Srikumar K,archive2008-1q.asp
16-03-08,"keli,arangukeli,thodayam,4nokilpurappadu,erattamelappadam,karnasapadham,balivadham","Tirunakara mahadeva Temple,kottyam-10pm",kottayam,Kerala,India,"psv nattyasankham,kottakal vesham-chandrasehkara varyar,vasudevan kundalayar,kesavan kundalayar,haridas,devadas,sudher,muralidharan,rajumohan,a.unnikrishnan,haresvaran,hari kumar,c.m.unnikrishnan,suni","kshethra upadesaka samithi,thirunakara","mani,vaikom",archive2008-1q.asp
16-03-08,Vishnu Maya Charutham,Tripparayaru Avanangattu Kalari,Trichur,Kerala,India,"Kalanilayam Gopi(Punjanallur Bhattadiri)), Kalnilayam Gopinathan(Sivan-Vishnu Maya) , Kalanilayam Gopakumar,Kalanilayam Sundaram(Avanangattu Sahodaranmar),Kalanilayam Anilkumar(Parvathi) Pattu - Kala.",Avanangattu Kalari Kathakali Aswadaka Sangham,Kalanilayam Gopakumar,archive2008-1q.asp
15-03-08,Ayyappa Charitham,Koduthur Palarvattom Ayyappa Temple - 9.30 PM,,Kerala,India,"Kala. Kuttan, Kalanilayam Gopi, Kalanilayam Gopinathan, Kalanilayam MaKala. Rjendran, Kala Narayanan Embranthiri, Kalanilayam Rajeev, Kalanilayam Madhumohan, Kalanilayam Gopakumar, Kalanilayam Anil Ku",Ayyappa Temple Utsava Committee,Kalanilayam Gopakumar,archive2008-1q.asp
15-03-08,"kechakavadham(with mallaudham),nizalkuthu","kidangoor subrahmanyaswami temple,kidangoor",kottayam,Kerala,India,"mallan-ramachandran unnithan,valalan,mandravadi-kala:bhagyanadh,kechakan fact.mohanan,sirendhri-mathoor govindankutty,sudeshna-kala:haresh,durodhanan-kalanilayam rajasekharan,dothan,sreekrishan-r.l.v.","kidangoor devasom.ph:04822 254478,257978","mani,vaikom",archive2008-1q.asp
15-03-08,"purapadu,erattamelappadam,nalacharitham-IV,durodhanavadham","Tirunakara mahadeva Temple,kottyam-10pm",kottayam,Kerala,India,"bahukan-kala:gopi,damayandi-kala:shanmukhan,kesini-kala:suchendran,durodhanan-narippatta,dusasanan1-kala:hari.r.nayar,dusasanan2-unniththan,darmaputhar-kala:gopakumar,bheman-kala:vaisakh,panchali-sada","kshethra upadesaka samithi,thirunakara","mani,vaikom",archive2008-1q.asp
14-03-08,"purappadu,dorodhanavadham","kidangoor subrahmanyaswami temple,kidangoor",kottayam,Kerala,India,"purappadu,kutty bheman,dritharasthrar,mumukshu-theruvachoor subash,durodhanan1-kala:sasendran,bhanumathi,panchali-kudamaloor muralekrishnan,dusasanan1-kala:bhagyanadh,darmaputhrar-r.l.v.jayachandran,s","kidangoor devasom.ph:04822 254478,257978","mani,vaikom",archive2008-1q.asp
09-03-08,Vamana Avatharam,"Thidivalathur Siva Kshetram, Shornur 7PM",Palakkad,Kerala,India,"Kottakkal Nandakumar, Kottakkal Devadas, Pattu - Kottakkal Narayanan, Chenda - Kalamandalam Vijaya Krishnan, Krishna Praveen",Temple Committee,Krishna Praveen,archive2008-1q.asp
09-03-08,Harischandra Charitham,"Kundara Chirakadavu Devi Tempke, Kollam 9PM",Kollam,Kerala,India,"FACT Mohan(Harischandtran0, Kala. Ramachandran Unnithan(Vishwamitran, Chudala Harishchandran), Kalanilayam Gopakumar(Indran), Kala. Anil Kumar(Vasishtan), Mathoor Govindan Kutty (Chandramathi),Arkanno",Temple Committee,Kalanilayam Gopakumar,archive2008-1q.asp
08-03-08,"KARNASAPATHAM, NARAKASURAVADHAM(WITH NINAM)","PUNNAKKAL BAGAVATHY TEMPLE, ELAMAKKARA (COCHIN -26)",ERNAKULAM,Kerala,India,"Kal Gopi, Kal Rajashekaran, Kal Srikumar, Kal Sreekandan Nair, Kalanilayam Gopinath, Kal Vijayakumar, Kal Shanmughan,Elamakkara Renjith, Unnikrishnan Tripunithura, Biju Bhaskar, RLV Pramod, Pattu - Ka",Temple Utsava Committee,RENJITH R,archive2008-1q.asp
08-03-08,Nalacharitham 2,"Thenguvila (Devi Kshetrram), Near Attingal 9PM",Trivandrum,Kerala,India,"Thonnakkal Pithambaran, Margi Vijaya Kumar, FACT Padmanabhan....",Ulsava Committee,Srikumar K,archive2008-1q.asp
07-03-08,Devayani Charitham,Kollam Puthiyakavu (Near Rly. Station) 9PM,Kollam,Kerala,India,"Thonnakkal Pithambaran, FACT Padmanabhan, Kala. Ramachandran.....",Ulsava Committee,Srikumar K,archive2008-1q.asp
06-03-08,Nalacharitham 3,Nedumangadu Siva Kshetram 9PM,Trivandrum,Kerala,India,"Thonnakkal Pithambaran, FACT Padmanabhan,...",Ulsava Committee,Srikumar K,archive2008-1q.asp
06-03-08,Vishnu maya charitham,"Avanankattu Kalari, Tripparayar",Trichur,Kerala,India,"Kalanilayam Gopi, Kalanilayam Gopinath,....",AAvanankattu Kalari,kalanilayam gopakumar,archive2008-1q.asp
05-03-08,"Poothana Moksham, Dakshayagam, Kiratam","Padanayar Kulangara Mahadev temple, Karunagapalli 9PM",Kollam,Kerala,India,"Kala Ramachandran Unnithan, Kala Sreekumar, Kudamaloor Muralidharan Namboodiri, RLV Radhakrishnan, Kalanilayam Vijayan, Kalanilayam Mahee, Pattu - Kala. Balachandran, Kala. Vinod, Nedumpalli Raman, Ch",Kathakali Aswadaka Sangam Utsav Committee,Kalanilayam Gopakumar,archive2008-1q.asp
05-03-08,"Subhadraharanam, Daksha Yagam","Mahadeva Kshetram , Pandalam 9PM",Patthanamthitta,Kerala,India,"Kalanilayam Gopi(Arjunan), Kalanilayam Gopinathan (Balabadran), Kalinilaayam Gopakumar, Kalanilaym Vinod, Kalanilayam Manoj, Kalanilayam Sundaran, Kalanilayam Manu, Pattu - Kala. Rajendran, Kala. Nara",Pandalam Shivarathri Utsvava Committee,Kalanilayam Gopakumar,archive2008-1q.asp
05-03-08,"KALYANA SOUGANDIKAM , DAKSHA YAGOM",SREE THALATHOTTA MAHADEVAR TEMPLE HARIPAD ALAPPUZHA,ALAPPUZHA,Kerala,India,"RLV RADHAKRISHNAN, RLV MOHANAN, THALAVADI ARAVINDAN KALA SUKU KAL BALALKRISHNAN etc",DEVASWAM,RAJEEV,archive2008-1q.asp
05-03-08,Karna Sapadham,"Kuruyupuzha Mahadeva Temple, Kavanadu",Kollam,Kerala,India,"Thonnakkal Pithambaran(Karnan), Inchakkadu Ramachandran Pillai(Duryodhanan), Kalanilayam Gopakumar(Bhanumati), Pattu - Margi Damu, Margi Mohan, Chenda Kala. Krishnadas, maddalam -",Shivarathri Utsav Committee,kalanilayam Gopakumar,archive2008-1q.asp
05-03-08,"Kuchela Vrittam, Kiratham","CHOMATRA MAHADEVA KSHETRAM, THIRUVALLA",Pattanamthitta,Kerala,India,"Kalanilayam Vasudeva Panikker, FACT Jayadeva Varma, Kalabharathi Harikumar, Thriuvalla Radhakrishnan, Thiruvalla Hari, Pattu - Kala. Sukumaran",Srivallabhavilasam Kaliyogam,FACT Jayadeva Varma,archive2008-1q.asp
29-02-08,"Ravana Vijayam, Nizhal Kuttu","Agasthaya Koodam Dharma Sastha Kshetram, Anjal",Kollam,Kerala,India,"Injakkadu Rmachandran Pilla, Margi Murali, Margi Sukumar,Attingal Pitambaran, CVhenda - Kala. KrishanaDas",Temple,kalanilayam gopakumar,archive2008-1q.asp
25-02-08,Darika Vadham,"Agasthya kooda Dharma Sastha Kshetram, Anjal",Kollam,Kerala,India,"Inchakkadu Ramachandra Pilla, Margi Murali, Margi Vijayakumar, Margi Harivalsan, Pattu - Margi Damu, Chenda - Kala. Krishnadas, Margi Somadas",Temple,kalanilayam gopakumar,archive2008-1q.asp
24-02-08,"Nalacharitham 1st Day, Keechakavadham","Punnackkal Bhagavathy Temple, Elamakkara Ernakulam 9.30 PM",Ernakulam,Kerala,India,"Kal Balasubramanian(Nalan); FACT Padmanabhan(Hamsam);Kal Vijayakumar(damayanthi); FACT Biju, Kal Sucheendran(Sakhimar); Kal Sreekumar(Keechakan); Kal Shanmukan(Syrandhri) etc. PAthiyoor Sankarankuitty","Sansarsan, Ambalapuzha 9447161980",Renjith R Ernakulam,archive2008-1q.asp
24-02-08,"NALACHARITHAM 4, ...Soon","Unnayi Warrier Smaraka Kendram, Irinjalakuda 11 PM",Trichur,Kerala,India,"Kala. Gopi, Kottakkal Sivaraman, Priyanampetta Divakaran,.........Pattu - Kottakkal Madhu..........","Kathakali Aswadaka Sangham, Irinjalakuda -Varshika",Kalanilayam Gopakumar,archive2008-1q.asp
23-02-08,Kiratham,"Sree karthika Thirunal Theatre, 6PM",Thiruvananthapuram,Kerala,India,"Eenchakkattu Ramachandran Pilla(Kattalan), Margi BalaSubrahmanyan(Arjunan), Margi Harivalsan(Kattala sthree), Margi Suresh(Sivan), Margi Sukumaran(Parvathy), Kala.Krishnan Kutty&FACT Damu (Pattu), Kal",Drisyavedi,Jawaharji K,archive2008-1q.asp
23-02-08,"Rukmangada Charitham, Nizhal Kuttu","Thalavur Sri Dharma Sastha Kshetram, Kottarakara",Kollam,Kerala,India,"Nelliyodu Vasudevan namboodiri, Kala. Ramachandran Unnithaan, Kala. Sreekumar, Arkanoor Prabha, Kalanilayam Gopakumar, Kala. Biju Kumar, Pattu - Pathiyoor Sankaran Kutty, Kala. Balachandran, Margi Dam",Thalavur Kathakali Aswadaka Sangham,Kalanilayam Gopakumar,archive2008-1q.asp
23-02-08,"Nalacharitham 2 divasam, Keechakavadham","Paramekkavu devaswam agrasala hall, Trichur",trichur,Kerala,India,"Kalamandalam Gopi,Kalamandalam Rajashekharan,Kalamandalam Balasubrahmanyan,Sadanam Krishnankutty,Kavungal Divakarappanikkar,Kalamandalam Soman,... Kalanilayam Unnikrishnan, Sadanam Shyamalan Kalamanda","Kathakali club, Trichur",Sunil,archive2008-1q.asp
21-02-08,"Nalacharitham 4, Baka Vadhom",Malayalapuzha Devi Kshetram near - 10 PM,Pattamnamthitta,Kerala,India,"Kal Krishna Kumar, Kal Balakrishnan, FACT Padmanabhan, FACT Jayadeva Varma etc.",Devaswom,Jayadev Varma,archive2008-1q.asp
21-02-08,SHRIRAMA PATTABHISHEKAM,Koodalmanikaym Kshetram Irinjalakuda 8 PM,Trichur,Kerala,India,"Sadanam Krishnan Kutty(Sri Raman), Kalanilayam Gopalakrishnan(Bharathan), Kavungal Divakara Panikkar, Sadanam Bhasi, Pattu - Kalanilayam Unnikrishnan, Kala. Rjendran, Chenda - Sadanam Mohanakrishnan, ",Sadanam Krishnankutty Golden Jubili Aghosha Commit,Kalanilayam Gopakumar,archive2008-1q.asp
20-02-08,"Kichaka Vadham, Kirtham",MALAYALAPUZHA Devi Kshetram - 10 PM,Pattanamthitta,Kerala,India,"FACT Padmanabhan, FACT Jayadev Varma, FACT Mohanan etc.",Malayalapuzha Devaswom Devaswom,Jayadev Varma,archive2008-1q.asp
19-02-08,Tyagaraja's NAUKA CHARITHAM-Aattakatha by Kal. Kesavan Part,DD4 Malayalam Channel - 6 pm,Kozhikode,Kerala,India,FACT Jayadevan-as Krishna Kalanilayam Gopala Krishnan- Gopika # 1 Kalamandalam Sajan- Gopika # 2 Kalakendram Pradeepan- Gopika # 3 Kalakendram Muralidharan Nambootiri- Gopika # 4 Original Musical Scor,0495-2330364,Hari Kumar Chelli,archive2008-1q.asp
18-02-08,"SANTHANAGOPALAM, THORANAYUDHAM, SRI RAMA PATTABHISHEKAM","Melpathur Auditorium, Guruvayoor 9.30 PM",Trichur,Kerala,India,"Kala. Gopi(Brahmanan), Kala. Krishna Kumar(Arjunan),..........",Guruvayur Kshetrotsavam,Srikumar K,archive2008-1q.asp
16-02-08,Rukmini Swayamvaram,"Kalikotta Palace, Tripunithura 5PM",Ernakulam,Kerala,India,"FACT Padmanabhan(Sundara Brahmanan), RLV Rangan(Krishnan), Sadanam Sadanandan(Rukmini), Pattu - Kala. Sajeevan, etc.",Tripunithura Kathakali Club,FACT Padmanabhan,archive2008-1q.asp
16-02-08,"NALACHARITHAM 1, BALI VIJAYAM, KIRATAM","ErnakulathappanHall, CholliyattaMatsaram 4 PM, Samman 6.30 PM ,Kali 8PM",Ernakulam,Kerala,India,"PrizeDistri. by KALA. V.C. Shri K.G.PAULOSE(with Talk- Koodiyattam & Kathakali) AMBALAPUZHA RAMAVARMA (with Talk-Kathakali Sahityam), Kala. Gopi(Nalan), Margi Vijaya Kumar(Damayanthi), Naripatta Naray",Ernakulam Kathakali Club ERNAKULAM,Srikumar K,archive2008-1q.asp
15-02-08,"Purappadu, Melappadam, RUKMINI SWAYAMVARAM","Ernakulathappan Hall, Ernakulam 6.30 PM",Ernakulam,Kerala,India,"Prima Warrier, Nakul(Purappadu), Kottakkal Sivaraman(Brahmanan), Kala. Balasubramanian(Krishnan), RLV Radhakrishnan(Rukmini), Pattu - Kalanilayam Unnikrishnan, Kalanilayam Rajendran,Kala Rajesh Babu, ",Ernakulam Kathakali Club,Srikumar K,archive2008-1q.asp
14-02-08,"Santhanagopalam, Srirama Pattabhishekam","Thiruvalla Temple Utsavam, 10PM",Pattanamthitta,Kerala,India,"Madavur Vasudevan Nair, Kala. Balasubramanian, Thalavadi Aravindan, FACT Padmanabhan etc.",Utsava Committee,FACT Padmanabhan,archive2008-1q.asp
13-02-08,VISHNU MAYA CHARITHAM,"Avanangattu Kalari, Tripparayaru",Trichur,Kerala,India,"Kalanilayam Gopinath(sivan), Kalanilayam Gopi(Punjanallur Bhattathiri, Kalanilayam Gopakumar(Parvathi), Kalanilayam Manu Prasad, Kalanilayam Sundaram(Sahodaranmar), Pattu - Kala. Narayanan Emranthiri,",Avanangattu Kalari Kathakali Aswadaka Samithi,Kalanilayam Gopakumar,archive2008-1q.asp
12-02-08,"Purappadu, Double Melappadam, NALACHARITHAM 4, DAKSHA YAGAM","Ettumanur Mahadeva Kshetram, Ettumanoor 9PM",Kottayam,Kerala,India,"Kala. Gopi(Bahukan), Mathur Govindan Kutty(Damayanthi), Murali(Keshini), Kala.Balasubramanin(Dakshan 1), Ettumanur Kannan(Dakshan 2), Kottakkal Appu Namboodiri(Shivan), Kala. Ramachandran Unnithan(Vee",Temple Utsav Committee,Ettumanur Valavakottu Murali,archive2008-1q.asp
12-02-08,Kathakali Performance,"India Habitat Centre , Lodhi Road, New Delhi, 110003, 7 pm to 8.30 pm",Delhi,Delhi,India,Probal Gupta - Solo performance,"India Habitat Centre, New Delhi",Probal Gupta (Bangalore),archive2008-1q.asp
11-02-08,"Purappadu, NALACHARITHAM 2, THORANA YUDHAM","Ettumanur Mahadeva Kshetram, Ettumanur 9PM",Kottayam,Kerala,India,"Presenting KALA.HYDER ALI SMARAKA SAMMAN TO Pathiyur SankaranKutty By Thiruvizha Jayasankar in presence of Kala Gopi; Kala. Gopi(Kattalan), Sadanam Krishnan Kutty(Nalan), Kala.Rajasekharan(Damayanthi)",Temple Utsav Commitee 954812535599,Ettumanur Valavakottu Murali,archive2008-1q.asp
10-02-08,"Purappadu, RUKMANGADA CHARITHAM, DURYODHANA VADHAM",Ettumanur Mahadeva Kshetram 9PM,Kottayam,Kerala,India,"Kala. Gopi(Rukmangadan), Margi Vijayakumar(Mohini), FACT Mohanan(Duryodhanan), Kala. Hari R Nair(Dussasanan), Kala. Bhagyanathan(Roudra Bhiman), Kalakendram Muralidharan(Panchali), Pattu - Kalanilayam",Temple Committee,Ettumanur Valavakottu Murali,archive2008-1q.asp
08-02-08,"Rugmangatha Charitham,Seethaswayamvaram,Nizhal Kuthu","Chandramana Illam, Punnayam, Cherukunnam, Perumbavur - Full Night",Ernakulam,Kerala,India,"Kottackal Chandrashekhara Warrier,Kalamandalam Ramakrishnan,Kalamandalam Nambeesankutty,RLV Sankaran Namboothiri,Margi Vijayakumar,FACT Mohanan,Kalamandalam Krishaprasad, Arkanoor Gopalakrishanan,Kala","Unniyappan, Chandramana, Prumbavoor",Narayanan Namboodiri,archive2008-1q.asp
04-02-08,"Santhana Gopalam,Balivijayam & Kiratham",On 4th February Kadhakali at Alapuram Temple,Ernakulam,Kerala,India,Major Set On 4th February Kadhakali at Alapuram Temple 9.00 pm Kadhakali (Major Set) Story Santhanagopalam Balivijayam Kiratham,utsavakkali,P.Rajasekhar Vaikom,archive2008-1q.asp
03-02-08,"Nalacharitham 2, Uttaraswayamvaram",Anayadi Narasimha swami Kshetram Kollam 9PM,Kollam,Kerala,India,"Kala. Gopi(Nalan), Madavur Vasudevan Nair(Duryodhanan), Kala Krishna kumar,Pariyanam patta Divakaran, Kalanilayam Gopakumar, Pattu - Pattiyur Sankaran kutty, Kala. Babyu Namboodeiri, Chenda - Mangulam",Temple Committee,Klanilayam Gopakumar,archive2008-1q.asp
02-02-08,"Purappadu, Melappadam,,NALACHARITHAM 2, PRAHALADA CHARITHAM","JYOTHIS ACADEMY, KAZHAKOOTAM, TRIVANDRUM - 8PM",Trivandrum,Kerala,India,"Kottakkal Chandrasekharan, Ramachandran Unnithan, Margi Vijayakumar, Kala. Balasubramaninam, Kala. Krishnakumar etc. Pattu- Pathiyoor Sankarankutty, Kottakkal Madhu, Kalanilayam Rajendran, Chenda - Ka","Varshikam of Kaliyarangu, Kazhakoottam",Madhu kumar V,archive2008-1q.asp
02-02-08,Vishnu Maya Charitham,Vishnu Maya Charitham,Trichur,Kerala,India,"Kalanilayam Gopi(Punjanallur Bhattadiri)), Kalnilayam Gopinathan(Sivan-Vishnu Maya) , Kalanilayam Gopakumar,Kalanilayam Sundaram(Avanangattu Sahodaranmar),Kalanilayam Anilkumar(Parvathi) Pattu - Kala.",Avanangattu Kalari Kathakali Aswadaka Sangham,Kalanilayam Gopakumar,archive2008-1q.asp
31-01-08,"RUKMANGADCHARITHAM, DAKSHAYAGAM","KURYPUZHA DHARMA SHASTHA KSHETRAM, KOLLAM - 8.30 PM",Kollam,Kerala,India,"Sadanam Krishnan Kutty (Rukmangadan), Kala. Rajashekhar(Mohini), Kalanilayam Gopakumar(Dharmangadan) Arun Kumar(Vishnu), kalanilayam Gopi(Dakshan), Kala. Ramachandran Unnithan(Veerabhadran) Pattu - Pa","Kurypuzha Temple utsav Committee, Kollam",kalanilayam gopakumar,archive2008-1q.asp
30-01-08,"Rukmini Swayamvaram, Santhanagopalam, Daksha Yagam","Thiruvalla SriVallabha Kshetram, Thiruvalla 9PM",Pathanamthitta,Kerala,India,"R.V.Shashikumar(Sundara Brahmin), Advocate Ranjini(Krishna), Ramesh Thamburan(Sandanagopalam Brahmin), Geetha(Arjunan), Parvathi Menon(Dakshan), Pattu - Kumari Varma, Shailaja Varma, Chenda - Kala. Ra",Not Available,Gopikrishnan,archive2008-1q.asp
29-01-08,Vishnu Maya Charitham,"Avanangattu Kalatri , TRippayaru",Trissur,Kerala,India,"Kalanilayam Gopi(Punjanallur Bhattadiri)), Kalnilayam Gopinathan(Sivan-Vishnu Maya) , Kalanilayam Gopakumar,Kalanilayam Sundaram(Avanangattu Sahodaranmar),Kalanilayam Anilkumar(Parvathi) Pattu - Kala.",Avanangattu Kalari Kathakali Aswadaka Sangham,Kalanilayam Gopakumar,archive2008-1q.asp
27-01-08,"KUCHELA VRITTAM, DURTODHANA VADHAM",Thiruvalla Shri Vallabha Kshetram 10 PM,Pattanamthitta,Kerala,India,"MPS Namboodiri(Kuchelan), Kala.Kesavan Namboodiri(Krishnan), FACT Jayadeva Varma(Duryodhanan), Kavungal Divakara Panikkar(Dussasanan), Kalanilayam Manmadhan(Krishnan), RLV Rajasekharan(Roudra Bheeman)",Keralan Namboodiri & Shridevi Antharjanam,FACT Jayadeva Varma,archive2008-1q.asp
26-01-08,"Kuchela Vrittam, Santhanagopalam","Shri Vallabha Kshetrm, Thirvalla 10PM",Pattanamthitta,Kerala,India,"(Purappadu - Krishna, Jishnu, Veena Narayanan), MPS Namboodiri(Brahmanan) ,Nelliyodu Vasudevan Namboodiri(Kuchelan), FACT Jayadeva Varma(Krishnan), Pattu - Kala. Surendran, Jishnu Namboodiripad, Naray",Shri Keralan Namboodiri & Sridevi Antharjanam,FACT Jayadeva Varma,archive2008-1q.asp
26-01-08,To be decided,"Kalamandalm, Vallthol Nagar, Cheruthuruthi - FULL NIGHT",Trichur,Kerala,India,STAFF along with the BEST STUDENTS of Kalamandalam,Kalamandalam,Srikumar K,archive2008-1q.asp
26-01-08,KALYANA SAUGANDHIKAM,"Unnayi Warrier Smaraka Kalanilayam, Irinjalakuda 6.30 PM",Trichur,Kerala,India,"Sadanam Krishnan Kutty(Hanuman), Kalanilayam Gopinathan(Bhiman), Kalanilayam Anil Kumar(Panchali), Pattu - Kala. Rjendran, Kala. Narayanan Embranthiri, Chenda Kalanilayam Kunjunni, Kala. Shivadas, Mad",Tourism Department,Kalanilayam Gopakumar,archive2008-1q.asp
26-01-08,LAVANASURA VADHAM,"Ernakulathappan Hall, Enrnakulam - 6 PM",Ernakulam,Kerala,India,"Sadanam Krshnan Kutty(Hanuman), Mathur Govindan Kutty(Sita), Thripunithura Unnikrishnan(Kushan), FACT Biju Baskar(Lavan), Sadam Mohanan(Shatrughnan), Pattu - Palanad Divakaran, Kala. Rajesh Menon, Che","Ernakulam Kathakali Club & Shivakshet,ram",Srikumar K,archive2008-1q.asp
25-01-08,BALIVADHAM (SUGREEVA SAKHYAM ONWARDS),"CHANGAMPUZHA PARK ,EDAPPALLY 6PM",ERNAKULAM,Kerala,India,"NELLIYODU VASUDEVAN NAMPOOTHIRI(Bali),KOTTAKKAL DEVADAS(Sugreevan),Kala. RAJEEVAN(Sreeraman), RLV SUNIL(Lakshnmanan), Kala. PRAMOD(Angadan), Biju Bhaskar(Thara),Pattu - KALA.BABUNAMPOOTHIRI,KALA.HAREE","KATHAKALI ASWADAKASADAS ,EDAPPALLY,9446058020",PDS NAMPOOTHIRI,archive2008-1q.asp
25-01-08,Nalacharitham 1,"Kanakakunnu Kottaram, Trivandrum 7PM",Trivandrum,Kerala,India,"Kala. Gopi(Nalan), FACT Padmanabhan (Hamsam), Kala Shanmughan(Damayanthi), Kala. Kesavan Namboodiri(Naradan), Pattu - Pattiyoor Sankaran Kutty, Kala Hareesh, Chenda - Kala. Kunjunni, Maddalam - Kala. ",Kerala Govt sponsored Utsavam,Srikumar K,archive2008-1q.asp
24-01-08,KEECHAKAVADHAM,"CHANGAMPUZHA PARK ,EDAPPALLY 6 PM",ERNAKULAM,Kerala,India,"KOTTAKKAL CHANDRASEKHARAN(Keechakan),KALA.RAJASEKHARAN(Sairandhri), Sadanam VIJAYAN(Sudeshna), Kala. SREEKANDAN NAIR(Valalan), Pattu - Kalanilayam Unnikrishnan, Kalanilayam Rajeev, Chenda - Kala. Kris","KATHAKALI ASWADAKASADAS ,EDAPPALLY,9446058020",PDS NAMPOOTHIRI,archive2008-1q.asp
24-01-08,kuchelavritham,"Udayanapuram Sre Subrhmanyaswmi Tempil,Vaikom-6:30pm",Kottayam,Kerala,India,"Kuchelan-sudevan nabuthiri,Krishnan-Kottakal Sudher,Pattu-Kottakal Narayanan & Kla:Haresh Mnayathat.Kliyogam-Kerala Kathakali Sankam,Fot Kochi.","Vazipadu by UmeshKumar&Saji,palakadu.","Mani,Vaikom",archive2008-1q.asp
24-01-08,Lavanasura vadham,Kudalmanikyam Kshetram,Trichur,Kerala,India,"Kalanilayam Gopi(Hanuman), Kalanilayam Gopinathan(Lavan, Kalanilayam Anil Kumar (Kushan), Pattu - Kala. Rajendran, Kala. Narayanan Embranthiri, Chenda - Kalanilayam Kunjunni, Kala. Shivadas, Maddalam ",Kshetram,Kalanilayam Gopakumar,archive2008-1q.asp
23-01-08,santhanagopalam,alappi.....7.00pm,alappi,Kerala,India,somebody from alappuzha......contact to 9846781826,9846781826,KALAMANDALAM SREEJITH P KUMAR,archive2008-1q.asp
23-01-08,UTHARASWAYAMVARAM-PART 2,"CHANGAMPUZHA PARK ,EDAPPALLY 6PM",ERNAKULAM,Kerala,India,"KALA.GOPI(Brihannala),KALA.SHANMUKHADAS(Uttaran),KALA.VIJAYAN(Sairandhri),Tripunithura RATHEESH,RANJITH(Pathnimar), Pattu - Kotthakkal Narayanan, Vengeri Narayanan), Chenda - Kala. Unnikrishnan, Madda","KATHAKALI ASWADAKASADAS ,EDAPPALLY,9446058020",PDS NAMPOOTHIRI,archive2008-1q.asp
23-01-08,"Nalacharitham 1, coming soon",Kottarakara Vendathu Devi Kshetram 9 PM (full night),,Kerala,India,"Sadanam Krishnan Kutty, FACT Padmanabhan, Margi Vijayakumar, coming soon",Utsava Committee,Srikumar,archive2008-1q.asp
22-01-08,"RUGMANGADA CHARITHAM, KIRMEERAVADHAM(KARI ONWARDS TILL THE END)","NATAKASALA, AMBALAPUZHA SREEKRISHNA SWAMI TEMPLE",ALAPPUZHA,Kerala,India,"Kal Gopi, Kal Shanmughan, Kal Vijayakumar, Pathiyoor Sankaran Kutty etc(full details to be updated shortly)","Sandarsan Kathakali Vidyalayam, Ambalapuzha",RENJITH R,archive2008-1q.asp
21-01-08,SANTHANAGOPALAM,"Parasala Siva Kshethram, Parasala - 7 PM",Trivandrum,Kerala,India,"Sankar Shashija, Madhav Shashija (Purappad - Shishyas of Kalanilayam Gopakumar),Kalanilayam Gopi (Brahamanan), Kalanilayam Gopinath(Arjunan), Kalanilayam Gopakumar(Krishnan), Patt- Kala.Narayanan Emub",Advocate Sashidharan Nair,Kalanilayam Gopakumar,archive2008-1q.asp
21-01-08,Rukmangada Charitham,"Kanakakunnu Kottaram, Trivandrum",Trivandrum,Kerala,India,"Kala. Gopi (Rukmangadan), Margi Vijayakumar(Mohini), FACT Jayadev Varma ,....",Kerala Govt. Sponsored Utsav,Srikumar K,archive2008-1q.asp
20-01-08,"Sree Rama Pattabhishekam, Prahaladha Charitham","Panangadu Nelpinny Temple, 7.30 pm",Ernakulam,Kerala,India,"Kalanilayam Gopi, Kalanilayam Gopinadhan, Kalanilayam Madhumohanan,Kalanilayam Anil Kumar, Kalanilayam GopaKumar .Chenda: Klanilayam Kunjuunni,Kalamadalam Shivadasan. Madhalam : Kalamandalam Haridas. ",Kathakali Aswathaka Sangam Panaghadu,Kalanilyam Gopa Kumar,archive2008-1q.asp
20-01-08,Kathakali Performance,"Smriti Nandan(Mount Carmel College Road), 6.30 pm to 8.00 pm",Bangalore,Karnataka,India,Probal Gupta - solo,,Prabal Gupta (Bangalore),archive2008-1q.asp
19-01-08,Nalacharitham 1,"Chembai College, Palakkad 6.30 PM",Palakkad,Kerala,India,"Kala Krishna Kumar(Nalan), Narippatta Narayanan Namboodiri(Hamsam), *(Damayanti) Pattu - Kala. Jayaprakash, Chenda - Kala. Vijaya Krishnan, Maddalam - *(Please inform through MAKE CORRECTION)",Palakkad Kathakali Trust,Srikumar K,archive2008-1q.asp
18-01-08,Nizhal Kuthu,"Pudiyamana(Perunthachan ) Kshetram, via Alwaye",Ernakulam,Kerala,India,"FACT Padmanabhan, Kala. Srikumar, RLV Radhakrishnan, Elamakkara Ranjith, Pattu - Kala. Rajeev, Chenda Kala Muralidharan Namboodiri, coming soon",Utsava Committee,Srikumar K,archive2008-1q.asp
17-01-08,Nalacharitham 1,"Kora kanni Kshetram , Varkala 10 PM",Trivandrum,Kerala,India,"Sadanam Krishnankutty(Nalan), FACT Padmanabhan(Hamsam),Kala. Shanmughan(Damayanthi), Pattu - Pathiyoor Sankaran Kutty",Kshetram Utsava Committee,Fact Padmanabhan,archive2008-1q.asp
15-01-08,kathakali performance,"Mammallapuram dance festival 2008, Mahabaleshwaram, 7:15pm to 8pm",North Arcot,Tamil Nadu,India,Prabal Gupta,Mammallapuram dance festival,Prabal Gupta (Bangalore),archive2008-1q.asp
15-01-08,Bali Vadham,"Shasta Kshetram Eroor, Tripunithura 6.30 PM - 10 PM",Erankulam,Kerala,India,"Kala. Sankaranarayanan(Sriraman), Kottakkal Devadas (Bali), Elamakkara Ranjith(Sugreevan), Pattu - Kottakkal P.D.Namboodiri, Kala. Rajesh Babu, Chenda - Gopikrishnan Thamburan, Kala. Srikumar, Maddala",Eroor shstha Kshetram,Kala. Sankaranarayanan,archive2008-1q.asp
13-01-08,Nalacharitham-2nd Day,"6.00 p.m. Bright Highschool & Jr. College, Village Road, Bhandup (W), Mumbai-78",,Mumbai (Malharashtra),India,"Participating (all three days) VESHAM: Kala. Balasubramanian, Kala. C. Gopalakrishnan, Kalanilayam Madhumohan, Kala. Manoj, Kala. Shivadas, Kala. Suchindran. VOCAL: Kala. Balachandran, Kala. Gireesan,","SOPANAM, Mumbai (Shri E.S.M.Menon 9867168648)","VAIDYANATHAN, Chennai",archive2008-1q.asp
13-01-08,Daksha Yagam,"Tamarakulangara Ayappa Kshetram, Tripunithura 7PM",Ernakulam,Kerala,India,"Geetha Ramesh, Adv. Ranjini Suresh, Navaneeth Gopan, Subhadra Varma, Karthika S, Pattu - Kala. Goppalakrishnan, Rajesh Babu, Chenda - Rajeev Varma, Gpikrishnan Thampuran, Maddalam - Kala. Haridas, Kal",Temple Committee,Srikumar K,archive2008-1q.asp
13-01-08,KRISHNALEELA,"Chowara Sree Krishna Swamy Temple, Kalady at 7.00 pm",Ernakulam,Kerala,India,"Kal Shanmughan, Kal Vijaya Kumar, Kalamandalam Mukundan, Kal Hareesh, Kal RAjesh Menon, Kal Sreekanth Varma, Kalanilayam Manoj, Kalamandalam Sukumaran","Sandarasan Kathakali Vidyalayam , 09447161980",RENJITH R,archive2008-1q.asp
13-01-08,prahladachritham,parampeseri 8.30 PM,Trishur,Kerala,India,"kala gopalakrisnan [hiranakasipu],kala gopi (narasigam), kala rengette, kalani gopakumar[prahladan], chenda - kala sivadas, madalam- kalam haridas, pattu - kalam narayanan emprantiri,kala rajivan","katakali asvataka sagam, parampeseri",kalanilayam gopakumar,archive2008-1q.asp
12-01-08,Karna Sapatham,"Sankara Auditorium, Kadugallur, Alwaye",Ernakulam,Kerala,India,"Kala.Gopi(karna), Kottakal Chandrasekaran(Duryodhana), Kottkal Sivaraman(Kunti), Margi Vijayan(Bhanumati), Pattu-- Kalanilayam Unnikrsnan, Chenda-- Kala. Unnikrishnan, Maddalam -- Sankara Warrier",Kadungallur NSS 50 Anniversary,kalanilayam gopakumar...,archive2008-1q.asp
12-01-08,Nizhalkuthu,"6.00 p.m. Bright Highschool & Jr. College, Village Road, Bhandup (W), Mumbai-78",,Mumbai (Malharashtra),India,"Participating (all three days) VESHAM: Kala. Balasubramanian, Kala. C. Gopalakrishnan, Kalanilayam Madhumohan, Kala. Manoj, Kala. Shivadas, Kala. Suchindran. VOCAL: Kala. Balachandran, Kala. Gireesan,","SOPANAM, Mumbai (Shri E.S.M.Menon 9867168648)","VAIDYANATHAN, Chennai",archive2008-1q.asp
11-01-08,(1) Kuchelavritham and (2) Keechaka Vadham,"7.00 p.m. Bright Highschool & Jr. College, Village Road, Bhandup (W), Mumbai-78",,Mumbai (Malharashtra),India,"Participating (all three days) VESHAM: Kala. Balasubramanian, Kala. C. Gopalakrishnan, Kalanilayam Madhumohan, Kala. Manoj, Kala. Shivadas, Kala. Suchindran. VOCAL: Kala. Balachandran, Kala. Gireesan,","SOPANAM, Mumbai (Shri E.S.M.Menon 9867168648)","VAIDYANATHAN, Chennai",archive2008-1q.asp
10-01-08,,"Avanangattu Kalari, THRIPPARAYAR 7PM",Trichur,Kerala,India,,Avanangattu Kathakali Aswadaka Sangham,Kalanilayam Gopakumar,archive2008-1q.asp
09-01-08,"Kuchela Vrittam, Ambareesha Charitham","Ayyappan Kavu, Pachalam, Chittor(Thekkan) 10PM",Ernakulam,Kerala,India,"Thonnakkal Peethambaran, FACT Padmanabhan, Kala. Damodara Pisharodi, Pattu - Pathiyoor Sankaran Kutty, Kala. Babu Namboodiri, Kalanilayam Rajeevan",Ayyappan Kavu Utsava Committee,Srikumar K,archive2008-1q.asp
08-01-08,Rugmangadacharitham,"Music Academi Auditorium, Adayar, Chennai",Chennai,Tamil Nadu,India,"Sri.Kalamandalam Gopi, Margi Vijayakumar and Kalamandalam Kathakali troup artists.","Music academi, Chennai",C.Ambujakshan Nair,archive2008-1q.asp
07-01-08,Vishnu Maya Charitham,"Avanangattu Kalari, THRIPPARAYAR 7PM",Trichur,Kerala,India,"Kalanilayam Gopinathan(Shivan), Kalanilayam Gopakumar(Parvathi), Kalanilayam Sundaran(Subramanian), Kalanilayam Anilkumar(Ganapathi), Pattu - Kala Rajendran, Kala Narayanan Embranthiri, Chenda- Kalani",Avanangattu Kathakali Aswadaka Sangham,Kalanilayam Gopakumar,archive2008-1q.asp
06-01-08,Santhanagopalam,Trichur Kathakali Club - 6.30,Trchur,Kerala,India,"Sadanam Krishnan Kutty(Arjunan, Naripatta (Brahman), Pattu - Kalanilayam Unnikrishnan, soon",Trichur Kathakali Club,srivalsan,archive2008-1q.asp
06-01-08,Lavanasuravadham,"Kali Kota, Tripunithura Kathakali Club, Tripunithura . 5 PM (Cholliyattam 10AM)",Ernakulam,Kerala,India,"Sadanam Bhasi(Hanuman), Sadanam Vijayan(Sita), RLV. Pramod(Shatrughnan), Archa & Subhadra Varma(Lava & Kusha), Pattu - Kalanilayam Rajeev, Kala. Vasudevan, Chenda - Kala. Vijaya Krishnan, Maddalam - K",Tripunithura Kathakali Club,Srikumar K,archive2008-1q.asp
06-01-08,"RUKMANGADA CHARITHAM, NIZHAL KUTHU","AmmachiveeduMurthy Kshetram, Kollam",Kollam,Kerala,India,"KOTTAKKAL CHANDRASHEKARAN, Kala. Ramachandran Unnithan, Margi Vijayakumar, Kala. Rajeev, Kalanilayam Gopakumar, Pattu - Pattiyur Sankaran Kutty, Kala. Balachandran, Chenda - Kala Krishna das, Kala. Un",Kshetra Upadesaka Committee,kalanilayam gopakumar,archive2008-1q.asp
05-01-08,"Lalitha Panchali (Kirmeera Vadham), Keechaka Vadham",Kalmandalam Performing Art and Research Centre 6.30 pm,Calcutta,Kerala,India,"LALITHA PANCHALI:-Probal Gupta(Lalitha), Jhuma Chakraborty(Panchali). KEECHAKA VADHAM:- Kalamandalam Vasunni(Keechakan),Kalanilayam Mukundan(Valalan),Kalamandalam Sankaranarayan(Sairandhri),Kalamandal",Kalmandalam Calcutta 09831168491,Probal Gupta,archive2008-1q.asp
01-01-08,"Kalyanasaugandhikam, Keechakavadham and Duryodhanavadham","No.1, Elliot's Beach Road, Chennai 600 090. (Tel.044-24912177 or 9940419444)","Chennai, Besant Nagar",Tamilnadu,India,"Sri.Kalamandlam Ramankutty Nair, Gopi and other 30 artists.",,C.Ambujakshan Nair,archive2008-1q.asp
01-01-08,"NALACHARITHAM 4, NIZHAL KUTHU","Shakthi kulangara Sri Dharma Shastha Kshetram, Kollam 9 PM",Kollam,Kerala,India,"Kala.Gopi (Nalan), Mathur Govindan kutty(Damayanthi), Madavur Vasudevan Nair (Duryodhanan), Thonnakkal Pithambaran (Malayan), Kala. Balasubramanian(Manthravadi), Kalanilatam Gopakumar(Dootan)",Temple Committee,kalanilayam gopakumar,archive2008-1q.asp
22-06-08,Maruti Dhananjayam,"Unnayi Varriyer Smaraka Kalanilayam, Irinjalakuda 6 PM",Trichur,Kerala,India,"Madavoor Vasudevan Nayar, Fact Mohanan",Dr.K.N. Pisharadi Smaraka Kathakali Club,Sreekumar,archive2008-2q.asp
22-06-08,Bali Vijayam,Evening Kathakali -Kalikota Palace - 5.30 PM,Ernakulam,Kerala,India,"Margi Madhu,Kala Srikumar(Comparison between Koodiyattom & Kathakali) Evening Kathakali - Vesham-Injakkadu Ramachandran Pillai, Ratheesh, Kala Sreekantan Nair, Pattu- Margi Damu, Chenda Kurur Vasudeva",Trpunithura Kathakali Club,Srikumar,archive2008-2q.asp
22-06-08,Katalan Damayanthi (Nalacharitham I),"Lions Club Hall, Panthalam 6PM",Pathanamthitta,Kerala,India,"FACT Jayadev Varma, Kalanilayam Rivindranath Pai",Artist Valiathan Anusmarana Committee,Jayadev Varma,archive2008-2q.asp
21-06-08,BAKAVADHAM,Vylopilli Samsthrithi Bhavan Thiruvananthapuram,Thiruvananthapuram,Kerala,India,"Kal Shanmughan, Kal Vijayan etc",Sandarsan Kathakali Vidyalayam Ambalapuzha,RENJITH R,archive2008-2q.asp
17-06-08,Santhanagopalam,"Uttupara Hall, Poornathrayeesha Temple, 7PM",Ernakulam,Kerala,India,"Kala Haridas, R L V Rajendran, Advo. Ranjini Suresh, Pattu - Kala Gopalakrishnan, Sreejith, Chenda Kala Murali, Vineeth. Maddalam Kala Gopikuttan",Poornathrayeesha Seva Sangham,Srikumar,archive2008-2q.asp
16-06-08,Santhanagopalam,"Uttupara Hall, Poornathrayeesha Temple, 7PM",Ernakulam,Kerala,India,"Kala Sreekumar, Kala Sankaranarayanan, Sadanam Vijayan, Pattu - Kolathappilli Namboodiri, Rajesh Babu, Chenda Kesava Puduval. Maddalam Kala Prakasan",Poornathrayeesha Seva Sangham,Srikumar,archive2008-2q.asp
15-06-08,Karna sapadam,"Centre Mandapa, 6 rue wurtz, 75013 at 5 pm",M° Gacière,Kerala,India,"Kalamandalam Karunakaran, Neena and company",Centre Mandapa,Karunakaran,archive2008-2q.asp
12-06-08,Kiratham,Kundara Mampuzham Siva Kshetram,Kollam,Kerala,India,"Purappad - Palugal Sankara Sasija, Madava sasija, Kattalam -Kalanilayam Gopi, Arjunan - Kalamandalam Balakrishnam, Kattalathi - Kalanilayam Gopakumar, Pattu Haripad Damu, Chenda - Kalamandalam Sivadas",Kshetra Upadesaka Samiti,kalanilayam gopakumar,archive2008-2q.asp
07-06-08,Kuchela Vrittam,"Ernakulathappan Hall, Ernakulam, 6 PM",Ernakulam,Kerala,India,"Dr Sabhapathi, Kudamalur Mralikrishnan, Ranjith, Ratheesan, Pattu - Kala babu Nambudiri, Kala. Sajeev Kumar, Chenda Varanasi narayanan Nambudiri, Maddalam Thirvillamala Venkiteswaran, Chutti Chertala ",Kathakali Club and Sivakshetra Samithi,Srikumar,archive2008-2q.asp
06-06-08,Keechakavadham,"Karthikathirunal Theatre, Fort, Trivandrum 6.pm",Trivandrum,Kerala,India,"Kott.Chandrasekhran-Keechkan,Kala.Vijayakumar-Sairanthri,Kala.Anilkumar-Sudehshna,FACT Jayadev Varma-Vlalan,Paland Divkaran&Kalanilayam Rajeevan-Music Kottackal Vijayaraghavan-Chenda,Margi Ravindran-M","Drisyavedi, TVM. 0471-2461554, 9495242964",Radhakrishnan. K,archive2008-2q.asp
04-06-08,LAVANASURAVADHAM,"VAYALUR SIVAKSHETHRA, NELLAYI, NEAR KODAKARA, THRISSUR 6 PM",THRISSUR,Kerala,India,"KUSAN:KALA.VIPIN, LAVAN:KALA:BAJIYO, SEETHA:JANABHERI.AATHIRA NANDAN HANUMAN:KALA ABHIMANYU MUSIC:NEDUMBILLY RAMMOHAN,VELLINEZHI ACHUTHANKUTTY,PURALIPPURAM LAKSHMANAN NAMBOOTHIRI CHENDA:KRISHNAPRAVEEN",JANABHERI KATHAKALI KENDRAM 9447995636,janabheri.........,archive2008-2q.asp
31-05-08,duryodhanavadham,"SMRITHY NANDAN HALL near vasanth nagar,at 6.30 p.m",banglore,karnataka,India,"DURYODHANAN-KOTTAKKAL NANDAKUMARAN NAIR,KRISHNAN-KALA.ABHIMANYU,ROUDRABHEEMAN-KALA.HARIDAS,DUSSASANAN-KALA.PRAMOD,PANCHALI-THRIPPAYYA PETHAMBARAN MUSIC-VELLINEZI ACHUTHANKUTTY,PURALIPPURAM LAKSHMANAN ",Janabheri kathakali kendram 9447995636,abhimanyu.v,archive2008-2q.asp
31-05-08,"KARNNA SAPATHAM, KIRAATHAM","Naalppathenneeswaram temple, Panavally, Cherthala Taluk",Alappuzha,Kerala,India,"All Ktkl Chndrskhrvarir,Ksvn kndlyr,Vsdvn knlyr, Hridsn,Devdasn,Sdhr,RjuMhn,A Unnkrshn,Mrldhrn,Hrswrn,Hrikmr,Snilkmr,CM Unnkrshn, ---Pattu KTKL MADHU, KNaryn,Srshkmr,VNryn-- CHENDA KTKL Prsdkmr,Ssidhr",nalppathenneeswaram@gmail.com,"K.N.Madhu,Panavally",archive2008-2q.asp
30-05-08,"Nalacharitham 4th Day, Narakasura Vadham (+Ninam), Duryodhana Vadham","Raja's High School, Chirakkal at 6.30 p.m.",Kannur,Kerala,India,"S/Shri Kotta. Chandra Sekharan(Bahukan), Kotta. Vasudevan(Damayanthi) , Haripriya(Kesini), S/Shri Kotta. Kesavan(Cheriya Narakasuran)Kala. Suchindra Nath (Pathni)Kotta Devadass (Nakrathundi,NINAM), Ka","Kunju Nair Trust, Karalmanna",Vaidyanathan(Swami) Chennai,archive2008-2q.asp
30-05-08,"Bali Vijayam, Santhanagopalam","Sri Vallabha Kshetram, Tiruvalla",Pathanamthitta,Kerala,India,"Thalavadi Aravindan, Jayadev Varma..",,Srikumar,archive2008-2q.asp
29-05-08,Nalacharitham 3rd day,"CHANGAMPUZHA PARK, Edappally, Cochi 6 PM",Ernakulam,Kerala,India,"Bahukan - Kalamandalam Gopi, Sudevan - Madavur Vasudevan Nair, Damayanthi - Kottakkal Vasudevan,Nalan and Rituparnan - Kala. Sreekumar,Karkodakan - Kadungallur Nambisan Kutty, - Pattu - Kottakkal Nara",,Kesavan Nambisan,archive2008-2q.asp
29-05-08,BaaliVijayam,"Raja's High School, Chirakkal at 6.30 p.m.",Kannur,Kerala,India,"S/Shri Kala Soman(Ravanan) , Kala. Manoj, Kala Pradeep & others. Vocal by S/Shri Nedumpalli Ram Mohan & Kalani Hari. Chenda by S/Shri Sadanam Ramakrishnan & Kalani Udayanan Namboothiri. Maddalam by S/","Kunju Nair Trust, Karalmanna",Vaidyanathan(Swami) Chennai,archive2008-2q.asp
28-05-08,ThoranaYudham,"Raja's High School, Chirakkal at 6.30 p.m.",Kannur,Kerala,India,"S/Shri Sadanam Bhasi (Hanuman), Kala. Manoj (Azhakiya Ravanan) & others. Vocal by S/Shri Nedumpalli Ram Mohan & Kalani Hari. Chenda by S/Shri Sadanam Ramakrishnan & Kalani Udayanan Namboothiri. Maddal","Kunju Nair Trust, Karalmanna",Vaidyanathan(Swami) Chennai,archive2008-2q.asp
28-05-08,"1.Santhana Gopalam(final Scenes)2.SreeRama pattabhizhekam,3.Kiraatham","Nalppatheneeswaram Temple, Panavally, Cherthala",Alappuzha,Kerala,India,"KlnlmKrnkrn, KalaSrkmr,RLV Rdhkrshn,KlnlmRjskhrn,Gpndhn,KalaPrsnth,KalaBhgyndh KalaVjn,KlnlmVsdvn,Arvndn,Sndrn,Sndp,KlkndmAji,KlkndmSaji,KlbvnHrikrshn Pattu-KalaBlchndrn,Rmkrshn,Ktkl Snthsh, Chenda Ka",NalppathenneeswarathappanKathakaliSangham,"KNMadhu, Panavally",archive2008-2q.asp
28-05-08,Bheeshma Prathignya and Balivadham,"Parmekavu Temple, Trissur starting at 8pm",Trissur,Kerala,India,Presented by Kerala Kalamandalam and Sadnm Krishnankutty Kottakal Devadas Kala. Subramanian Kala. Sukumaran Kala. Prabhakara Poduval Kala. Balaraman Kala. Narayanan Nair,Kalamandalam Krishnankutty Poduval Anusmaranam,Avinash,archive2008-2q.asp
27-05-08,Santhanagopalam,"Raja's High School, Chirakkal at 6.30 p.m.",Kannur,Kerala,India,"S/Shri Peesapalli Rajeevan, Kala. Manoj & others. Vocal by S/Shri Nedumpalli Ram Mohan & Kalanilayam Hari. Chenda by S/Shri Sadanam Ramakrishnan & Kalanilayam Udayanan Namboothiri. Maddalam by S/Shri ","Kunju Nair Trust, Karalmanna",Vaidyanathan(Swami) Chennai,archive2008-2q.asp
27-05-08,"Kuchelavrutham, Kiraatham","Naalppathenneeswaram Temple, Panavally,Cherthala taluk. Time- at 9.00 PM",Alappuzha,Kerala,India,"Nelliyod Vsdvn Nmpuri, Kala Sreekmr, RLV Rdhkrshn,Klanlym Rjskhrn,kala Bhgyndh, KalaVjyn,klakndrm saji,klakndrm Prven,KlbhvnmHrikrshn -PATTU KOTKL MADHU,Nryn - CHENDA Kala Krshnds,Kotkl Prsad,Kala Sre",Nalppathe...ppan kathakali samgham 9847416201,"K N Madhu, Panavally",archive2008-2q.asp
25-05-08,Utbhavam,"Unnayi Varriyer Smaraka Kalanilayam, Irinjalakuda",Trichur,Kerala,India,Will Update,,Sreekumar,archive2008-2q.asp
25-05-08,RUKMINI SWAYAMVARAM,Ambalapuzha Sree Krishna Swami TempleNatakasala 6.30 pm,Alappuzha,Kerala,India,"Kal Harinarayanan, Kal Vijayakumar, Kal Mukundan etc","Sandarsan Kathakali Vidyalayam, Ambalapuzha",RENJITH R,archive2008-2q.asp
24-05-08,Banayudham (Usha Chitralekha),"Ambalappuzha Sree Krishna Swami Temple Natakasala, 6.30 pm",Alappuzha,Kerala,India,"Kal Shanmughan, Kal Vijayakumar etc",Sandarsan Kathakali Vidyalayam Ambalappuzha,Renjith R,archive2008-2q.asp
19-05-08,Subhadra Haranam All Other Mudrakhya Items POSTPONED,"MelpattGuruvayur, Mudrakhya's whole programme will be on Dec 2008",Trichur,Kerala,India,"But from realiable sources I came to know that Mudrakhya's whole programme will be on December 2008 only. So please put this message in your site, so that Kathakali lovers may, atlest, know the happen",MUDRAKHYAM KATHAKALI UTSAV,Srikumar K,archive2008-2q.asp
17-05-08,Nalacharitham 4th Day,Amballur Chennankulangara Temple Auditorium thrissur,Thrissur,Kerala,India,"Kal Shanmughan, Kal viajayakumar, Kal sucheendran, Kalanilayam Rajeevan, Nedumpilly Ram Mohan etc.",,RENJITH R,archive2008-2q.asp
16-05-08,Devayani Charitham,"Ernakulathappan hall, Near Siva Kshetram, Ernakulam 6PM",Ernakulam,Kerala,India,"Kattakkal Chandrasekharan, Kala. Shanmukhadas, Mathur Govindankutty, FACT Biju Bhaskar, Hari Aravindan, Pattu - Pathiyoor Sankaran kutty, Kala. Sajeev kumar, Chenda-Kala Raman Namboodiri, Maddalam Kal",Ernakulam Kathakali Club & Sivakshetra samithi,Srikumar,archive2008-2q.asp
11-05-08,Ravanodbhavam,"Kalikkotta Palace, Thripunithura ,6 P.M",Ernakulam,Kerala,India,"Sadanam Krishnankutty-Ravanan,R.L.V.Sunil-Kumbhakarnan,Kalnil. Aravindan-Vibheeshanan,Pattu-Kala.Gopalakrishnan,Kala.Syamalan,Chenda-Kala.Krishnadas,Kott.Vijayaraghavan,Madalam-Kala.Sasi,Kala.Prasanth",Thripunithura Kathakali Kendram,Biju Anand,archive2008-2q.asp
10-05-08,"Santhanagopalam, Kiraatham","Nalppathenneeswaram, Panavally,Cherthala",Alappuzha,Kerala,India,"Purappad, Double Melappadam Mthur Gvndn kutty,RLV Rdhkrshn,Kalanilym Rjskhrn,Klbhvn Snlkmr,Klkndrm Saji, KlkndrmPrvin,Pattu Kala Blchndrn,Ktkl Snthsh,ChendaKlbhrthy Unnkrshn,Kala Sreknthvrma,Maddalam ","Nalppathenneeswarathappan KathakaliSangham,Panaval",knmadhu Panavally,archive2008-2q.asp
10-05-08,Nalacharitham Munnam Divasam,"Kalikkotta Palace, Thripunithura ,5 P.M.",Ernakulam,Kerala,India,"Kott.Chandrasekhara Warier-Bahukan, Kott.Kesavan-Nalan, Nelliyodu Vasudevan-Karkodakan, Kala.Shanmukhadas-Rithuparnan,Kott.Vasudevan Kundalayar-Damayanthi,Kala.Balasubramanyan-Sudevan,R.L.V.Sunil-Jeev",Thripunithura Kathakali Kendram,Biju Anand,archive2008-2q.asp
10-05-08,Arjuna Vishada Vrutham,Poredam Maha deva Temple-Near Chadaya mangalam,Kollam,Kerala,India,"Jayadratha: Kal. Ravi Kumar, Dussala: Kal.Rajasekharan, Arjunan: Sri Ratheesan, Krishnan: Kal:Rajeev, Pattu: Pathiyoor Sankaran kutty & Kal.Vinod.",Utsavakkali,Rajasekhar.P,archive2008-2q.asp
08-05-08,"pakuthipurappadu,kuchelavritham,lavanasuravadham,kiratham","brahmanasamuham hall,thekenada,guruvayoor,9pm",thrisur,Kerala,India,"kala:arun varyar(purapadu&sivan),kala:suchenran(purapadu&parvathi),kala:neraj&kala:vivasvatha manu(purapadu,brahmanakuttikal&kuttikattalanmar),vazekida vijayan(kuchelan),kala:balasubrahmanyan(krishnan",kala:madami subrahmanayan suvarna upahara samathy.,"mani,vaikom",archive2008-2q.asp
06-05-08,Nalacharitham 4th Day,"Karthikathirunl Theatre, Fort, Trivandrum 6.30 PM",Trivandrum,Kerala,India,"Kala.Gopi-Nalan,Margi Vijayakumar-Damaynthi,Kla.Shanmukhan-Kesini,Pathiyoor Sankarankutty & Kala.Rajesh Menon-Music,Kala.Unnikrishnan-Chenda,Kala.Sasi-Maddalam Please take membership in Drisyvedi. We ","Drisyavedi, Trivandrum",Radhakrishnan. K,archive2008-2q.asp
04-05-08,Ravanolbhavam,"Town NSS Hall, Chalakudy - 7.00 p.m.",Thrissur,Kerala,India,"Ravanan - Kala. Manoj Kumbakarnan - Trippayya Peethambaran Vibeeshanan - Rappayya Ajith Pattu - Kala. Vasudevana, Kala. Sreejith Chenda - Kottackal Vijayaraghavan, Aneesh Maddalam - Kala. Prakasan, Ka",Chalakudy Nambissan Kathakali Club-9846261645.,VINODKUMAR V.,archive2008-2q.asp
04-05-08,Duryodhana Vadham(Starting from Sodharanmareya.......),Sankarankulangara Devi Temple Kanattukara(Punkunnam),Trichur,Kerala,India,Duryodhanan Kala Hari Narayanan Rawdra Bhiman Kala Pradeep Dushasanan Kala Soman Panchali Kala Sujindran Sakuni Kala Arun Warrier Dharmaputrar Jishnu Namboodiri Pattu Nedumbilly Rammohan Sadanam Sivad,"""NATYA PRIYA"" SANKARANKULANGARA",Vivek.P,archive2008-2q.asp
03-05-08,Keechaka Vadam,Sankarankulangara Devi Temple (Punkunnam),Trichur,Kerala,India,Keechakan Kala. Soman Syrandri Peeshapilly Rajeev Sudheshna Kala Sujindranath Valalan Kala Hari Narayanan Pattu: Nedumbilly Rammohan Sad. Sivadas Kala Sudheesh and Panayoor Kuttan,"""Natya Priya""Sankarankulangara 0487 2382822",Vivek.P,archive2008-2q.asp
03-05-08,"Sampoornna Ramayanam(Bigins from Panchavati), Kiratham","Nalppathenneeswaram Mahadeva temple, Panavally,Cherthala Time 9 PM",Alappuzha,Kerala,India,"PSV Natya Sangham,Kottackal- Actors Chndrskhr varier,Ksvn kndlyr,Vsdvn kndlyr,Haridas,Dvds,Sdheer,RjMhn,Unnkrshn,Mrlidhrn,Hrswrn,Hrkmr,Snikmr Pattu- K Nryn,Madhu,Srshkmr,V Nryn Chenda- Prasadkmr,Sasid",04782522920,knmadhupanavally,archive2008-2q.asp
03-05-08,Arjuna Vishada Vrutham,Kottarakkara Maha Ganapathy Temple- 9-30PM,Quilon,Kerala,India,"Kalamandlam Rajasekharan, Kal. KrishnaKumar, Kal.Ravikumar etc. Sangeetam: Pathiyoor Sankarankutty etc",Ulsava kkali,Rajasekhar.P,archive2008-2q.asp
02-05-08,Bali Vijayam,Sree Sankarankulangara Devi Temple (Punkunnam ),Trichur,Kerala,India,Kala Manoj as Ravanan Peeshapilly Rajeev as Naradan and Kala. Pradeep as Bali Pattu Nedumbilly Rammohan Sadanam Sivadas Kala Sudheesh and Panayoor Kuttan,Natya Priya supported by kalamandalam &Devasom,Vivek.P,archive2008-2q.asp
02-05-08,Kathakali Sangeetham,"Peruvaram Mahadeva Temple, North Paravur 7.30 PM",Ernakulam,Kerala,India,"Vocal:Kalanilayam Unnikrishnan, Kalamandalam Babu Namboothiri Chenda:Thripunithura Gopikrishnan Thamburan Maddalam:Kalanilayam Manoj Edakka:Kavil Unnikrishnan","Ulsavaghosha Committee, Peruvaram Mahadeva Temple",Biju Anand,archive2008-2q.asp
01-05-08,"1.Usha-Chithralekga(Banayudham)2.Nalacharitham(3rd Day),3. Kiraatham","Naalppathenneeswaram Mahadva temple,Panavally,Cherthala 9.30 PM till 5.45AM",Alappuzha,Kerala,India,"PSV Naattya Samgham,Kottackal- Chndrskhra Varier,Ksvn Kndlyr,Vsdvn Kndlyr,Haridasn,Dvdsn,Sdhir,Rjmhn,UnnkrshnA,Mrldhrn,Hrswrn,Hrikmr,Snl kmar,CM Unnkrshn Pattu- K Narayanan,Madhu,Chenda-Prsdkmr,sasidh",Devaswam 04782522920.madhu 9847257582,"knmadhu,Panavally",archive2008-2q.asp
01-05-08,POOTHANAMOKSHAM(LALITHA),Chottanikkara Pallipurathu Mana Sree Krishna Temple 6.30 pm,Ernakulam,Kerala,India,"Margi Vijaya Kumar, Kal Gopalakrishnan, Kal Sreekanth, Kal Sasi, Kal Rajesh Babu, cherthala Kumaran",Renjith R 09447161980,RENJITH R,archive2008-2q.asp
30-04-08,"Nalacharitham Randam Divasam, Dakshayagam","Peruvaram Mahadeva Temple, North Paravur, 9.30 PM",Ernakulam,Kerala,India,"Artists From PSV Natyasangam, Kottakkal including Kott. Chandrasekhara Warrier,Kott. Kesavan, Kott. Kesava Kundalayar, Sadanam Krishnankutty etc. Vocal by Kott. Narayanan, Kott. Madhu & Kott. V. Naray","Ulsavaghosha Committee, Peruvaram Mahadeva Temple",Biju Anand,archive2008-2q.asp
30-04-08,Duryodhana Vadham 7PM,AMBALLOOR 7 PM,Ernakulam,Kerala,India,"Pattu Kala. Gopalakrishnan,...",R.L.V. Gopi,R.L.V. Gopi,archive2008-2q.asp
29-04-08,Kuchela Vrittam,"Keezhoor Temple, via Thalayolaparambu 7.30 PM",,Kerala,India,"Nelliyodu Vasudevan namboodiri, RLV Gopi",,Srikumar,archive2008-2q.asp
26-04-08,"sree rama pattabhishekam,kiratham,","sree nalppethenneswaram temple , panavally cherthala,0478-2522920",alappuzha,Kerala,India,"KOTTAKKAL CHANDRASEKHARA VARRIER,DEVADAS,KESAVAN KUNDLAYAR , VASUDEVAN KUNDLAYAR, KOTTAKKAL MADHU, NARAYANAN,SASI,PRASAD,PANAMANNA SASI,,SUDHEER, HARIDASAN,RAJMOHAN,,ETC,,,,, MAY1,MAY 3 SAME TEAM KADH","P.S.V NATYASANGHAM KOTTACKAL,,,,",unnikrishnakaimal,archive2008-2q.asp
26-04-08,Sri Rama Pattabhishekam CANCELLED ??? ELEPHANT Violence,K oodalmanikyam Kshetram Irinjalakuda 12 PM,Trichur,Kerala,India,"Unnayi Varrier Kalanilayam Vazhipadu, Maddalam - Kala Sasi",Devaswom Committee,Srikumar,archive2008-2q.asp
26-04-08,Prahlada Charitham,"Thekkan Chitoor, Sri Krishna Swamy Temple, Ernakulam, 10 PM",Ernakulam,Kerala,India,"Kalathangani, Cheruthiruthy",Ulsava kkali,Rajasekhar.P,archive2008-2q.asp
26-04-08,Dhuryodhana Vadham,"Guruvayoor Temple, Melpathoor Auditorium",Trichur,Kerala,India,"Tripunithura Kathakali Kendram (Ladies Troupe) Geetha Ramesh, Premila Vijayan, Radhika Ajayan, Haripriya Namboothiri, Maya Nelliyod, Parvathi U Menon, Kavya,Preetha Balakrishnan, Kumari Varma, shylaja",Vazhivad (offering) by Parvathi U Menon,Parvathi U Menon,archive2008-2q.asp
25-04-08,Dakshayagam,"Thekkan Chitoor, Sri Krishna Swamy Temple, Ernakulam, 10 PM",Ernakulam,Kerala,India,"Kalathangani, Cheruthiruthy",Ulsava kkali,Rajasekhar.P,archive2008-2q.asp
25-04-08,"Thorana Yudham, Sethubandhanam, Yudham CANCELLED ???",K oodalmanikyam Kshetram Irinjalakuda 12 PM,Trichur,Kerala,India,"Kalani Gopi,Maheendran, Gopinathan,Anilkumar,Vinodkumar,Aravindan,Manoj,Thrippayya Pithambaran,RLV Sunilkumar,Pramd,Kalani Sundaran, Maniprasad, Sandeep,Arjun,Mainagapalli Gopakumar, Pattu - Kala. Nar",Devaswom Committee,Srikumar,archive2008-2q.asp
24-04-08,"uthara swayamvaram, duryodhana vadham",dubai Indian consulate hall 8pm,,Kerala,India,"Kala Gopi aasan,kotkalnanda kumaran ,kotkal kesavan, kala udayakumar",Sopanam Dubai,sajeev kumar,archive2008-2q.asp
24-04-08,Bali Vadham CANCELLED ?? ELEPHANT VIOLENCE,K oodalmanikyam Kshetram Irinjalakuda 12 PM,Trichur,Kerala,India,"Kottakkal Chandrasekhara Varrier, Chandramana Narayanan Namboodiri, Kalani Anilkumar,Vinodkumar,Aravindan,Manoj,RLV Sunilkumar,Pramd,Kalani Sundaran, Maniprasad, Sandeep,Arjun,Mainagapalli Gopakumar P",Devaswom Committee,Srikumar,archive2008-2q.asp
24-04-08,utharaswayamvaram,"COUNSLATE HALL, Dubai 5pm",dubai,Kerala,India,"gopi asan, kotakal nandakumar, kala udayan, etc. pattu - pathiyoor sankaran kutty, kottakkal madhu.",ranjini,t.s.sriraman,archive2008-2q.asp
24-04-08,Lavanasura vadham & Ambarisha Charitham,"Thekkan Chitoor, Sri Krishna Swamy Temple, Ernakulam, 10 PM",Ernakulam,Kerala,India,"Kalathangani, Cheruthiruthy , FACT Padmanabhan",Ulsava kkali,Rajasekhar.P,archive2008-2q.asp
23-04-08,Nalacharitham-2 & Bakavadham,"Thekkan Chitoor, Sri Krishna Swamy Temple, Ernakulam, 10 PM",Ernakulam,Kerala,India,"Kal. Krishnakumar, Sri.Kalamandalam Ramachandran Uniithan, Sri Palanad Divakaran etc",Ulsava kkali,Rajasekhar.P,archive2008-2q.asp
23-04-08,"Purapad,Melapadam , Ghara Vadham CANCELLED ELEPHANT",K oodalmanikyam Kshetram Irinjalakuda 12 PM,Trichur,Kerala,India,"Kala. Balasubramanian, Vijayakumar, Mukundan,Kalani Anilkumar,Sundaran, Maniprasad, Sandeep,Arjun, Pattu - Kala. Surendran, Narayanan Embranthiri,Kalani Ramakrishnan, Babu, Chenda- Kalani kunjunni, Ka",Devaswom Committee,Srikumar,archive2008-2q.asp
22-04-08,"Padukapattabhishekam, Bali Vijayam(with Kamaladalam)","Koodalmanikya kshetram, Irinjalakuda 12 PM",Trichur,Kerala,India,"Kalani. Balakrishnan,Kalani. Gopi, Kalani Gopinathan, Kalani Anilkumar,Vinodkumar,Aravindan,Krishnanunni,FACT Biju Baskar, Pattu - Kala. Rajendran, Nedumballi Rammohan, Sinu, Babu, Chenda- Kalani kunj",Devaswom Committee,Srikumar,archive2008-2q.asp
22-04-08,Karna sapadham & Rajasooyam,"Thekkan Chitoor, Sri Krishna Swamy Temple, Ernakulam, 10 PM",Ernakulam,Kerala,India,"Kal. Balasubrahmanyan, Sri Palanad Divakaran etc",Ulsava kkali,Rajasekhar.P,archive2008-2q.asp
20-04-08,"SUBHADRA HARANAM, KEECHAKA VADHAM, DAKSHA YAGAM",Tripunuthura Muncipal Layam Ground 9PM,Ernakulam,Kerala,India,"Sadanam Krishnan Kutty(Balaraman), Kottakkal Keshavan (Krishnan),Madavur Vasudevan Nair(Keechakan), Kala. Rajashekaran(Panchali), Unnikrishnan(Valalan), Sadanam Vijayan(Sudeshna)Kala. Sreekumar(Daksha",FACT Padmanabhan Shashti Poorthi Aghosam,Srikumar K,archive2008-2q.asp
19-04-08,"Lalitha Panchali, Duryadhana Vadham","Kali Kotta , Trpunithura - 6 PM Kathakali (4 PM other arts)",Ernakulam,Kerala,India,"FACT Padmanabhan Shishyas, Pattu(Vocal) - Kala. Kolathappalli Namboodiri, Kala. Gopalakrishnan, Maddalam - Angadipuram, Kala. Gopikuttan, Manoj etc.",FACT Padmanabhan Shashtyabda Poorthy Aghosham,Srikumar K,archive2008-2q.asp
19-04-08,Arjuna Vishada Vrutham,Palakkadu Kaliyarangu-5-30 PM,Palakkad,Kerala,India,"Vesham:Sri.Kalamandalam Krishna Kumar, Sri Kalamandalam Rajasekharan, Sri Kalamandalam Sankaranarayanan, etc Pattu: Kala: Babu Namboothiri & Kalamandalam Vinod",Kathakali Club Monthly Programme,Rajasekhar.P,archive2008-2q.asp
19-04-08,"Rukmini Swayamvaram, Santana Gopalam","Sri Vallabha Temple , Tiruvalla",Pathanamthitta,Kerala,India,"Jayadev Varma, Kala. Kesavan Namboodiri, Kalanilayam Manmadhan,Kalanilayam Vinod, Gowri Vijayan, Pattu - Thiruvalla Gopikuttan, Kala. Surendran, Kala. Sujith, Chenda - Kalanilayam Ratheesh, Peethambar","Vazhipadu -Santamma, Suchitra Jaynthan kumar",Jayadeva Varma,archive2008-2q.asp
19-04-08,Srirama Pattabhishekam,"PADMANABHA SWAMI TEMPLE, TRIVANDRUM, 9.30 PM",Trivandrum,Kerala,India,"Actors: Puliyurkadu Harikumar, Kalabha Vasudevan,Varkala Chandu, Nelliyodu Vishnu Namboothiri, Natyashala Ramakrishnan,Natyashala Krishnan, Natyashala Suresh,Margi Suresh,Attingal Manu,Chirayinkeezhu ","Natyashala, 94476 98336",Nandakumar,archive2008-2q.asp
18-04-08,Kiratham,"PADMANABHA SWAMI TEMPLE, TRIVANDRUM, 9.30 PM",Trivandrum,Kerala,India,"Actors: Puliyurkadu Harikumar, Kalabha Vasudevan,Varkala Chandu, Nelliyodu Vishnu Namboothiri, Natyashala Ramakrishnan, Natyashala Suresh, Kalarangam Gireeshan, Harikumar Vocal:Kalabha Radhakrishnan,N","Natyashala, 94476 98336",Nandakumar,archive2008-2q.asp
18-04-08,"Kalyana Saugandhikam, Duryodhana Vadham","Subramania Swami Kshetram, Haripad",Alapuzha,Kerala,India,soon...,,Srikumar,archive2008-2q.asp
18-04-08,Narakasuravadham with Ninam,ITHITHANAM ILANKAVU KSHETHRAM,KOTTAYAM,Kerala,India,"KARI - KALA.RAMACHANDRAN UNNITHAN, NARAKASURAN - KALA.KRISHNANKUMAR",,Ragesh Nandan,archive2008-2q.asp
17-04-08,"Nalacharitham 3rd day , Kiratham",Harippadu Subramania Kshetram 9.30 PM,Alaphuzha,Kerala,India,Soon.....,Kshetram Committee,Srikumar,archive2008-2q.asp
17-04-08,Kuchela Vrittam,"PADMANABHA SWAMI TEMPLE, TRIVANDRUM, 9.30 PM",Trivandrum,Kerala,India,"Actors: Puliyurkadu Harikumar, Kalabha Vasudevan,Varkala Chandu, Nelliyodu Vishnu Namboothiri, Natyashala Krishnan, Natyashala Suresh, Kalarangam Gireeshan, Harikumar Vocal:Kalani Babu Kalabha Radhakr","Natyashala, 94476 98336",Nandakumar,archive2008-2q.asp
16-04-08,Kichaka Vadham,"PADMANABHA SWAMI TEMPLE, TRIVANDRUM, 9.30 PM",Trivandrum,Kerala,India,"Actors: Varkala Chandu, Nelliyodu Vishnu Namboothiri, Natyashala Krishnan, Natyashala Krishnan, Kalarangam Gireeshan, Kalabha. Vasudevan Vocal:Kalani Babu Kalabha Radhakrishnan Chenda:Kala ThambiMadda","Natyashala, 94476 98336",Sumitra Nandakumar,archive2008-2q.asp
15-04-08,Bali Vadham,"PADMANABHA SWAMI TEMPLE, TRIVANDRUM, 9.30 PM",Trivandrum,Kerala,India,"Actors: Kala Balasubramanian,Varkala Chandu, Nelliyodu Vishnu Namboothiri, Natyashala Krishnan, Natyashala Suresh, Kalarangam Gireeshan, Kalabha.Kalyanakrishnan Vocal:Kalani Babu Kalabha Radhakrishnan","Natyashala, 94476 98336",Nandakumar,archive2008-2q.asp
15-04-08,"Sandanagopalam or Rukmangada Charitham, Pattabhishekam","Thiruvalla Kshetram, Tiruvalla",Pathanamthitta,Kerala,India,"Kala. Gopi, Kala Krishna Kumar,Margi Vijayakumar, Fact Padmanabhan, Pattu - Kalanilayam Unnikrishnan etc.",,Fact Padmanabhan,archive2008-2q.asp
15-04-08,Sandanagopalam,"Thiruvalla, VallabhaSwami Kshethram",Alappuzha,Kerala,India,"Kala Gopi Asan - Bramanan, Kala.Krishnakumar Arjunan",,Ragesh Nandan,archive2008-2q.asp
14-04-08,"Rukmangada Charitham, Daksha Yagam","Nilamballur Durga Devi Kshetram, Kollam",Kollam,Kerala,India,"Nelliyodu Vasudevan Namboodiri, Injakkadu Ramachandran Pillai, Arkanoor Gopalakrishnan, Kala. Sasi, Kalannilayam Gopakumar, Pattu - T.G. Radhakrishnan, Babu Namboodiri",Temple Committee,kalanilayam gopakumar,archive2008-2q.asp
14-04-08,Duryodhana Vadham,"Padmanabhaswamy Temple, Trivandrum",Trivandrum,Kerala,India,"Actors: Varkala Chandu, Natyashala Suresh, Attingal Manu, Natyshala Ramakrishnan, Kalabha Vasudevan, Kalabha Kalyanakrishnan, Chirayankeezhu Murugan Vocal: Kala Surendran, Kalani Babu Chenda: Kala Tha","Natyashala, 94476 98336",Sumitra,archive2008-2q.asp
14-04-08,Lavanasuravadham,"Thrunavaya Temple, Thirunavaya, Malappuram Dist",Malappuram,Kerala,India,"Kottakkal Devadasan as ""Mannaan""",Thirunavaya Temple Authorities as part of the Annu,unnikrishnan Padinhatteeri,archive2008-2q.asp
13-04-08,Nalacharitham 1m divasam,"PADMANABHA SWAMI TEMPLE, TRIVANDRUM, 9.30 PM",Trivandrum,Kerala,India,"Actors: Varkala Chandu, Nelliyodu Vishnu Namboothiri, Natyashala Ramakrishnan, Natyashala Suresh, Kalarangam Gireeshan, Puliyurkodu Harikumar Vocal:Kala Surendran Kalani Babu Chenda:Kala ThambiMaddala","Natyashala, 94476 98336",Sumitra Nandakumar,archive2008-2q.asp
13-04-08,Sampoorna Kalakeyavadham,Valarkkavu Bhagavthy Temple Auditoriam,Thrissur,Kerala,India,"Arjunan1 - Kala. Pradeep; Mathali - Kala. Harinarayanan; Arjunan2 - Kala. Shanmukhan; Urvashi - Chambakkara Vijayan; Kalakeyan - Kala. Hari R Nair; etc Pattu :- Kala Babu Namboodiri, Kalani. Rajeev; K",Vedika ( Praveen - 9447259673),Sreekanth (9495782916),archive2008-2q.asp
13-04-08,Krishna Charitham,"Kuzhimathikkavu Srikrishna Kshetram, Kollam",Kollam,Kerala,India,"Nelliyodu Vasudevan namboodiri, Changarappalli Anujan, Kala. Ramachandran Unnithan, Kala. Vijayakrishnan Unnithan, Kala. Ravikumar, Kottarakkara Ganga, Kalanilayam Gopakumar, Kala. Madhu Varanasi, Pat","C.R.Unnithan, Ret Deputy Diractor, Kuzhimathikkavu",kalanilayam gopakumar,archive2008-2q.asp
12-04-08,Nalacharitham 4m divasam,"MES school Dombivily , 06.00 PM",Thane,Maharashtra,India,Kalamandalam Gopi Assan.,"Kalakshetram ,dombivili",Suhas,archive2008-2q.asp
12-04-08,"SREE GURUVAYURAPPAN,DHURYODHANAVADHAM",ELAMAKKARA PERANDOOR BHAGAVATHY TEMPLE,ERNAKULAM,Kerala,India,KOTTACKAL P S V NATYASANGAM ARTISTS,UTSAVAKKALI,GIRISH N,archive2008-2q.asp
12-04-08,Duryodhana vadham,"MES school, Dombivili(west)",Thane,Maharashtra,India,Raman kutti Nayarasan(duryodhanan),Kalakshetra,Suhas,archive2008-2q.asp
11-04-08,Thorana Yudham,"Ernakulam Gramajanasamooham hall, 6PM",Ernakulam,Kerala,India,"Kotakkal Nandakumar, Kala. E.Vasudevan, Tripunithra Unnikrishnan, Ratheesan, Biju Baskar, Hari, Pattu - Kala. NN Kolathappilli, Sadanam Sivadas, Chenda Kuroor Vasudevan Nambudiri, Kala. Achutha Varrie",Ernakulam Kathakali Club,Srikumar K,archive2008-2q.asp
10-04-08,Rughmangathacharitham & Duryodhanavadham,"10PM at Sree Dharmasastha Temple, Perumbavoor.",Ernakulam,Kerala,India,"Kala Gopi,Nelliyodu Vasudevan Namboothiri, Sadanam Krishnankutti, Kala Rajasekharan, Kalanilayam Gopinathan, Kala Shanmughan, Kottarakkara Ganga, Kottarakkara Bhadra, Kala ArunVarier, Kala Vaisakh, Ka","Ulsava Committee, TDM",Pookote Nandakishor,archive2008-2q.asp
10-04-08,Vishnu Maya Charitham,Tripparayaru Avanangattu Kalari,Trichur,Kerala,India,"Kalanilayam Gopi(Punjanallur Bhattadiri)), Kalnilayam Gopinathan(Sivan-Vishnu Maya) , Kalanilayam Gopakumar,Kalanilayam Sundaram(Avanangattu Sahodaranmar),Kalanilayam Anilkumar(Parvathi) Pattu - Kala.",Ananangattu Kathakali aswadaka sangham,Kalanilayam Gopakumar,archive2008-2q.asp
09-04-08,Daksha Yagam from Lokadhipa,"Thekkan Paravur, Near Poothotta 6.30 PM",,Kerala,India,"Fact Padmanabhan, Kala. Sankaranarayanan, Sadanam Vijayan, Venu Shenoy, Kala Gopalakrishnan etc.",,Fact Padmanabhan,archive2008-2q.asp
08-04-08,Utharaswayamvaram,"Karthikathirunal Theatre, Fort, Trivandrum",Trivandrum,Kerala,India,"Ettumanur Kannan-Brihannala,Kala.Mukundan-Utharan,Kala.Jishnu-Uthara&maid,Kala.Yaswanth-Maid,Arjun-Gopalakan,Kala Vinod-Panchali,Sad.Harikumar,Sivadasan-Music,Kala.Nandakumar-Chenda,Margi Ratnakaran-M","Drisyavedi, TVM 0471-2461554, 9495242964",Radhakrishnan. K,archive2008-2q.asp
08-04-08,"Santhana Gopalam,..","Orippurathu Bhagavathi shetram, Thatta, Pandalam",Pathanamthitta,Kerala,India,"Madavur Vasudevan Nair, Kotta. Chandrasekharan, Mathur Govindan Kutty, Fact Padmanabhan, Ramachandran Unnithan, Thalavadi Aravendan,",t,Fact Padmanabhan,archive2008-2q.asp
07-04-08,"Santhana Gopalam, Duryodhana Vadham","Kalanjoor Kshetram, Punaloor",Kollam,Kerala,India,"Kala. Kesavan Namboodiri, FACT Padmanabhan, Chenda - Kala. Raman Namboodiri",Ulsava Committee,Fact Padmanabhan,archive2008-2q.asp
07-04-08,Subhadra haranam,"Ravu puram Temple, Ernakulam 8PM",Ernakulam,Kerala,India,soon,Temple,Gopikrishnan,archive2008-2q.asp
06-04-08,Rukmangada Charitham,"Kadavanthra Vinayaka Temple, Ernakulam 7PM",Ernakulam,Kerala,India,Kalamandalam Balasubramanian,Temple,Gopikrashnan,archive2008-2q.asp
06-04-08,"KALAKEYAVADHAM,DHAKSHAYAGAM","Sreekrishna Temple,THODUPUZHA ;;;;;10 PM",IDUKKI,Kerala,India,"SADANAM KRISHNAN KUTTY,NELLIYODU VASUDEVAN NAMBOOTHIRI,KAL.GOPALAKRISHNAN,VELLINEZHI HARIDAS,KAL.VASUDEVA PANICKAR,KALAMAN.MANOJ.............. SONG-MADAMPI SUBRAHMANIYAN NAMBOOTHIRI,KAL.BABU NAMBOOTHI",UTSAVAKKALI,GIRISH N,archive2008-2q.asp
06-04-08,"subhadraharanam(krishan-bhalabhadrar),durodhanavadham","kottakkal viswambhara Temple,kottakal-12pm",malappuram,Kerala,India,"kottakkal P.S.V.nattasankham artists & kotta:appu nabuthiri, kavungal divakara panikar,kotta:ravikumar(vesham), kala:gopalakrishnan,kala:N.N.kolathappali(pattu),kala:raman nabuthiri, varanasi narayana",kottakkal aryavidyasala,"mani,vaikom",archive2008-2q.asp
05-04-08,"Purappadu,Melappadam,Nalacharitham 4,Thoranayudham","Sreekrishna Temple,THODUPUZHA ;;;;;10 PM",IDUKKI,Kerala,India,"SADANAM KRISHNAN KUTTY,NELLIYODU VASUDEVAN NAMBOOTHIRI,KAL.GOPALAKRISHNAN,VELLINEZHI HARIDAS,KAL.VASUDEVA PANICKAR,KALAMAN.MANOJ.............. SONG-MADAMPI SUBRAHMANIYAN NAMBOOTHIRI,KAL.BABU NAMBOOTHI",UTSAVAKKALI,Girish N,archive2008-2q.asp
05-04-08,dakshayagam(sampoornam),"kottakkal viswambhara Temple,kottakal-12pm",malappuram,Kerala,India,"kottakkal P.S.V.nattyasamkham artists & nelliyodu vasudevan naboothiri, kala:balasubrahmanyan,kalanilayam balakrishnan,sadanam harikumar(vesham), kotta:paramesvaran nabuthiri,kala:narayanan nabuthiri,",kottakkal aryavidyasala,"mani,vaikom",archive2008-2q.asp
04-04-08,"nalacharitham-II(kattalan),nalacharitham-III,kiratham","kottakkal viswambhara Temple,kottakal-12pm",malappuram,Kerala,India,"kottakkal P.S.V.nattyasamkham artists & kala:ramankutty nayar,vazenkida vijayan,mathur govindhankutty,kotta:sambhu ebranthiri,sadanam krishnankutty,kala:M.P.S. naboothiri,kala:krishnaprasad(vesham) ka",kottakkal aryavidyasala,"mani,vaikom",archive2008-2q.asp
04-04-08,Rukmini-Mohanam,"Sri Sarada Mutt,Kuneel Kavu Road, Ashoka Puram, Calicut",Calicut,Kerala,India,Attakatha is scripted by Mrs Radha Madhavan Attam Direction by Kalamandalam Sajan Original Music Score by Manoj Pullur Artists: Kalamandalam Manoj (as Krishnan) Kalamandalam Sajan ( as Rugmini),0495-2741096 Mob: 9387612550,"Hari Kumar, Mankave",archive2008-2q.asp
04-04-08,"Devayani Charitham , Bali Vadham(Sampoornam)",Eloor - Naranathu Kshetram 9PM,Ernakulam,Kerala,India,"Kala. Balasubramainian, FACT Padmanabhan, Ramachandran Unnithan etc.",Ulsava Committee,Srikumar,archive2008-2q.asp
03-04-08,"purapadu,melappadam,rugmangadacharitham,ravanothbhavam(with mali,sumali,malayavan)","kottakkal viswambhara Temple,kottakal-9pm",malappuram,Kerala,India,"kottakkal P.S.V. nattyasankham artists & kotta:sivaraman,kala:krishnakumar,pariyarampatta divakaran,chaththanur kochunarayananpilli(vesham) kalanilayam unnikrishnan,kala:rajendran,kala:babu nabuthiri(",kottakkal aryavidyasala,"mani,vaikom",archive2008-2q.asp
02-04-08,"kermeravadham,kechakavadham","kottakkal viswambhara Temple,kottakal-11:30pm",malappuram,Kerala,India,"Kttakkal P.S.V.nattyasamkham artists & madavoor vasudevan nayar,kala:gopi,kala:kuttan,kotta:kesavan ebranthiri,kala:rajasekharan,margi vijayakumar,kala:srekumar(vesham), madambi subrahmanyan nabuthiri",kottakkal aryavidyasala,"mani,vaikom",archive2008-2q.asp
30-09-08,RUGMANGADA CHARITHAM,"Natakasala, Sree Krishna Swamy Temple Ambalapuzha 7 pm",Alappuzha,Kerala,India,"Artists : Kal Shanmughan, Kal Vijayakumar, Kalanilayam Vinod, Pathiyoor Sankaran Kutty, Kal Jayaprakash, Kalnilayam Ratheesh, Kalanilayam Manoj, Kal Sukumaran etc ....","Sandarsan Kathakali Vidyalayam, Ambalapuzha",RENJITH R,archive2008-3q.asp
28-09-08,KALAKEYAVADHAM,"Kalikotta Palace,Thripunithura, 6p.m.",Ernakulam,Kerala,India,"FACT Padmanabhan-Urvashi,R.L.V.Pramod-Thozhi,Kal.Haridas-Arjunan,Sadanam Mohanan-Indran,Pattu-Kal.Gopalakrishnan,Kal.Rajesh Babu,Chenda-Kal.Kesava Poduval,Maddalam-Kal.Sasi",Thripunithura Kathakali Kendram,Biju Anand,archive2008-3q.asp
27-09-08,Arjunavishadavrutham,"Karthika Hall, Kollam",Kollam,Kerala,India,"Jayadradhan - Sri. Krishnakumar Dussala - Kala: Rajasekharan Arjunan - Sri. Thonnackal Peethambaran Krishnan - Kala: Rajeev Doothan - Kala: Prasanth Pattu - Sri. Pathiyoor Sankarankutty, Kalanilayam R",Kollam Kathakali Club,Anil Koothattukulam,archive2008-3q.asp
23-09-08,Cholliyattam & Lecture Demonstration,"Kalakshetra Auditorium, Thiruvanmiyoor, Adayar, Chennai at 9.30 A.M.",Chennai,Tamilnadu,India,"Cholliyattam will be choreographed and headed by Guru Shri Sadanam Balakrishnan. Senior Artists like Sadanam Bhasi, Sadanam Manikandan will participate. Kalakshetra students also join in the classes. ","KALAKSHETRA, Chennai",A.Vaidyanathan (Swami) Chennai,archive2008-3q.asp
22-09-08,Nalacharitham Day 1 part 1,"Karthika Thirunal Theatre, Fort, TVM",Trivandrum,Kerala,India,"Kala: Balasubramanian-Nalan,FACT Jayadeva Varma-Naradan,Kala: Ratheesan-Hamsam,Kala: Rajasekharan-Damayanthi,Kala: Anilkumar-Maid,Kottackal Madhu, Kalanilayam Rajeevan-Music, Kalabharathi Unnikrishnan","Drisyavedi, Trivandrum",Radhakrishnan Kanjingad,archive2008-3q.asp
22-09-08,Kiratham,"Kalakshetra Auditorium, Thiruvanmiyoor, Adayar, Chennai at 6.00 P.M.",Chennai,Tamilnadu,India,"Sadanam Bhasi: Kattalan, Sadanam Manikandan: Arjunan, Kalashetra students are also participating in the programme. Vocal: Sadanam Jyothi & Sadanam Sivadass, Chenda: Sadanam Gopalakrishnan, Maddalam: K","KALAKSHETRA, Chennai",A.Vaidyanathan (Swami) Chennai,archive2008-3q.asp
22-09-08,Nalacharitham 1st day,"Karthika Thirual Theatre, Fort, Trivandrum",Trivandrum,Kerala,India,"Nalan: Kala.Balasubramonian, Hamsam: Kala.Ratheesan, Damayanthi: Margi Vijayakumar. Vocal: Kottakkal Madhu & Kalanilayam Rajeevan","Drisyavedi, Trivandrum",Radhakrishnan. K,archive2008-3q.asp
18-09-08,"Patikanthodi anusmaranam,Kamaladalam,Uthbhavam,Thoranaudham","Kerala Klamandalam,Cheruthuruthi.6pm",Thrisur,Kerala,India,Puraskaradanam Kala:Rajanu. Ravanan(kamaladalam)-Kala:Balasubrahmanyan Ravanan(Uthbhavam)-Kala:Krishnakumar Ravanan(Thoranautham)-Kala:Suryan,Kerala Kalamandalam,"Mani,Vathukkodam",archive2008-3q.asp
15-09-08,1.Chakyarkooth-Margi Sajeev Narayanan 5.00 pm 2. Thoranayuddam koodiyattam,"Theerthapadamandapam, Fort, Tvm 6.30 pm",Trivandrum,Kerala,India,"Ravanan-Margi Raman, Shankukarnan-Kla.Raveendran, Vijaya-Kala.Sindhu, Mizhavu-Kala.Unnikrishnan Nambiar,Margi Ramununni,Mrgi Sajeev, Edakka-Mrgi Sukumaran Nair, Thimila-Mrgi Mohnan, Thalam-Margi Amrit",Onam Committee,Radhakrishnan. K,archive2008-3q.asp
14-09-08,Nalacharitham 2nd day,"Theerthapadamandapam, Fort, Tvm 6.00 pm",Trivandrum,Kerala,India,"Nalan-Kala.Balasubramanian, Damayanthi-Kala.Vijayakumar, Kali-Nelliyodu Vasudevan Nampudiri, Dwaparan-Mrgi Suresh, Indran-Kala.Sucheendran, Pushkaran-Kal.Shanmukhan, Kattalan-Chengarappilly Anujan, Pt",Onam Committee,Radhakrishnan. K,archive2008-3q.asp
13-09-08,"Nalacharitham 3rd day, Nalacharitham 4th day",Muzhikulam 6:00,Ernakulam,Kerala,India,"Nala 3: Nala: Kala. Krishnakumar, Bahukan: Kala. Balasubramaniam, Sudevan: Kala. Keshavan Namboothiri, Damayanti: Chambakkara Vijayan Nala 4: Bahukan: Kala. Gopi, Damayanti: Margi Vijayakumar, Keshini",Nalacharitholsavam 9447981912,Hari the Midget,archive2008-3q.asp
13-09-08,Dakshayagam,"Vellinezhi Nanu Nair Smaraka Kalakendram, Kuruvattoor. 1930hrs",Palakkad,Kerala,India,"Kalanilayam Balakrishnan, Kala Mohanakrishnan, Kalanilayam Mohanan Varier, Kala Narayanan Kutty, Sadanam Ramakrishanan, Sa Ramdas, Kala Ramankutty, Ka Jayaprakash, Vellinezhi Achuthan kutty, Ka Appunn",Nanu Nair Smaraka Kalakendram. 98474-21983,dr i a k menon,archive2008-3q.asp
13-09-08,Dakshayagam,"Theerthapadamandapam, Fort, Tvm 6.00 pm",Trivandrum,Kerala,India,"Dakshan I-Kottackal Chandrasekharan, Vedavalli-Margi Sukumaran, Sathi-RLV Radhakrishnan, Brahmin, Dathichi-Hari R. Nair, Veerabhadran-Kala.Ramachandrn Unnithan, Bhadrakali-Chathannur Kochunaryaa Pilla",Onam Committee,Radhakrishnan. K,archive2008-3q.asp
12-09-08,Kalyanasougandhikam,"Theerthapadamandapam, Fort, Tvm 6.00 pm",Trivandrum,Kerala,India,"Margi Balasubramaniam-Bheema I, Margi Ravidran Nair-Dharmaputhrar, Kala.Ratheesan-Bheema II, Margi Harivatsan-Panchali, Inchakkattu Ramachandran Pillai-Hanuman, Pattu-Kala.Babu Nmpudiri,Harish Nampudi",Onam Committee,Radhakrishnan. K,archive2008-3q.asp
12-09-08,"Nalacharitham 1st day, Nalacharitham 2nd day",Muzhikulam 6:00,Ernakulam,Kerala,India,"Nala 1: Nala: Kala. Gopi, Damayanthi: Kala. Shanmukhan, Hamsan:Kala.Balasubramaniam, Nala 2: Nala: Sadanam Krishnakutty, Damayanthi: Margi Vijayakumar, Kali: Nalliyodu Vasudevan Namboothiri, Pushkaran",Nalacharitholsavam 9447981912,Hari the Midget,archive2008-3q.asp
11-09-08,Keechaka Vadham,Cherukolpuzha 6:00 pm,Pathanamthitta,Kerala,India,"Keechaka: Kala. Ramakrishnan, Panchali: Kala. Haridas, Bheema: Kala. Ulas, Sudeshna: Kala. Arun, Pattu: Kalamandalam Balachandran, Kalanilayam Sinu, Chenda: Kalabharathi Unnikrishnan, Maddalam: Kala. ",Ayroor Kathakali club,Hari the Midget,archive2008-3q.asp
11-09-08,Balivadham (As part of Onam programmes),"Theerthpadamandapam, Fort, Trivandrum 6.30 pm",Trivandrum,Kerala,India,"Madavoor-Rvanana, Kala.Rajeevan-Mareechn,Sanyasi, Kottackal Ravilkumar-Sreerama, Kollam Gireesan-Lakshmana, Kala.Rajasekharan-Seetha, Biju Pathanapuram-Jatayu, Sadanam Krishnankutty-Bali, Margi Murali",Onam Committee,Radhakrishnan. K.,archive2008-3q.asp
10-09-08,"Enbranthiri Sangeethotsavam ( Major Set Kathakali , Nalacharitham padangal Kacheri , T.M Krishna ( Kacheri )","Unnayi Varriyer Smaraka Kalanilayam, Irinjalakuda",Trichur,Kerala,India,Brahmanippaattu -- 9AM to 9.30AM Kalamezhuthu ppaattu --9.30AM to 10AM Manjuthara Kott. Madhu -- 10AM to 11AM Lunch -- 1.30PM to 2PM Kaikottikkali (K.N Omana and party) 2PM to 3PM NALACHARITHAM Padang,Enbranthiri Sangeethosava Committee,Sreekumar,archive2008-3q.asp
10-09-08,"Nalacharitham 1, Kalyanasaugandhikam,Duryodhanavadham",Continuation of Unnayiwarier Kalaniyam Entry 9.30 PM,Trichur,Kerala,India,"Story I- Kala.Gopi,Nelliyodu Vasudevan Namboodiri,Fact Padmanabhan, Kala.Shanmukhadas,Kala.Shuchindranath,TripunithuraRanjith, Story II Kotta.Chandrasekharan,Kala.Shuchindranathan,SadanamKrishnanKutty",Unnayiwarier Smarakam Irinjalakuda,Continuation,archive2008-3q.asp
09-09-08,Sankaran Embranthiri Sangeethotsavam,"Unnayi Varriyer Smaraka Kalanilayam, Irinjalakuda",Trichur,Kerala,India,"Ashtapadi (Vinod Guruvayoor) -- 11.30AM to 12.30PM Thuyilunarthu Paattu, Pulluvan Paattu, Koithu Paattukal -- 2PM to 4PM Krishnaattappada Kacheri -- 4PM to 5PM Karnatic Music (Dr. Jayavatsan J Menon) ",Enbranthiri Sangeethotsava Committee,Sreekumar,archive2008-3q.asp
06-09-08,,janabheri kathakali kendram chuduvalathur,thrissur,Kerala,India,"kottakkal nandakumaran nair and other well known artists[phone number of the organisers-9447995636,04662285901,04872364197",kottakkal nandakumaran nair shashtipurthi commitee,abhimanyu.v,archive2008-3q.asp
06-09-08,"Kuchela Vrittam, Duryodhana Vadham",Thrikkakkara Temple 9 PM,Ernakulam,Kerala,India,"RLV Gopi, FACT Jayadeva Varma, Kala. Sankaranarayanan, Elamakkara Ranjith, Chenda - Kalavedi Murali, Maddalam - Thiruvillamala Venkidi",Temple Committee,Srikumar,archive2008-3q.asp
05-09-08,KALYANA SAUGANDHIKAM,"Ernakulathappan Hall, Ernakulam 6 PM",Ernakulam,Kerala,India,"Bheeman - Kala Sreekumar, Hanuman - FACT Padmanabhan, Panchali - Ratheesan, Pattu - Kala Babu Nabudiri, Kala Sudheesh Kumar, Chenda - Kala Raman Namboodiri, Maddalam - Thiruvillamala Venkiteswaran, Ch","Ernakulam Kathakali Club, ErnakSivakshetra Samithi",Srikumar,archive2008-3q.asp
04-09-08,"Santhana Gopalam, Kiratham",Vallabha Swami Kshethram Tiruvella,Alleppy,Kerala,India,"Kottkal Chandrashekaran, Talavadi Aravindan, Kala. Madhavan Namboothiri, Kalabharathi Harikumar, Kalakendram Muralidharan Namboothiri, Kala. Angadan, Pattu: Palanad Divakaran, Kala. Jayaprakash, Kalan",Vallabha Swami Kshethram Tiruvella,Hari the Midget,archive2008-3q.asp
03-09-08,SUBHADHRAHARANAM,"Layam Ground,Thripunithura 6 PM",Ernakulam,Kerala,India,"Kot. Chandrasekharan-Balabhadran, FACT Padmanabhan-Sreekrishnan,Pattu-Kal.Gopalakrishnan,Kal.Rajeshbabu,Chenda-Kal.Krishnadas,Maddaltam-Kal.Sasi",Thripunithura Kathakali Kendram,Biju Anand,archive2008-3q.asp
02-09-08,Bali Vadham,Vijnanakalavedi 6:00 p.m.,Pattanamthitta,Kerala,India,"Bali: Kala. Ramachandran Unnithan, Sugreeva: Jaya Parithamma, Rama: Laurence, Lakshmana: Marie, Thara: Gagana Namboothiri, Angadan: Sathya,Pattu: Kala. Balachandran, Kalabharathi Suresh, Chenda: Kalab",Vijnanakalavedi,Parithamma,archive2008-3q.asp
28-08-08,Durodhanavadham(From Paripahimam),"Viswambhara temple,Kottakal.7 pm",Malappuram,Kerala,India,Psv nattyasakham trup,Psv nattyasakham,"Mani,vaikom",archive2008-3q.asp
24-08-08,Kamsa Vadham,"SreeKrishna Temple,Waterloo Street, Singapore 8 PM",Singapore,,Singapore,"Kala Binu, Pramod Kumar, Ganesh Iyer, Kalarangam Santhosh, Sarah, Prasad, Music - Sajith, Jayakumar, Percussion - Santhosh Menon, Arun Contact: (+65) 6336-6537 Fax: (+65) 6334-0326 E-mail: nas@pacific","Bhaskar's Arts Academy, Singapore",Ganesh Iyer,archive2008-3q.asp
23-08-08,AMBARISHACHARITHAM,"THURAVOOR MAHASKHETRAM, CHERTALA TALUK",ALLEPPEY,Kerala,India,NOT KNOWN,"ASHTAMI ROHINI KARAYOGAM, THURAVOOR",B. MURALEEDHARAN,archive2008-3q.asp
23-08-08,"Karnasabhatham, Prahlada Charitham","Valluvambuzha Narasimha moorthy kshethram Perimpatari, Mannarkkad,",Palakkad,Kerala,India,"Actors. Kottakkal Chandrasekharan, Kesavan, vasudevan, Devadasan, Sudheer Pattu Kottakkal Narayanan, Madhu, Narayanan, Suresh Chenda Kottakkal Prasad, Sasi Maddalam Kottakkal Ravi, Radhakrishnan etc C","Divakaran Varier, 9447315483",Divakaran Varier,archive2008-3q.asp
23-08-08,Portions : samyamakannorudyan etc.,"Kalamandira, Mandya 6.30 PM",Mandya,Karnataka,India,Probal Guptha,Nrithya Kala Parshad Youth Wing ph.9731152106,Probal Gupta,archive2008-3q.asp
22-08-08,"NALACHARITHAM I,BANAYUDHAM,DAKSHAYAGAM","THIRUNAKKARA MAHADEVAR KSHETHAM AUDITORIUM, KOTTAYAM",KTYM.,Kerala,India,"Kala. Raman kutty Nair,Gopi,Sadanam K.Kutty,Kottakal Chandrasekharan, Kala. Rama. Unnithan, Margi Vijayakumar, Pradeep, shanmugan, Rajeevan etc. MUSIC. KALA. GANGADHARAN, UNNIKRISHNAN, P D NAMBOOTHIRI",KUROOR [MIDUKAN] 60TH BIRTHDAY CELEBRATION,v.madhu kumar,archive2008-3q.asp
21-08-08,"1.Thodayam, Purappadu, Melappadam, 2.Duryodhana Vadham",Changampuzha Park Edappally 3PM (1.) and 7 PM (2.),Ernakulam,Kerala,India,"1. Thodayam- Kala Champakkara Vijayan, Arun Varrier, Purappadu - Shucheendranath, Vipin, Melappadam - Pattu Kala. Babu Nambudiri, Kala Vinod, Chenda Sadanam Vasu, Kala. Unnikrishnan, Maddalam - Cherup","PresidentChangampuzhaKendram,RegistrarKalamandalam",Srikumar,archive2008-3q.asp
20-08-08,"Rukmini Swayamvara, Kuchella Vrittam",Vallabha Swami Kshethram Tiruvella,Alleppey,Kerala,India,"Sadashivan, Kalanilayam Manmadhan, Madhu Varanasi, RLV Rajashekaran, Kalanilayam Vinod, Kala. Bhagyanathan, Girishan, Pattu: Tiruvella Gopikuttan Nair, Kalavedi Suresh, Mangalam Narayana Namboothiri, ",Vallabha Swami Kshethram Tiruvella,Hari the Midget,archive2008-3q.asp
17-08-08,Nalacharitham 4 aam Divasam,"Vivekodayam School, Thrissur town 5 PM",Trisshur,Kerala,India,"Kala. Gopi, Margi Vijayakumar, Kala. Shanmukhan. Paattu -- KalaNila. UnniKrishnan, KalaNila Rajeev. Chenda Kala.UnniKrishnan, Maddalam Kala. Narayanan Nambeeshan",Trissur Kathakali Club,Sreekumar,archive2008-3q.asp
17-08-08,Nalacheritham 1st day,Vijnanakalavedi 6:00 p.m.,Pattanamthitta,Kerala,India,"Nala: Kala. Balasubramanian, Damayanthi: Kala. Kala. Keshavan Namboothiri, Hamsa: Kala. Pradeep, Narada: Kalanilayam Vinod, Pattu: Kala. Mohanakrishnan, Hareesh, Chenda: Kalabharathi Unnikrishnan, Mad",Vijnanakalavedi,Louba,archive2008-3q.asp
16-08-08,"Purappadu,Double Melappadam----Kuchelavritham,SreeRamaPattabhishekam","Vallabha Kshethram,Thiruvalla",Pathanamthitta,Kerala,India,"Kal.Krishnaprasad,RLV rajasekharan,Thiruvala babu ........... Paattu-Thiruvalla Gopikkuttan,Kottakkal Surendran......... Chenda-Thiruvalla Unnikrishnan,Peethamparan....... Madhalam-Kal Achutha Varior.","Temple Ramayana Utsavam-contact Girish-9894881724,",Girish N Iyer,archive2008-3q.asp
16-08-08,NALACHARITHAM 3RD DAY,CHEMBAI MUSIC ACCADAMI. 5:30.PM.,PALAKKAD,Kerala,India,Kottakal PSV Nattyasangam,,"Mani,vathukkodam",archive2008-3q.asp
15-08-08,Duryodana Vadham,"Ernakulathappan Hall, Near SivaTemple, Ernakulam 6 PM",Ernakulam,Kerala,India,"Duryodhanan-Sadanam Krishnankutty,Dussasanam-KalRamchandran Unnithan, RoudraBhiman-Kala Sreekumar, Krishnan-Kala Shanmughan, Panchali-RLV Radhakrishnan, FACT BIju Baskar, Sadanam Mohanan, Chertala Sun",Ernakulam Kathakali club Sivakshetra samit,Srikumar,archive2008-3q.asp
13-08-08,KEECHAKAVADHAM,Kottakkal Viswambhara Temple. 8.30pm,Malappuram,Kerala,India,Kottakkal P S V Nattyasankgam.,,"Mani,Vathukkodam",archive2008-3q.asp
12-08-08,AIR (All Stations in Kerala) will Broadcast Kathakali Pada Kacheri at 10.30 p.m.,AIR (All Stations in Kerala) will Broadcast Kathakali Pada Kacheri at 10.30 p.m.,,Kerala,India,"All India Radio (All Stations in Kerala) will Broadcast the Kathakali Pada Kacheri at 10.30 p.m. held at varanadu Irayimman Thampi Hall, Varanadu, Cherthala. The artists participated were:- Vocal: Kot",,Mani Moosathu,archive2008-3q.asp
12-08-08,Ravana Vijayam (Rambha Pravesam),"Sree Karthika Thirunal Theatre, East Fort, Trivandrum - 6 PM",Trivandrum,Kerala,India,"Ravanan: Injakkattu Ramachandran Pillai, Rambha: Margi Vijaya Kumar, Doothan: Kottakal Ravi Kumar. Vocal: Kala.Rajendran & FACT Damu. Chenda: Kottakal Prasad. Maddalam: Kala.Achutha Varrier. Life Memb","Drishyavedi, Trivandrum Phone -0471-2461554","Drishyavedi, Trivandrum",archive2008-3q.asp
10-08-08,Lavanasura Vadham,Irinjalakuda 'Unnayi Warrier Smaraka Kalanilayam' 6 PM,Trichur,Kerala,India,"Lavanasura Vadham. Hanuman:Kala.Ramankutty Nair, Lavan:Sadanam Narayanan Namboothiri (Naripatta), Kusan:Kala.Manoj. Seetha:Kala.E.V.Vasudevan, Sathrugnan:Kala.Pradeep. Vocal:Kala.Babu Namboothiri, Kal",Thiranottam,Narayanan Koodallur,archive2008-3q.asp
10-08-08,Lavanasuravadham,Venue: IringalakkuTa uNNaayi Variyar kalaanilayam haaL Time:7.30 night,Thrissur,Kerala,India,"Kala.Ramankutti Nair,KG Vasu,etc","Thiranottam,Dubai Email:Thiranottam@gmail.com",Sunil,archive2008-3q.asp
10-08-08,Kalakeyavadham (Poorva Bhagam),"Ayodhya Auditorium, Payyanoor at 4.00 p.m.",Kanoor District,Kerala,India,"Artists of PSV Natyasangam, Kottakkal.",,Mani Moosathu,archive2008-3q.asp
10-08-08,KALYANA SOUGHANDIKAM,THRIPUNITHURA KALIKOTTA PALALCE 5.30 PM KALI,ERNAKULAM,Kerala,India,"FACT MOHAN(BHIMAN) KALANILAYAM MANOJ(PANCHALI), KALANILAYAM GOPI(HANUMAN); KAL VINOD, KAL SUDHEESH(PATTU); KOTTAKAL PRASAD(CHENDA); KAL PRAKASHAN(MADDALAM) KALANILAYM SAJI (CHUTTI); ERROR SASI, ERROR ",TRIPUNITHURA KATHAKALI KENDRAM,RENJITH R,archive2008-3q.asp
09-08-08,Kirmeeravadham (with niNam),Venue: IringalakkuTa uNNaayi Variyar kalaanilayam haaL Time:8.30 night,Thrissur,Kerala,India,"Kala.Gopi,Shanmukhadas,Arun Waryar,Nelliyot,Pariyanampata,Sadanam Krishnan Kutti,Margi Vijaya Kumar, Kala.Sucheendranathan.","Thiranottam,Dubai Email:Thiranottam@gmail.com",sunil,archive2008-3q.asp
09-08-08,Kirmeera Vadham,Irinjalakuda 'Unnayi Warrier Smaraka Kala Nilayam' 6PM,Trichur,Kerala,India,"Kirmeeravadham (Sampoornam)Dharmaputrar:Kala.Gopi,Sreekrishnan:Sadanam Krishnankutty,Simhika&Ninam:Nelliyodu Vasudevan Namboothiri, Lalitha:Margi Vijayakumar,Kirmeeran:Kottakkal Chandrasekhara Varrier",Thiranottam,Narayanan Koodallur,archive2008-3q.asp
03-08-08,Dhuryodhana Vadham,Meloor Kalady Shiva Temple - 7.00 p.m.,Thrissur,Kerala,India,"Dhuryodana-Kottackal Nandakumaran Nair; Dhussasanan-Trippaya Ajith Warrier; Dharmaputhrar,Mumushu-Kala. Bajio; Sakuni-Kala.Pramod; Panchali-Trippaya Peethambaran; Sreekrishnan-Kala. Abhimanyu; Bheeman","Muraleedharan, 9846261645",Venu Nambidi,archive2008-3q.asp
02-08-08,"nalacharitham-II(only kattalan),balivadham(sampoornam)","chingoli,near Haripad.",alapuza,Kerala,India,"Vesham:Kotta:Chandrasekhara varyar,Margi Vijaya kumar,Sadanam Krishnankutty,Nelliyodu Vasudevan naboothiri,Kala:Ramachandran unnithan. Pattu:Pathiyoor Sankarankutty,Kotta:Madhu,Kalanilayam Rajev,Kala:",,"Mani,vathukkodam",archive2008-3q.asp
02-08-08,Srimad Ramayanam,All India Radio (Allappey & Trivandrum Stations) Broadcast,,Kerala,India,"All India Radio (Allappey & Trivandrum Stations) will Broadcast Srimad Ramayanam Kathakali choreographed by PSV Natyasangam, Kottakkal for consecutive 3 Saturdays at 4.00 p.m. (2nd, 9th & 16th August ",,Mani Moosathu,archive2008-3q.asp
27-07-08,NARAKASURAVADHAM,Kalikotta Palace Tripunithura 6 .30 pm,Ernakulam,Kerala,India,Kal Pradeep (Narakasuran); Renjith Tripunihtura(Pathni); Biju Bhaskar(Indran); Kal Shyamalan & Kal Sivadas (Pattu); Kal Krishnadas & Gopikrishnanthampuran(chenda); Kalanilayam Manoj & Kal Vineeth (mad,Kathakali Kendram Tripunithura,RENJITH,archive2008-3q.asp
20-07-08,vamanavatharam,olarikkara bagavathi kshethram olarikkara,Thrissur,Kerala,India,"MAHABALI- KOTTAKKAL NANDAKUMARAN NAIR,SUKHRAN-KALA.ABHIMANYU,VAMANAN- JANABHERI AADHARSH MUSIC- VELLINEZI ACHUTHANKUTTY,PURALIPPURAM LAKSHMANAN NAMBOOTHIRI CHENDA- KRISHNAPRAVEEN POTHUVAL MADDHALAM- K",JANABHERI -9447995636,abhimanyu.v,archive2008-3q.asp
19-07-08,Nalacharitham 1 aam divasam,"Unnayi Varriyer Smaraka Kalanilayam, Irinjalakuda 6PM",Trichur,Kerala,India,"All Ladies Team. Pattu --- Palanattu Divakaran's daughter, Nedumpulli RamMohan's wife",Dr.K.N. Pisharadi Smaraka Kathakali Club,Sreekumar,archive2008-3q.asp
18-07-08,"Lalitha Panchali, ..","National college Auditorium, Jayanagar, 7th Block, Bangalore 6.30 PM",Bangalore,Kerala,India,Probal Guptha..,B'lore Lalita kala parishad,Probal Guptha,archive2008-3q.asp
18-07-08,Ravana Vijayam,"Ernakulathappan Hall, Ernakulam 6 PM",Ernakulam,Kerala,India,"Kala Balasubramanian(Ravanan),Chambakkara Vijayan(Rambha), Kala.Harinarayanan(Doothan), Pattu - Palanad Divakaran, Kalani.Rajeevan, Chenda- Kala.Raman Namboodiri, Maddalam - Kala.Prakashan, Chutti - C",Ernakulam Kathakali club Sivakshetra samithi,Srikumar,archive2008-3q.asp
18-07-08,kathakalipada kacheri,"varanadu Irayimmanthmpi hall,varanadu,cherthala",Alapuza,Kerala,India,"paattu-Kottakal nanayanan,Kottakal Madhu chenda-Kottakall Prasad madhalam-Kottakal Ravi edaka-Kottakal Sasi(Panamanna)",,"mani,vathukodam",archive2008-3q.asp
12-07-08,National Seminar on Performing Arts Kathakali Text & theatre (Sponsd : University Grants Commission),M S M College Kayamkulam on 11th & 12th July 9.30 AM to 4.30,Alapuzha,Kerala,India,1. Body Language in Kathakali (Kal Mukundan); 2. Introduction to Nalacharitham(Dr. P Venugopalan) 3. PErformance of Nalacharitham- Naalam Divasam(1.30 pm) - Kal Shanmukhan(bahukan); Kal Vijaya Kumar (,Sandarsan Kathakali Vidyalayam Ambalapuzha,RENJITH R,archive2008-3q.asp
12-07-08,Duriyodhana Vadham (only Roudra Bheema),Pavukkara near Mannar (4Kms),Alleppey District,Kerala,India,"Krishna: Madhu Varanasi, Roudra Bheema: Kala Pradeep, Panchali: Kala Keshavan Namboothiri, Dushassan: Kalanilayam Vinod, Pattu: Kala Jayaprakash, Parimala Madhu, Chenda: , Maddalam: Tiruvella Jaya Sha",Vijnanakalavedi,Louba Schild,archive2008-3q.asp
12-07-08,BAKAVADHAM,Ambalapuzha SreeKrishna Temple Natakasala 7.00 pm,Alapuzha,Kerala,India,"Kal Mukundan (Bhiman); Kal vijaya Kumar (Lalitha); Kal Shanmughan (Vyasan) Pathiyoor Sankarankutty, Kalanilayam Rajeevan(Music); Kal Krishna Das(chenda); Kalanilayam Manoj (maddalam); Kal Sukumarn (ch",Sandarsan Kathakali Vidyalayam Ambalapuzha,RENJITH R,archive2008-3q.asp
11-07-08,National Seminar on Performing Arts Kathakali Text & theatre,M S M College Kayamkulam on 11th & 12th July 9.30 AM,Alapuzha,Kerala,India,Inaguration : Dr K G Paulose Speakers 1.Sri K B Raj Anad (Evolution of Kathakali and its literature) 2. Demonstration on Kathakali Sangeetham (Sri PAthiyoor Sankarankutty) 3. Text and Performance of K,"Sandasran, MGM College (University Grantscommissio",RENJITH R,archive2008-3q.asp
10-07-08,"Poothanamoksham (Starting with Thodayam, Purappad and Double Melappadam)","Sree Karthika Thirunal Theatre, East Fort, Trivandrum",Trivandrum,Kerala,India,"Poothana (Lalitha) by Kala.Rajasekharan. Purappad: Kala.Mukundan & Suchindranath. Vocal: Kottakal Madhu & Kalanilayam Rajeevan. Chenda: Kala.Krishnadass & Margi Venugopal, Maddalam: Kala.Sasi & Kalani","Drishyavedi, Trivandrum","Drishyavedi, Trivandrum",archive2008-3q.asp
08-07-08,"Kalakeyavadham, Raajasooyam & Duryodhanavadham","Mylvahanam community hall, Shornur",Palakkad,Kerala,India,"KOTTAKKAL KRISHNANKUTTY NAIR- 80th BIRTHDAT CELEBRATIONS (Kacheri, Cholliyattam,Kali) PSV Natyasangham + Asan's disciples:Ko Nandakumaran Nair,ko Shambhu embrandiri, ko Kesavan embranthiri, ko Parames",Janabheri Kathakali & PSV Natyasangham; 9447995636,dr i a k menon,archive2008-3q.asp
08-07-08,"kalakeyavadham, rajasooyam, duryodhanavadham",mayilvahanam community hall chuduvalathur shornur,palakkad,Kerala,India,"kottakkal chandrasekhara variar ,kottakkal nandakumaran nair , kottakkal kesavan kundalayer kotttakkal narayanan ,kottakkal madhu ,",janabheri 9447995636,abhimanyu.v,archive2008-3q.asp
07-07-08,utharasoyamvaram(utharabhagam),"karibuza sreerama kshethram,cherppulaseri,6:30pm",,Kerala,India,kottakkal vasunedungadi anusmaranam-to 9am sangetha aradhana. to 6:30pm kali. kottakal natyasangam,,"mani,vathukodam",archive2008-3q.asp
05-07-08,Rukmini Swayamvaram,"Paramekkavu Devaswam Agrasaala , Near Paramekkavu Temple 6.30PM",Trichur,Kerala,India,"Kott.Vasudevan, Kal. Keshavan Namboothiri, Kott.Sudheer, Kott.Madhu, Vengeri Narayanan Namboothiri, Kott. Prasad, Kott.Radhakrishnan",Thrissur Kathakali Club,Sreekumar,archive2008-3q.asp
04-07-08,Santhana Gopalam,Mukhathala,Kollam,Kerala,India,"Kottakkal Madhu,...",,Sreekumar,archive2008-3q.asp
31-12-08,"Rukamangadacharitham, Balivijayam[with kamaladalam], Kiratham etc.","Unnayiwarrier smaraka kalanilayam, Irinjalakuda 8.30 PM",Thrisoor,Kerala,India,"Kala. Gopi,Sadanam Krishnankutty,Kalani. Gopi, Kalani. Gopinathan, Chambakkara Vijayan etc. Pattu: Established and up and coming artists. Chenda : Kuroor, Kunchunni, Unnikrishnan, Krishnadas etc. Madd",Kala.Unnikrishnan Sashstyabdapurthy org. Committee,v madhu kumar,archive2008-4q.asp
31-12-08,Kathakali padam kacheri,Kalatharangini,Thrissur,Kerala,India,Kala. Babu Namboothiri etc,Kalatharangini,Hari the Midget,archive2008-4q.asp
31-12-08,"Purapad, Rugmangada Charitham, Bali Vijayam, Kiratham",Unnai Warrier Smaraka Kalanilayam 8:30,Thrissur,Kerala,India,"Purapad: Master Harikrishnan, Kumari Aparna, Amritha, Rugmangada: Kala. Gopi, Mohini: Margi Vijayan, Brahmins: Kala. Shanmukhan, Vijayakumar, Sandhyavali: Kala. Arun Warrier, Dharmangada: Kala. Suchee",Kalatharangini,Hari the Midget,archive2008-4q.asp
31-12-08,Kathakali Sangeethika,Unnai Warrier Smaraka Kalanilayam 3:30 pm,Thrissur,Kerala,India,Many artists,Kalatharangini,Hari the Midget,archive2008-4q.asp
31-12-08,Demonstration & Duryodhana Vadham,"Nattika Beach Resort, Thriprayar",Thrissur,Kerala,India,"Demonstration by Sri Kalanilayam Gopi. Duryodhanavadha(Krishnan-Kalanilyam Raghavan,Paanjali-Aiswarya Gopi,Duryodhanan-Vinod Warrier,Dushaasanan-Kalanilyam vinod Kumar,RoudraBheeman-Kalanilayam Maheen",Nattika Beach Resort,Vinod Warrier,archive2008-4q.asp
30-12-08,Duryodhana Vadham,"Thirthapada Mandapam, Thiruvananthapuram",Thiruvananthapuram,Kerala,India,"Panchali: Mathoor Govindankutty, Krishna: Kala. Ratheeshan, Duryodhana: Madavoor Vasudevan Nair, Dussasana: Nelliyodu Vasudevan Namboothiri, Mumukshu: Shafilal, Roudra Bheema: Sadanam Krishnankutty, P","Drisyavedi, Thiruvananthapuram",Hari the Midget,archive2008-4q.asp
29-12-08,Uttharaswayamvaram,"Thirthapada Mandapam, Trivandrum",Trivandrum,Kerala,India,"Utthara: Kala. Shanmukhan, Anthapurastree: Margi Harivalsan, Anthapurastree & Utthara: Margi Sukumaran, Gopalakanmar: Arjun, Anish, Brahannala: Kala. Gopi, Sairandri: Margi Vijayakumar, Pattu: Kalanil","Drisyavedi, Thiruvananthapuram",Hari the Midget,archive2008-4q.asp
28-12-08,Keechaka Vadham,"Thirthapada Mandapam, Trivandrum",Trivandrum,Kerala,India,"Sairandhi: Kala. Rajashekaran, Sudheshna: Margi Harivalsan, Keechaka: Kottakkal Chandrashekara Warrier, Valalan: Margi Balasubramanian, Pattu: Pathiyoor Shankarankutty, Kalanilayam Rajeev, Chenda: Kur","Drisyavedi, Thiruvananthapuram",Hari the Midget,archive2008-4q.asp
28-12-08,Kalyana Saugandhikam,Vijnanakalavedi,Pattanamthitta,Kerala,India,"Bheema: Kala. Kesavan Namboothiri, Hanuman: Kala. Pradeep, Panchali: Gagana, Pattu: Kala. Surendran, Parimanam Madhu, Chenda: Kidangoor Rajesh, Maddalam: Kalabharathi Jayashankar, Chutty: Chengoli Pur",Vijnanakalavedi,Louba,archive2008-4q.asp
28-12-08,Ravanodhbavam,Rohini Kalyana Mandapam (Paramekavu Temple) Trichur TIME : 5.30 pm,Trichur,Kerala,India,Ravanan-Adv.Renjini Suresh(Tripunithura Muncipal Chair Person)Kumbhakarnan Maya Neliyode(Chuvanna Thadi)Vibhishanan- Arya Parapur PATTU: Kala.Gopalakrishnan & Rajesh Menon CHENDA: Kala.Krishnadas & Kt,Thrissur Kathakali Club,Vivek.P,archive2008-4q.asp
27-12-08,Kirmeera Vadham,Karthika Thirunal Theatre Thiruvananthapuram,Trivandrum,Kerala,India,"Dharmaputhran: Kala. Balasubramaniam, Panchali: Kala. Vijayakumar, Daumyan & Durvasa: Attingal Peethambaran, Suryan: Kala. Arun Warrier, Krishna: Kala. Mukundan, Sudarshanam: Margi Suresh, Lalitha: Ma","Drisyavedi, Thiruvananthapuram",Hari the Midget,archive2008-4q.asp
27-12-08,Kalyana Saugandhikam,Cherukolpuzha,Pattanamthitta,Kerala,India,"Kala. Ullas, Arun, FACT Mohan, Pattu: Kala. Surendran, Chenda: Kalabharathi Peethambaran, Maddalam: Kalabharathi Jayashankar",Cherukolpuzha Kathakali Club,Hari the Midget,archive2008-4q.asp
27-12-08,KARNASHAPATHAM,PRIYADARSHINI HALL TRIPRAYAR 7 PM,THRISSUR,Kerala,India,GOPI AASAN AS KARNAN AND OTHER ALL KALA MAJOR SET,KALIMANDALAM TRIPRAYAR 00971505189801,Sadu Engoor,archive2008-4q.asp
27-12-08,"THAADI Scenes of-Udbhvam,Uthraswayavarm,NalcharithmII,Rajasoyam,Duryo'vadham,Bakvadham,Balivadham&Dakshyagam","THAADI ARANGU-2008,ChuvannathadiSangamam-NanuNairSmarkaKalakendrm,Kuruvatoor:8PM",Palakkad,Kerala,India,"THADI-Nelliyod Nambodiri,Ka Kesavadev,Kotakl KesavanEmbrdiri, KavungalDivakaran,Kala Unnithan,PariyanampataDivakaran,KotakalDevadasan,GeethaVerma,Kal.NarayanKutty Kutty,Ka BalakrishnaPillai,Kanil Madh","THAADI ARANGU-2008,04662285901,9847421983",dr vellinezhi achuthan kutty,archive2008-4q.asp
26-12-08,Duryodhana Vadham,"Thirthapada Mandapam, Trivandrum",Trivandrum,Kerala,India,"Duryodhana: Inchakkad Ramachandra Pillai, Bhanumathi: Kala. Sucheendranath, Dussasana: Margi Murali, Dharmaputhra: Kottakkal Ravikumar, Panchali: Margi Suresh, Kutty Bheema: Margi Shafilal, Sakuni: Ma","Drisyavedi, Thiruvananthapuram",Hari the Midget,archive2008-4q.asp
26-12-08,"Poothana Moksham,and Narakasura vadham (Jayanthan ,Lalitha And Nakrathudi)",At 7.30 pm on Pallipparambu kavu temple Thripoonithura,Ernakulam(cochin),Kerala,India,Poothana Moksham by : Sri Thripoonithura Ratheesh Jayanthan : Thripoonithura Vijayan Laitha : Thripoonithura Ranjith Nakrathundi : Maaraarikkulam Muraleekrishnan Vocal : Kalamandalam Sudheesh and Kala,Nill,Muralikrishna,archive2008-4q.asp
25-12-08,"Purapad, Melapadam, Panchali Swayamvaram","Thirthapada Mandapam, Trivandrum",Trivandrum,Kerala,India,"Dharmaputhra: Margi Suresh, Bheema & Drishdadymna: Attingal Peethambaran, Arjuna: Kala. Ratheeshan, Nakula & Karna: Margi Subramaniam, Sahadeva: Anish, Kulalan: Margi Murali, Kunthi, Sakhi: Margi Hari","Drisyavedi, Thiruvananthapuram",Hari the Midget,archive2008-4q.asp
25-12-08,"Purapad , kIRMIRA vA Lalitha Panchali","Koyikkal temple, Kanjoor, Vallarappilli",Ernakulam,Kerala,India,"Sadanam Manoj, FACT Jayadeva Varma, Srikumar, Pattu: Kala Sudhish, Chenda: Gopikrishnan Tampuran, Maddalam: Kalanilayam Manoj",Temple,Jayadevan,archive2008-4q.asp
24-12-08,Santhanagopalam,"Pullankadi Temple, Ambalapuzha",Alappuzha,Kerala,India,"Kal Shanmughan(Argunan); Kal Sucheendran(Sri Krishnan); Kal Vijayakumar(Brahmanan); Kal Jayaprakash, Kal Rajesh Menon; Kalanilayam Ratheesh, Kalanilayam Manoj etc.",Sandarsan Ambalapuzha 9447161980,Renjith R Ernakulam,archive2008-4q.asp
24-12-08,"Nalacharitham Moonnam Divasam, Bali Vadham, Pattabhishekam","Kolathur National LP School, 10 PM",Malappuram,Kerala,India,"Bahukan-Kala.Gopi, Nalan-Kala.Balasubrahmanian, Damayanthi-Kala.Rajashekharan, Sudevan-MPS Nambudiri, Bali-Kala.Ramachandran Unnithan, Sugreevan-Kavungal Divakaran, Kala. Hari Narayanan, Pattu-Kalani.",Thrikalam,Nikhil Kaplingat,archive2008-4q.asp
23-12-08,"Kalyana Sougandhikam, Duryodhana Vadham","Kolathur National LP School, 10 PM",Malappuram,Kerala,India,"Bheeman-Kott. Chandrashekharan, Hanuman-Sadanam Krishnan Kutty, Roudra Bheeman-Kala.Krishna Kumar, Panchali-Kala.Mukundan, Duryodhanan-Kala.SuryaNarayanan,Krishnan-Kotta.Keshavan Kundalayar,Dushassana",Thrikalam,Nikhil Kaplingat,archive2008-4q.asp
23-12-08,Kathakali padam kacheri,Cherukolpuzha 8:30 pm,Pathanamthitta,Kerala,India,"Pattu: Kottakkal madhu, Chenda : Tiruvella Unnikrishnan, Maddalam: Achutha Warrier",Ayroor Kathakali club,Hari the Midget,archive2008-4q.asp
22-12-08,"Rukmini Swayamvaram, Santhana Gopalam",Tiruvella Temple,Alleppey,Kerala,India,"Mathoor Govindankutty, Kala. Madhavan Namboothiri, Kalabharathi Harikumar, Talavedi Aravindan, Tiruvella Babu, Sadashivan, Pattu: Kala. Surendran, Kalanilayam Sinu, Chenda: Kalabharathi Unnikrishnan, ",Tiruvella Temple,Hari the Midget,archive2008-4q.asp
22-12-08,"""rajasooyam, kalyansowgandhikam, duriydhana vadham, nalacharitham III, bali vijayam.","KOLATHUR,",MALAPPURAM,Kerala,India,"KALA. RAMANKUTTY NAIR, KALA. GOPI, NELLIYODU, UNNITHAN,KOTTAKKAL,CHANDRASHEKERAN,KALA. BALASUBRAMANIYAN, ETC.......",THRIKALAM SAMITHI.,jayasanker,archive2008-4q.asp
21-12-08,"Nalacharitham 2nd day, Sri Rama Pattabhishekam","Sri Dharmashasta Kshetranaganam, Thakazhi",Alleppey,Kerala,India,"Madavoor, Sadanam Krishnankutty, Mathoor Govindankutty, Kalanilayam Ragavan, Gopalakrishnan, Ravindranath Pai, Manoj, Vinod, Madhavan, Aravindan, Ramachandran Unnithan, Madhu Varanasi, Chatta. Kochu N",Kalanilayam Karunakara Kurup 60th Birthday,Rajan,archive2008-4q.asp
20-12-08,Kalyana Saugandhikam,Sri Krishna Swami Kshethram,Alleppey,Kerala,India,"Bheema: Kala. Mukundan, Panchali: Kala. Sucheendranath, Hanuman: Kala. Shanmukhan, Pattu: Kala. Jayaprakash, Kalanilayam Babu, Chenda: Kala. Sreekanth, Kalanilayam Ratheeshan, Maddalam: Kala. Achutha ",Sandarshanam Kathakali,Hari the Midget,archive2008-4q.asp
19-12-08,not finalised,"Ghungroo Festival, Ravindra Bhavan, Sougar, Bhopal ( 9 PM - 10 PM )",Bhopal,Kerala,India,"Probal Guptha, Pattu - Kalamandlam Mohanakrishnan Poduval, Chenda and Edakka - Sadanam Sri Hari, Maddalam - Aneesh Kumar","Dept of Culture,M.P, USTAD ALLAVUDIN KHAN Academy",Probal Guptha,archive2008-4q.asp
19-12-08,MOHINI VIJAYAM - Written by P.Rajasekhar Vaikom,Sree Sankara School of Dance : Kalady,Ernakulam,Kerala,India,Details will be updated Later,Sree Sankara School of Dance,Prof: PEETHAMBARAN,archive2008-4q.asp
19-12-08,Sathyavathi Parinayam,"Puttingal Bhagavathy Temple, Paravur, Kollam 7 PM",Kollam,Kerala,India,"Sarvasri Santhanu: Kottakkal Chandrasekhara Varier, Sathyavathi: Kala. Rajasekharan, Arayan: Kala. Ramachandranunnithan, Devavrathan: Kala. Krishnaprasad, Kattalan: Kala Ravikumar, Music: Pattiyoor Sa",The story is written by Sri Kala. Biju Paravur,Ganesh,archive2008-4q.asp
19-12-08,"Sathyavathi Parinayam (By Kalamandalam Biju, Bhaskar arts Akademi, Singapore)",Puttingal Bhagavathy temple at Paravoor 19 Hrs(7PM),Kollam,Kerala,India,"Actors: Sri.KottakkalChandrasekharan, Kalamandalam Rajasekharan, Kalamandalam Ramachandran Unnithan, Kalamandalam Krishnakumar, Kalamandalam Ravikumar (Vocal) Pathiyoor Sankaran Kutty, (Chenda) Kalama","Kalamandalam Biju, Bhaskar arts Akademi, Singapore",C.Ambujakshan Nair,archive2008-4q.asp
18-12-08,"Devayanni Swayamvaram, Kiratham",Chakulatukavu Temple,Alleppey,Kerala,India,"Mathoor Govindakutty, Talavedi Aravindan, Kala Ramakrishnan, Kalani Manmadhan, Kudamaloor Muralikrishnan, Thiruvella Babu, Tatayil Unnikrishnan, Cheriyangeer Pattu: Kala Balachandran, Kalanilayam Raje",Chakulatukavu Temple,Hari the Midget,archive2008-4q.asp
16-12-08,Ravanothbhavam,"Rohini mandapam,Paramekkavu,Thrisoor,6:30PM",Thrisoor,Kerala,India,Ravanan-Adve:Renjini Suresh,Thrisoor Kathakali Klub,"Mani,Vathukkodam",archive2008-4q.asp
14-12-08,Nalacharitham 1st day,Tripunithara,Ernakulam,Kerala,India,"Kala. Ratheesh, Chempakara Vijayan, Pattu: Kala. Unnikrishnan, Chenda: Kala. Unnikrishnan",Tripunithara Kathakali club,Hari the Midget,archive2008-4q.asp
14-12-08,Duryodhanavadham.,T D M Hall.Ernakulam.,Ernakulam.,Kerala,India,"ThonnakkalPethambaran,FACT.Padmanabhan,ThalavadiAravindn,Muralikrishnan,etc....Maddalam;Kala:Manoj&Vineeth.Chenda:TripunithuraGopikrishnan&Srikumar.",,gauthami .,archive2008-4q.asp
13-12-08,Sreekrishnaleela written by: Dr. P. Venugopal,Vijnanakalavedi Aranmula 7:30 pm,Pathanamthitta,Kerala,India,"Krishna: Kala. Mukundan, Devaki: Kala. Vijayan, Yashoda: Kala. Shanmukhan, Pattu: Kala. Babu Namboothiri, Hareesh Namboothiri, Chenda : Kottakkal Prasad, Maddalam: Kalanilayam Manoj, Eddakka: Sadanam ",Vijnanakalavedi,Louba,archive2008-4q.asp
13-12-08,Kathakali padam kacheri,Vijnanakalavedi Aranmula 4:00 pm,Pathanamthitta,Kerala,India,"Pattu: Kala. Babu Namboothiri, Hareesh Namboothiri, Chenda: Kottakkal Prasad, Maddalam: Kalanilayam Manoj, Eddakka: Sadanam Gopalakrishnan",Vijnanakalavedi,Louba,archive2008-4q.asp
10-12-08,"Purappad,Melappadam,Kalayanasogandhikam,Kiratham(sampoornam)","Udayanapuram Subrahmanyaswami Tempel,Vaikom,9pm",Kottayam,Kerala,India,"Master Harigovind(purapadu),Harekrishnan(purapadu),Kumari Gayathri(purapad),Kumari Remyakrishnan(purapad),Kla:kesavan Namboothiri(bhemasenan),Kalabhavanam Geresh(panchali,FACT Pathmanabhan(hanuman),Ka","Kerala Kathakali Centre,Kochi,Ph.No:0484 2215827,2","Mani,Vathukkodam",archive2008-4q.asp
09-12-08,ARJUNA VISHADA VRUT-THAM,SREE KRISHNA SWAMY TEMPLE SOUTH CHITOOR ERNAKULAM-EVENING 7 PM-,ERNAKULAM,Kerala,India,"KAL. BALASUBRAHMONIAN, KAL RAJASEKHARAN, KAL KRISHNA KUMAR, KAL RAJEEV MAYYANAD,KAL VAISHAKHAN, KAL PRADEEP KAL BABU NAMBOOTHIRI, KAL VINOD, KAL.UNNIKRISHNAN, KAL SANKARA WARRIER, SRI GOPI KRISHNAN TH",EKADASI MOHTSAVAM,Raju Vaikom,archive2008-4q.asp
08-12-08,"Kalyana Saugandhikam, Daksha Yagam",UAE 9:00 pm,UAE,UAE,UAE,"Hanuman: Kala. Ramankutty Nair, Bheema: Kala. Gopi, Panchali: Kala. Shanmukhan, Sucheendranathan, Dakshan: Sadanam Krishnankutty, Veerabhadran: Kala. Kala. Vasuuni, Shivan: Kala. Pradeep, Sathi, Daksh",Utsavam UAE,Louba,archive2008-4q.asp
08-12-08,"purapadu,Sethaswayamvaram,Kalyanaswgandhikam,Banaudham","Kumaraneloor Devi Temple,9pm",Kottayam,Kerala,India,"Purappadu,Setha-Kala S Nayir,Purappadu,Lakshmanan-Master Jayapal,Parasuraman-Kotta:Kesavan,Sreeraman-Kala:Prasanth,Dasaradhan-R.L.V.Jayachandran,Bhemasenan-Kala:Krishnakumar,Panchali-Kalakendram Mural","Nalanunni Smaraka Kalakshethram,Kidangoor","Mani,Vathukkodam",archive2008-4q.asp
08-12-08,duryodhanavadham,dharmasasthakhsethram puzakkal thrissur 6pm,thrissur,Kerala,India,dhuryodhanan - kottakkal nandakumaran nair dharmaputhrar - thrippayya anoop variar dhussasanan- kala narayanankutty sakuni- thrippayya ajith variar panchali- thrippayya peethambaran krishnan- kala abh,janabheri kathakali kendram 9447995636,abhimanyu,archive2008-4q.asp
07-12-08,KARNA SAPADHAM,"Bharatiya Vidya Bhavan Hall, Ernakulam, 6 PM",Ernakulam,Kerala,India,"Kottakkal Kesavan, Mathoor Govindan Kutty, Changarappilli Anujan, Pattu - Palnadu Divakaran, Chenda Kunjunni, Maddalam Sankara Warrier","Mali Foundation and Ernakulam Kathakali Club, EKM",Srikumar,archive2008-4q.asp
07-12-08,"Purappadu,Melappadam,Karnasapadham,Balivadham","Kumaraneloor Devi Temple,9pm",Kottayam,Kerala,India,"Durodhanan-kala:Sasendran,Bhanumathi-Kalakendram Muralikrishnan,Karnan-Kotta;Chandrasekhara Varyar,Kunthi-Mathoor Govindankutty,Dusasanan-Panamittam Soman,Ravanan-Kala:Bhagyanadh,Marechan-Kalakendram ","Nalanunni Smaraka Kalakshethram,Kidangoor","Mani,Vathukkodam",archive2008-4q.asp
07-12-08,Rambhapravesham,UAE 9:00 pm to 12:30 am,UAE,UAE,UAE,"Ravanan: Kala. Ramankutty Nair, Doothan: Kala. Pradeep, Rambha: Kala. Shanmukhan, Pattu: Kalanilayam Unnikrishnan, Kottakkal Madhu, Nedumpally RamMohan, Chenda: Kala. Krishnadas, Mattanoor Udayan, Pan",Utsavam UAE,Louba,archive2008-4q.asp
06-12-08,Nalacharitham 3rd day,UAE 4:00 pm to 12:00 am,UAE,Kerala,India,"Bahukan: Kala. Gopi, Nala: Sadanam Krishnankutty, Sudevan: Kala. Vasunni, Rithuparnan: Kala. Pradeep, Damayanthi: Kala. Shanmukhan, Karkodakan&Varshneyan: Kala. Sucheendranathan, Pattu: Kalanilayam Un",,Louba,archive2008-4q.asp
06-12-08,DAKSHAYAGAM,"Pallithrikovil Bhagavathy Temple, Ponnurunni, Vytilla 6.30 pm",Ernakulam,Kerala,India,"Kal Mukundan(Dakshan); Kal Vijayakumar(sathi); Kalanilayam Vinod (sivan); FACT Biju Bhaskar (Vadu, Badrakali); Kal Heri R Nair (veerabadhran); RLV Sunil(nandikeswaran); Kal Pramod(Indran), Kal Akhil (",Renjith R 9447161980,RENJITH R,archive2008-4q.asp
06-12-08,"Kirmeera Vadham, Nalacharitham 3rd day, Nalacharitham 4th day",Vijnanakalavedi Aranmula 8:30 pm,Pathanamthitta,Kerala,India,"Kirmeera Vadham: Lalitha: Kott. Vasudevan, Panchali: Louba Schild, Kari: Kala. Ramachandran Unnithan, Sahadevan: Kalanilayam Ravindranath Pai, Nala 3: Nala: Kala. Prasanth, Bahukan: Kott. Kesavan, Rit",Vijnanakalavedi,Louba,archive2008-4q.asp
05-12-08,"Kalyana Saugandhikam, Santhana Gopalam",Shri Vallabha Swami Temple Tiruvella,Alleppey,Kerala,India,"Rajashekaran, Kala. Keshavan Namboothiri, Varanasi Madhu, Kalanilayam Vinod, Manmadhan, Tiruvella Shivan, Pattu: Tiruvella Gopikuttan Nair, Kalavedi Suresh, Parimanam Madhu, Chenda: Tiruvella Harikuma","Shri Vallabha Swami Temple,Tiruvella",Hari the Midget,archive2008-4q.asp
05-12-08,"POOTHANAMOKSHAM, BAKAVADAM(ASARI)","Pallithrikovil Bhagavathy Temple, Ponnurunni, Vytilla 6.30 pm",Ernakulam,Kerala,India,RLV Radhakrishnan(Lalitha); Kal Ramachandran Unnithan (Asari); FACT Biju Bhaskar(dharmaputrar);RLV Sunil (Bhiman); Kal Pramod (Kunti); Kal Vinod; Kal Rajesh Menon (Pattu); Kal Sreekanth Varma (Chenda),Renjith R 9447161980,RENJITH R,archive2008-4q.asp
05-12-08,"Purapad, Melapadam, Santhana Gopalam, Narakasuravadham",UAE 4:20 pm to 11:30 pm,UAE,UAE,UAE,"Brahmana: Kala. Ramankutty Nair, Arjuna: Kala Gopi, Krishna: Kala. Pradeep, Brahmana Patni: Kala. Shanmukhan, Purapad: Kala. Sucheendranathan, Narakasuran: Sadanam Krishnankutty, Narakathundi: Kala. V",Utsavam UAE,Louba,archive2008-4q.asp
02-12-08,Kichavadham(with mallaudham),"Arppukara subrahmanyaswami temple,kottayam,8:30pm",Kottayam,Kerala,India,"Kechakan-sadanam krishnankuty, sirendri-margi vijayakumar, sudeshna-kutamaloor muralikrishnan, Mallan-kota:devadas,valalan-kota:a.Unnikrishnan. Pattu:kota:madhu,kalanilayam rajevi. Chenda:kuroor vasud",Arppukara devaswam,"Mani,Vathukkodam",archive2008-4q.asp
02-12-08,NalaCharitham 4 m Divasam,"Poornetrayeesa Temple,TPN, 12 PM (after Malladi Brothers Kacheri)",Ernakulam,Kerala,India,"Kal Gopi(Bahukan) Margi Vijayakumar(Damayanthi), Kal Shanmukan (Kesini), Pattu- Palanad Divakaran, Nedumballi Rammohan, Chenda Kala. Unnikrishnan, Maddalam Kotta. Ravi, Chutti- Kalani Saji","Poornetrayeesa Temple, Tripumnithura",Srikumar K,archive2008-4q.asp
01-12-08,"Keechaka Vadham, Lavanasura Vadham","Poornatrayeesa Temple, TPN, 12PM, (after B Sasikumar & Balabaskar Kacheri)",Ernakulam,Kerala,India,"Kotta. Chandrasekharan(Keechakan), RLV Radhakrishnan(Sairandhri), Sukanya Haridas(Sudeshna), RLV Sunal(Valalan), Kala Vijayan(Seetha), Kala Radhakrishnan((Kusan), RLV Pramod(Lavan), Sadanam Mohanan(Sa","Poornatrayeesa Temple, Tripunathure",Srikumar K,archive2008-4q.asp
30-11-08,"Nalacharitham 2nd day, Duryodhana Vadham",Poornatrayeesa Temple Tripunutura12 PM (After Hydrebad Sisters Kaacheri),Ernakulam,Kerala,India,"Nala: Radhika Varma, Damayanthi: Suma Varma, Indran: Archa Varma, Dwaparan: Shama Varma, Pushkara: Premitha Vijayan, Kali: Geetha Ramesh, Krishna: Subhadhra Varma, Panchali: Karthika Varma, Bheema: Pa",Ulsav Kathakali at Uttupura Hall,Hari the Midget,archive2008-4q.asp
30-11-08,Nalacharitham Day 1 - Part 2( Swayamvaram),"Ambalapuzha SreeKrishna Temple, Natakasala 7 pm",Alapuzha,Kerala,India,"Kal Pradeep Kumar, Kal Vijayakumar, Kananilayam Vinod, PAthiyoor Sankarankutty, Kal Jayaprakash, Kalanilayam Manoj, Ratheesh, etc","Sandarsan Kathakali Vidyalayam, Ambalapuzha","Renjith R, Ernakulam",archive2008-4q.asp
30-11-08,prahladhacharitham,govt. model higher secondery school vellamunda vayanad 9pm,vayanad,Kerala,India,"hiranyakasipu - kala abhimanyu prahladan - janabheri aadharsh sukran - thrippayya pethambaran sahapadikal - kala. vipin NARASIMHAM - kottakkal nandakumaran nair chenda-- kala. vijayakrishnan,krishnapr",janabheri kathakali kendram 9447995636,abhimanyu,archive2008-4q.asp
30-11-08,BALIVADHAM,Onamthuruthu Sreekrishna Swamy Temple Auditorium,Kottayam,Kerala,India,"Artists: Young artists trained from Kalamandalam.(Noorarangu). As a part of Nooraragu, the Kali is organised. At Onamthuruthu (North West 7 Kms of Ettumanoor in Kottayam Dist)there is an aswadaka sang","Kalakshtram (Public Library & Reading Room, Onamt",Ananthasivan K Iyer,archive2008-4q.asp
29-11-08,"Dekshayagam,Kiratham","Nalpathonesvaram temple,Cherthala",Alappuza,Kerala,India,Kottakal PSV Natyasangam,,"Mani,Vathukkodam",archive2008-4q.asp
29-11-08,Nalacharitham Day 1 - Part 1,"Ambalapuzha SreeKrishna Temple, Natakasala",Alapuzha,Kerala,India,"Kal Shanmughan, Kal Vijayakumar, Kalanilayam Vinod, Pathiyoor Sankarankutty, Kal Jayaprakash, etc.","Sandarsan Kathakali Vidyalayam, Ambalapuzha","Renjith R, Ernakulam",archive2008-4q.asp
29-11-08,"Santhanagopalam, Kiratham","Poornathrayeesa Temple, Tripunitura 12PM(after T M Krishna kacheri)",Ernakulam,Kerala,India,"RLV Pramod(Krishnan), Kott. Kesavan(Arjunan),kal Kesavan Namboothiri(Brahmanan), Kalani.Krunakaran(Pathni, RLV Akhil(Vridha)) RLV Rangan(Arjunan), RLV Gopi9Kattalan), Kalani Sasi(Kattalastree), RLV Ak","Poornathrayeesa Temple, Tripunitura",Srikumar K,archive2008-4q.asp
28-11-08,Uttharaswayamvaram,Poornathrayeesha Tripunitura 12PM (after Prasanna Venkittaraman kacheri),Ernakulam,Kerala,India,"Kal Srikumar(Duryodhanan), Sadanam Vijayan(Bhanumathi),RLV Akhil(Doothan), Bheeshmar(RLV Pramod), RLV Sunil Pallipuram(Karnan),Kotta Devadas(Karnan), Elamakkara Ranjith(Valalan), Kala Manoj(Uttaran),R",Poornathrayeesha Temple Tripunitura,Srikumar K,archive2008-4q.asp
28-11-08,Rajasuyam,"Therupuram Sreekrishna Temple,Thalayolaparabu,7pm",Kottayam,Kerala,India,"Tarun Moorthi(purapadu,brahmanan),Manimandiram Krishnan potti(brahmanan),Kotta:Devadas(Jarasandhan),Kala:Sunil(Sreekrishnan),Kalabhavanam Geresh(Arjunan,Dharmaputhrar),Kalabhavanam Prasanth(Bheeman),R","Kerala Kathakali Center,Fort Kochi.","Mani,Vathukkodam",archive2008-4q.asp
27-11-08,"Rukmini Swayamvaram, Balivijayam","Poornatrayeesa temple, Tripunithura 12 PM (After Kavalam Srikumar Kacheri)",Ernakulam,Kerala,India,"Kotta. Vasudevan(Rukmini), FACT Padmanabhan(Sundara Brahmanan), Kal Rajeev(Srikrishnan), Kal Balasubramanian(Ravanan) ,Biju Baskar*(Mandodarai),RLV Rajasekharan(bali),Kala Haridas(Naradan),Pattu-Kala ",Poornatrayeesa Ulsav Committee,Srikumar K,archive2008-4q.asp
26-11-08,"Kirmeeravadham,","Poornatrayeesha temple, Trpunithura 12 PM( after O S Thyagarajan kacheri)",Tripunithura,Kerala,India,"Sadanam Krishnankutty(Dharmaputhrar), Sadanam Vujayan(Panchali), RLV Damodara Pisharadi(Dhoumayan, RLV SUnil(Sooryan),Kala Pradeep kumar(Krishnan),RLV Raju(Sudarshanam),Changarappalli Anujan(Dharmaput",Poornatrayeesa Ulsav Committee,Srikumar K,archive2008-4q.asp
25-11-08,"Sandanagopalam,Devayanicharitham,Kiratham","Nalpathonesvaram temple,Cherthala",Alappuza,Kerala,India,Kottakal PSV Natyasangam,,"Mani,Vathukkodam",archive2008-4q.asp
22-11-08,KHARAVADHAM,"CHANGAMPUZHA PARK ,EDAPPALLY",ERNAKULAM,Kerala,India,VANITHA TROOP THRIPPUNITHURA,"kathakaly aswadakasadas ,edappally",P D S NAMPOOTHIRI,archive2008-4q.asp
20-11-08,Nalacharitham 4th day,Kottakal Visvambhara temple,Malappuram,Kerala,India,Kottakal PSV Natyasangam,,"Mani,Vathukkodam",archive2008-4q.asp
17-11-08,"Purappad,Sandanagopalam,Balivadham","Vaikom Mahadeva Tempel,11pm",Kottayam,Kerala,India,"Master Tharun Moorthi(purapadu,angadan),Anuraj(purapadu,thara),Master Arun Moorthi(purapad),Kumari srekutty(purapad), RLV Gopi(sreekrishnan),Kotta:Chandrasekhara Varyar(arjunan),FACT Pathmanabhan(brah","Kerala Kathakali Centre,Kochi,Ph.No:0484 2215827,2","Mani,Vathukkodam",archive2008-4q.asp
16-11-08,"Purappadu,Melapadam,Subhadraharanam,Narakasuravadham,Kiratham","Vikom Mahadeva Temple,10pm",Kottayam,Kerala,India,"Purappadu-Master Govind,Master Harikrishnan,Mis Ramyakrishnan,Mis Gayathri,Brahmanan-Kala:Giresh,Kala:Sunil,Balabhadran-Sadanam Krishnankuty,Sreekrishnan:Sadanam Vijayan,Nakrathundi-Kala:Jayaprakash N","Kerala Kathakali Centre,Kochi,ph.No:0484 2215827","Mani,Vathukkodam",archive2008-4q.asp
16-11-08,Balivijayam,"Rohini mandapam,Paramekkavu,Thrisoor,5PM",Thrisoor,Kerala,India,"Ravanan-kala:harinarayanan,mandothari-haripriya naboothiri,naradan-kalluvazi vasu,bali-kavungal divakara panikar,pattu-nedumpalli rammohan,jishnu nabuthiripatu,chenda-kala:balasundaran,madalam-kala:ku",Thrisoor Kathakali Klub,"Mani,Vathukkodam",archive2008-4q.asp
15-11-08,Sri Rama Pattabhishekam,Nawayikulam (near Thiruvananthapuram),Trivandrum,Kerala,India,"Kala. Ratheesh, Sukumaran, Anilkumar, Parthasarathy, Natyashala Suresh, Ramakrishnan, Prasad, Krishnan, Raveendran Pillai, Margi Suresh, Kalabharathi Vasudevan, Nelliyod Vishnu Namboothiri, Pattu: Kal",Natyashala Suresh 9895757377,Hari the Midget,archive2008-4q.asp
14-11-08,Lavanasuravadham,Sankarankulangara Temple Kanattukara,Trichur,Kerala,India,"Seetha- Vellinezhi Haridas(Son of Kala.Unnikrishnakurupashan)Kushan- Kala.Manoj Lavan - Kala.Harinarayan,Hanuman - Sadanam Bhasi,Bhramanar -Kala. Suchindran & Kala.Thulasikumar,Sathrughnan-Kala.Arun W",Natayapriya,Vivek.P,archive2008-4q.asp
14-11-08,Ambarisha Charitham,Shiva Temple Ernakulam 6 PM,Ernakulam,Kerala,India,"Ambarishan: Cherugapalli Anujan, Durvasavu: Sadanam (Naripatta)Narayana Namboothiri, Sudarshana: Kala. SriKandan Nair, Krithika: FACT Biju Baskar, Brahmin: RLV. Sunil, Pattu: Kala. N.N Kollathapalli, ",Shiva Temple Ernakulam Kathakali Club,Hari the Midget,archive2008-4q.asp
13-11-08,Rukminiswayamvaram,pandalam Kaipuzha srikrishnaswami kshetram - 6 PM,Pattanamthitta,Kerala,India,"Brahmin - Kesavan namboothiri, Rukmini - Ravindranath Pai, Krishnan- Jayadev Varma, Pattu - Kalavedi Suresh, Parimalam Madhu, Chenda Kalanilayam Rathish, maddalam Kalamandalam Achuta Warrier, Chutti -",Kathakali Vazhipadu in Kshetram,Srikumar,archive2008-4q.asp
13-11-08,Rajasooyam,Sankarankulangara Temple- Kanattukar,Trichur,Kerala,India,"Jarasandhan- Kal.Soman,Shishupalan Kala.Manoj,Bhramanakrishnan- Sadanam Bhasi,Bhramanabhiman- Kala.Harinarayanan,Bhramanaarjunan - Chambakara Vijayan,Krishnan - Suchindran,Arjunan - Arun Warrier, Dhar","""Natyapriya""",Vivek.P,archive2008-4q.asp
12-11-08,Rughmangacharitham,Sankarankulagara Temple - Kanattukara,Trichur,Kerala,India,"Rughmangathan - Kala.Shanmughan,Mohini- Kala.Vijayan(Chambakara)Bharamanar-Kala.Arun Warrier & Thulasikumar,Dharmangadhan-Kala.Suchindran,Vishnu-Orupillassery Jishnu,Sandyavali- Janabheri Abhimanyu Pa","""Natyapriya""",Vivek.P,archive2008-4q.asp
11-11-08,Narakasuravadham,Sankarankulangara Temple Kanattukara 7PM,Trichur,Kerala,India,"Narakasuran-Kala.Harinarayan,Pathni-Vellinezhi Haridas,Indran Kala.Thulasikumar Pattu:Nedumbilly Rammohan & Orupillassery Jishnu Chenda:Kala.Nandakumar & Sadanam Ramakrishnan Madhalam:Kala.Hariharan &",NATYAPRIYA,Vivek.P,archive2008-4q.asp
11-11-08,Sreekrishnaleela written by: Dr. P. Venugopalan,"Krthikathirunal Theatre, TVM",Trivndrum,Kerala,India,"Margi Vijayakumar-Devaki, Kala: Mukundan-Sreekrishnan, Kala: Shanmukhan-Yasoda,Kala: Babu Nampudiri,Kalanilayam Rajeevan-Music, Kala: Sreekanth-Chenda,Kalanilayam:Ratheesh-Edakka, Kalanilyam Manoj-Mad","Drisyavedi, Trivandrum",Radhakrishnan Kanjingad,archive2008-4q.asp
10-11-08,Ravanodhbhavam,Sankarankulangara Temple Kanattukara 7 PM,Trichur,Kerala,India,"Ravanan- Kala.Soman,Kumbhakarnan Kala.Arun Warrier,Vibhishanan -Kala. Suchindran Pattu:Kala.Jayaprakash & Kala.Sudheesh Chenda:Kala.Balasundhar & Kala.Nandakumar Madhalam:Sadanam Devadas &Kala.Harihar",Natyapriya,Vivek.P,archive2008-4q.asp
10-11-08,"Kuchella Vrittam, Duryodhana Vadham",Shri Vallabha Swami Temple Tiruvella,Alleppey,Kerala,India,Local Artists,Shri Vallabha Swami Temple Tiruvella,Hari the Midget,archive2008-4q.asp
09-11-08,Karnashapadam,Mali Foundation Thripunithara Rukmini Kalyana Mandapa 6:00 pm,Ernakulam,Kerala,India,"Duryodhana: Smt. Ranjini Suresh, Bhanumathi: Smt. Pramila Vijayan, Karna: Smt. Geetha Ramesh, Dushassana: Smt. Radhika Ajayan, Kunthi: Smt. Radhika Nandakumar, Pattu: Smt. Kumari Varma, Shilaja Varma,",Mali Foundation Thripunithara Rukmini Kalyana Mand,Louba,archive2008-4q.asp
09-11-08,Utharasvayamvaram,"Erayimmanthabi Smaraka Bhavan,Varanadu,Cherthala,8pm",Alappuza,Kerala,India,"Kala:Sreekumar(Durodhanan), R.L.V Sunil, Varanadu Sanal. Pattu-Kala:Rajeshbabu,Kala:Sreejith. Chenda-Kala:Sreekanth. Madhalam-Kalanilayam Manoj. Chuty-Cherthala Visvanadhan. Kaliyogam-Mukabika Devi Ka",Erayemmanthabi Smaraka Trest,"Mani,Vathukkodam",archive2008-4q.asp
09-11-08,"Giving Kalamandlam avads,Rugminiswayamvaram,Durodhanavadham","Keralakalamandalam,Cheruthuruthi",Thrisoor,Kerala,India,Kalamandalam artists,Keralakalamandalam,"Mani,Vathukkodam",archive2008-4q.asp
09-11-08,"Kalyana Saugandhikam, Santhana Gopalam",Shri Vallabha Swami Temple Tiruvella,Alleppey,Kerala,India,Local Artists,Shri Vallabha Swami Temple Tiruvella,Hari the Midget,archive2008-4q.asp
09-11-08,Duryodhana Vadham,Kathakali Ranga Payanur,Kannur,Kerala,India,"Duriyodhana: Kottakkal Devadas, Krishna: Kala. Manoj, Panchali: Kumari Ambali, Dushassana: Chatanur Kunju Narayana, Roudra Bheema: Thonnakal Peethambaran, Pattu: Kala. Gopalakrishnan, Kalanilayam Babu",Kathakali Ranga Payanur,Louba,archive2008-4q.asp
08-11-08,"Kuchelavrutham, Keechakavadham","Unnayi Warrier Smaraka Kalanilayam, Irinjalakuda at 08:30 PM",Thrissur,Kerala,India,"Veshams : Kala.Balasubrahmanian(Krishnan), Mathur Govindankutty(Kuchelan), Chambakkara Vijayan(Rukmini), Sadanam Krishnakutty(Keechakan), RLV Radhakrishnan(Sairandhri), Kalamandalam Mukundan(Valalan);","Neelakandan Anusmarana Comite, Kathakali club, IJK",Vinod Warrier,archive2008-4q.asp
06-11-08,,Shri Vallabha Swami Temple Tiruvella,Alleppey,Kerala,India,Local Artists.,Shri Vallabha Swami Temple Tiruvella,Hari the Midget,archive2008-4q.asp
03-11-08,Nalacharitham Part-1,"Narendraprasad Fountation,Pallarimangalam, Mavelikara-7, Time: 18:00 Hrs",Alappuzha,Kerala,India,Kalamandalam Kathakali troop(Noorarangu team),"Narendraprasad fountation, Mavelikara, 0479 232846",C.Ambujakshan Nair,archive2008-4q.asp
03-11-08,Utharaswayamvaram,"Panchayathu Community Hall, Chennithala (near Mavelikara)",Alapuzha,Kerala,India,Artists: Young Kathakali artists trained from Klalamandalam .(Noorarangu),Chennithala Chellappan Pillai memmorial,C.Ambujakshan Nair,archive2008-4q.asp
03-11-08,Utharaswayamvaram,"Panchayathu Community Hall, Chennithala (near Mavelikara) Time: 18:30 Hrs",Alapuzha,Kerala,India,Artists: Young artists trained from Kalamandalam. (Noorarangu Programme) .(Noorarangu),Chennithala Chellappan Pillai memmorial,C.Ambujakshan Nair,archive2008-4q.asp
02-11-08,Kalyanasogandhikam,"Sreerengam Hall,Suthgate,Thirunakara,Kottayam,4pm",Kottayam,Kerala,India,"Bheman-Sadanam Krishnankuty, Hanuman-Naripatta. Pattu-Kotta:Narayanman,Kalanilayam Rajive. Chenda-kuroor Vasudevan Naboothiri. Madalam-Kala:Achutha Varyar. [Kottayam Kaliyarang's 'Kala:Hidarali Saraka",Kottayam Kaliyarang,"Mani,Vathukkodam",archive2008-4q.asp
01-11-08,,Shri Vallabha Swami Temple Tiruvella,Alleppey,Kerala,India,Local artists,Shri Vallabha Swami Temple Tiruvella,Hari the Midget,archive2008-4q.asp
31-10-08,,Shri Vallabha Swami Temple Tiruvella,Alleppey,Kerala,India,Local Artists,Shri Vallabha Swami Temple Tiruvella,Hari the Midget,archive2008-4q.asp
30-10-08,"Nalacharitham 1st day, Santhanagopalam",Shri Vallabha Swami Temple Tiruvella,Alleppey,Kerala,India,"Kottakal Chandrashekara Warrier, FACT Padmanabhan, RLV Rajashekaran, Radhakrishnan, Kala. Krishnaprasad, Kalakendram Muralidharan Namboothiri, Kalanilayam Vinod, Madhu Varanasi, Pattu: Tiruvella Gopik",Shri Vallabha Swami Temple Tiruvella,Hari the Midget,archive2008-4q.asp
29-10-08,,Shri Vallabha Swami Temple Tiruvella,Alleppey,Kerala,India,Local artists.,Shri Vallabha Swami Temple Tiruvella,Hari the Midget,archive2008-4q.asp
28-10-08,"NARAKASURA VADHAM, NALACHARITHAM 3 DIVASAM, etc.","NATAKASALA, SREE PADMANABHASWAMY TEMPLE, TRIVANDRUM",TRIVANDRUM,Kerala,India,"PROMINENT KATHAKALI ARTISTS PARTICIPATING IN 10 DAYS KATHAKALI PERFORMANCE AT NATAKASALA OF SREE PADMANABHA SWAMY TEMPLE, TRIVANDRUM FROM 28TH OCTOBER 2008 TO 6TH NOVEMBER 2008","NATYASALA KATHAKALI SANGHAM, TRIVANDRUM",NATYASALA SURESH,archive2008-4q.asp
27-10-08,NARKASURAVADHAM (STARTING WITH CHERIYA NARA),"THURAVOOR MAHASKHETRAM, CHERTALA TALUK ,11PM",ALLEPPEY,Kerala,India,"P.S.V. NATYASANGAM, KOTTAKKAL",THURAVOOR KSHETRA BHAKTAJANA SAMITI,"B.MURALEEDHARAN,THURAVOOR",archive2008-4q.asp
26-10-08,BALIVIJAYAM,"THURAVOOR MAHASKHETRAM, CHERTALA TALUK 12.30 AM",ALLEPPEY,Kerala,India,"P.S.V. NATYASANGAM, KOTTAKKAL",THURAVOOR KSHETRA BHAKTAJANA SAMITI,"B.MURALEEDHARAN,THURAVOOR",archive2008-4q.asp
26-10-08,"Duryodhana Vadham, Santhanagopalam",Shri Vallabha Swami Temple Tiruvella,Alleppey,Kerala,India,"Kala. Radhakrishnan, Madhavan Namboothiri, Harikumar, Kalanilayam Karunakara Kurup, FACT Mohan, Talavadi Aravindan, Cheriyangeer Murugan, Tiruvella Babu, Sadashivan, Pattu: Kala. Surendran, Kalanilaya",Shri Vallabha Swami Temple Tiruvella,Hari the Midget,archive2008-4q.asp
25-10-08,"KirmeeraVadham, Kiratham",Kalarcode SriMahadeva Temple - 09.00 PM to 06.00 AM,Alappuzha,Keralam,India,"Vesham: Kottackal Chandrasekhara Varier, Kalamandalam Ramakrishnan, Mathur Govindankutty, Margi Vijayakumar, Kalamandalam Shanmukhan, Kalamandalam Vijayakumar, Kalamandalam Srikumar, Thalavadi Aravind",Alappuzha District Kathakali Club,Haree,archive2008-4q.asp
25-10-08,"Subhadraharanam, Santhanagopalam",Shri Vallabha Swami Temple Tiruvella,Alleppey,Kerala,India,"FACT Padmanabhan, Mohan, Kalanilayam Manmadan, Karunakara Kurup, Ravindranath Pai, Kala. Vijayakrishnan Unnithan, Madhavan Namboothiri, Kalabharathi Harikumar, Chariyangeer Murugan, Tiruvella Sadashiv",Shri Vallabha Swami Temple Tiruvella,Hari the Midget,archive2008-4q.asp
25-10-08,KACHADEVAYANI,"THURAVOOR MAHASKHETRAM, CHERTALA TALUK 12 PM(midnight)",ALLEPPEY,Kerala,India,"P.S.V. NATYASANGAM, KOTTAKKAL",THURAVOOR KSHETRA BHAKTAJANA SAMITI,"B.MURALEEDHARAN,THURAVOOR",archive2008-4q.asp
25-10-08,Kamsa Vadham,"Changampuzha Park, Edappally , 6 PM",Ernakulam,Kerala,India,"Madavur Vasudevan Nair, Chengarappilli Anujan, Margi Muralidharan, FACT Jayadeva Varma, Margi Suresh, Thiruvalla Babu, Margi Sukumaran, FACT Biju Baskar, Pattu - Kala. Surendran, Kala. Gopalakrishnan,",Edappalli Kathakali Aswadaka Sadas,Srikumar,archive2008-4q.asp
24-10-08,DURYODHANA VADHAM WITH KARNASAPATHAM,"THURAVOOR MAHASKHETRAM, CHERTALA TALUK 11 PM",ALLEPPEY,Kerala,India,"Major set with double melapadam P.S.V. NATYASANGAM, KOTTAKKAL",THURAVOOR KSHETRA BHAKTAJANA SAMITI,"B.MURALEEDHARAN,THURAVOOR",archive2008-4q.asp
24-10-08,HarishchandraCharitham,Kalarcode SriMahadeva Temple - 09.00 PM to 06.00 AM,Alappuzha,Kerala,India,"Vesham: Kottackal Chandrasekhara Varier, Kalamandalam Ramakrishnan, Mathur Govindankutty, Margi Vijayakumar, Kalamandalam Shanmukhan, Kalamandalam Vijayakumar, Kalamandalam Srikumar, Thalavadi Aravind",Alappuzha District Kathakali Club,Haree | à´¹à´°àµ,archive2008-4q.asp
23-10-08,Nalacharitham Day1 part 2,"Karthikathirunal Theatre, Fort, TVM",Trivandrum,Kerala,India,"Kala: Krishnakumar-Nalan,Kottackal Ravikumar-Indran,Kala: Balasubramanian-Agni,Margi Suresh-Yaman,Margi Harivalsan-Varunan,Margi Vijayakumar-Damyanthi,Margi Sukumaran-Saraswathi, pathiyoor Sankarankut","Drisyavedi, Trivandrum",Radhakrishnan Kanjingad,archive2008-4q.asp
19-10-08,"Rugmangathacharitham,5pm","Rohini mandapam,Paramekkavu,Thrisoor",Thrisoor,Kerala,India,"Rugmangathan-kotta:nandakumaran nayar,mohini-rlv.radhakrishnan,sandhyavali-kala:kasinadan,vishnu-kala:abhimanu,pattu-kala:n.n.kolathappali,athipatta ravi,chenda-kuroor vasudevan naboothiri,madalam-thr",Thrisoor Kathakali Klub,"Mani,Vathukkodam",archive2008-4q.asp
19-10-08,Nalacharitham-2nd Day (Uthara bhagom),"Sree Poornathrayeesa Temple Oottupura Malika, Tripunithura 5 p.m.",Ernakulam,Kerala,India,"Madavur Vasudevan Nair-Kattalan, Margi Vijayakumar-Damayanyhi, R.V.Sasikumar-Sarthavahan, Haripriya-Rajamathavu, R.L.V.Gopi-Sudevan, Kala.Radhakrishnan-Bheema Rajavu, Vocal-Kottakkal Madhu, Kala.Sudhe",Thripunithura Kathakali Kendram,"Biju Anand, North Paravur",archive2008-4q.asp
17-10-08,Kuchelavruthm,". .Hall, Indira Nagar, Bangalore 0600PM",Bangalore,Bangalore,India,"Kottakkal Nandakumaran Nair,Kala Ezhikode Harikumar, Kala Abhimanyu, Truppayya Peethambaran VOCAL:Ka Sukumaran & Vellinezhi Achuthankutty,CHENDA: KrishnaPravin Poduval MADDLM: Ka Annesh CHUTTI ANIYARA","Janabheri Kathakali Kendram,Trissur: 9447995636",dr i a k menon,archive2008-4q.asp
16-10-08,"Santhanagopalam, Kiratham",Shri Vallabha Swami Temple Tiruvella,Alleppey,Kerala,India,"Kottakkal Chandrashekara Warrier, Mathoor Govindankutty, Talavedi Aravindan, FACT Mohan, Kalanilayam Karunakara Kurup, Kala. Madhavan, Arun, Kalabharathi Harikumar, Tiruvella Sadashivan, Kalakendram M",Shri Vallabha Swami Temple Tiruvella,Hari the Midget,archive2008-4q.asp
15-10-08,Krishnaleela(by Dr. P Venugopalan),Thrissur Thekkinkadu Maidan(in connection with Bhagavatha Sathram) 7 PM,Thrissur,Kerala,India,Kal Vijayakumar(Devaki); Kal Mukundan(Krishnan); Kal Shanmughan(Yasoda); Kal Babu Namboothiri and Kal hareesh ; Kalanilayam Ratheesh(chenda/Edakka); Kalanilaym manoj(Maddalam); Kal Sukuamran(chutti); ,"Sandarsan Kathakali Vidyalayam, Ambalapuzha","Renjith R, Ernakulam",archive2008-4q.asp
14-10-08,Balivijayam(with Kamaladalam),"Ambalapuzha Sreekrishna Swamy Temple ,Natakasala 7 pm",Alappuzha,Kerala,India,"Kal Mukundan(Ravanan); Kal Shanmughan(Mandodhari); Kal Vijayakumar(Naradan) Pathiyoor Sankarankutty, Kal Jayaprakash (Music); Kalnilayam Ratheesh(Chenda); Kalanilayam Manoj(Maddalam); Kal Sukumaran(Ch","Sandarsan Kathakali Vidyalayam, Ambalapuzha","Renjith R, Ernakulam",archive2008-4q.asp
13-10-08,"Kuchella Vrittam, Rukmini Swayamvaram",Shri Vallabha Swami Temple Tiruvella,Alleppey,Kerala,India,"1st story: Kuchella: Mathoor Govindankutty, Krishna: FACT Padmanabhan, Rukmini: Kudamaloor Muralikrishnan, 2nd story: Rukmini: Cheriyangir Murugan, Sundara Brahmana: Kala. Keshavan Namboothiri, Krishn",Shri Vallabha Swami Temple Tiruvella,Hari the Midget,archive2008-4q.asp
13-10-08,"Kuchella Vrittam, Rukmini Swayamvaram",Shri Vallabha Swami Temple Tiruvella,Alleppey,Kerala,India,"1st story: Kuchella: Mathoor Govindankutty, Krishna: FACT Padmanabhan, Rukmini: Kudamaloor Muralikrishnan, 2nd story: Rukmini: Cheriyangir Murugan, Sundara Brahmana: Kala. Keshavan Namboothiri, Krishn",Shri Vallabha Swami Temple Tiruvella,Hari the Midget,archive2008-4q.asp
12-10-08,Kathakalikkaayi oru dinam,"Natyagramam, Thonnakkal (9.15 AM to9.15 PM)",Thiruvananthapuram,Kerala,India,"9:15 AM Kathakali-Enthu, Engine Class by Dr.P Venugopal 11:15 AM Thaalamelangal kathakaliyil Class by Sree.Manoj Kuroor 2:15 PM Kathakali Sangeetham Class by Sree.Pathiyoor Sankaran Kutty and Sree.Kal","Natyagraamam, 9446266422:",Jawaharji K,archive2008-4q.asp
11-10-08,Santhanagopalam,"Vylopilli Samsthrithi Bhavan, Thiruvanathapuram 6 pm",Thiruvananthapuram,Kerala,India,"Kal Sucheendran(Krishnan); Kal Shanmughan(Arjunan); Kal Vijayakumar(Brahmin); Kalanilayam Vinod(Brahmanapathni); Pathiyoor Sankarankutty, Kal Jayaprakash(Music); Kal Ratheesh (chenda); Kalanilayam Man","Sandarsan Kathakali Vidyalayam, Ambalapuzha","Renjith R, Ernakulam",archive2008-4q.asp
09-10-08,"Nalacharitham (3rd day),Thoranaudham","Unnayivaryar Smaraka Kalanilayam,Irinjalakkuda,8pm",Thrisoor,Kerala,India,"9am-'Sangetha Archana',Kathakalisangethamathsaram. 6pm-Kala:Unnikrishna kurup Anusmaranam, 8pm-kathakali Nalan-Kala:Srekumar,Karkodakan-Kalanilayam Madhumohan,Bhahukan-Sadanam Krishnankutty,Rithuparna",Kala:Unnikrishana Kurupp Anusmarana Commetti,"Mani,Vathukkodam",archive2008-4q.asp
08-10-08,"Santhana Gopalam, Baka Vadham",Karikakom Chamundi Temple 9:00 pm,Trivandrum,Kerala,India,"Brahmin: FACT Padmanabhan, Krishna: Natyashala Suresh, Arjuna: Kala. Ratheeshan, Brahmin wife: Kalarangam Girishan, 2nd story: Bheema: Nelliyodu Vishnu Namboothiri, Bakan: Shattanoor Kochu Narayana Pi",Natyashala Suresh 9895757377,Hari the Midget,archive2008-4q.asp
07-10-08,Parts of Plays,"Ganapathi Temple, Banasvadi, Rammoorthy Nagar, Blore 7.15PM",Bangalore,Karnataka,India,Parts of plays like Daksha Yagam. by Probal Guptha,Temple Commettee,Probal Guptha,archive2008-4q.asp
07-10-08,Duryodhanavadham,"Marathoor Vattom , Cherthala 7 PM",Alappuzha,Kerala,India,"Radhika Ajayan, Preetha, Premila, Parvathi Menen, Haripriya, Keertthi, Sailaja, Subhadra, Pooja, Pattu - Kumari Varma, Shailaja Varma, Chenda - Gopikrishnan Tamburan, Maddalam - Kalanilayam Manoj",Vazhipadu of Devotee,Gopikrishnan,archive2008-4q.asp
06-10-08,karnasapadham,panachikkad bhagavathi temple kottayam,kottayam,Kerala,India,"Dhuryodhanan-kala.Gopakumar,Bhanumathi-Thrippayya Pethambaran,Karnan-Kottakkal Nandakumaran Nair,Dussasanan-kala Pramod,Kunthi-Sadanam Vijayan ,Music -Pallam madhavan kalanilayam unnikrishnan kalanila",,m.n.vinayakumar[9447995636],archive2008-4q.asp
06-10-08,Poothana Moksham,"RBANMS School Ground, Near Ulsoor Lake Bangalore 9PM",Bangalore,Karnataka,India,Probal Guptha,"Bengali Association , Ulsoor Bangalo",Probal Guptha,archive2008-4q.asp
03-10-08,"Purapad, Kalyanasaugandhikam, Nizhal Kuttu","Kerala Kalamandalam Koothambalam, Cheruthuruthy",Thrissur,Kerala,India,"Kot. Chandrashekara Warrier, Madavoor Vasudevan Nair, Ichakad, Kala. Prasad, Hari, Ratheeshan, Ramachandran, Rajeev, Anilkumar, Unnikrishnan, Madhu Varanasi, Kalabharathi Vasudevan, Shamdas, Sudeep, J",Kerala Kalamandalam,Hari the Midget,archive2008-4q.asp
03-10-08,Gurudakshina,"T.D.M.HALL, Ernakulam",Ernakulam,Kerala,India,"Sandeepini-Mathoor Govindakutty, Krishnan-Kal. Shanmukhadas, Vasudevar-RLV Sunil, Patni-Chambakkara Vijayan,Kuchelan Arun Ramesh, Kattalan-FACT Biju Baskar,Pattu- Kala.Balachandran, Nedumpally Rammoha",Ernakulam Kathakali Club,Srikumar,archive2008-4q.asp
31-03-09,Kathakali and Mohiniattom,"Jokai Club, Budapest, Hungary - 7 PM",Budapest,NIL,Hungary,(Combined list Kathakali & MohiniAttom)Ranjith Chokkanathapuram Ramamritham Jayasree Kadannamangalath Gopalan Nair Suneesh Madhu Sreekumar Kochuthara Sukumaran Mohanakumar Puthanveettil Kulangara Wils,"Kairali Folk Group, Budapest",Adri,archive2009-1q.asp
30-03-09,"Keechakavadham[Mallayudhathodu Koodi], Dakshayagam","Thamarakkulam Durga Kshethram, Pallipuram, Trivandrum[200 m from CRPF camp]",Trivandrum,Kerala,India,Mallan - Kala Ramachandran Unnithan Kala Krishnakumar - Keechakan Sairandhri - Margi Vijayakumar Valalan - HAri R nair Sudeshna - Kala Sukumaran Dakshan - Kala Balasubrahmanian Sivan - KAla Anil kumar,9895760012,Gopakumar,archive2009-1q.asp
30-03-09,"Nalacharitham 4, Ravanothbhavam, Duryodhanavadham",Njagattary Temple,Palakkad,Kerala,India,"Kottakkal PSV Natysangham, Kala Unnikrishnan (Chenda), Kalani. Unnikrishnan (Pattu)",Njagattary Temple,Sreekanth,archive2009-1q.asp
29-03-09,Dhuryodhanavadham (Sodharanmare thott.....................),"Ravipuram Sree Krishna Temple, Ravipuram, Ernakulam",Ernakulam,Kerala,India,"Dhuryo :Parvathi, Dush:Geetha,RoudraBheeman:Renjini,Shakuni:Maya,Krishnan:Premila,KuttiBheeman:Subhadra,Dharmaputra:Renjini, Pattu :Kumari Varma, Shylaja Varma, Chenda : Rajeev Varma, Gopikrishnan Tha",Ravipuram Temple Trust,Parvathi U Menon,archive2009-1q.asp
28-03-09,Nalacharitham Nalamdivasam,Sankarankulangara Temple - Punkunnam(Kannattukara),Trichur,Kerala,India,"BAHUKAN - PADMASREE KALAMANDALAM GOPI,DAMAYANTHI -KALA. SHANMUKHAN , KESHINI - KALA.ARUN WARRIER CHENDA - KALA.UNNIKRISHNAN MADDALAM- KALA.NARAYANAN NAMBISSAN PATTU: KALA.BABU NAMBOODIRI & NEDUMBILLY ",,Vivek.P,archive2009-1q.asp
28-03-09,"Poothana Moksham, 8.30 p.m.","Andipillikavu Bhagavathi Temple, North Paravur (6 km from N.Pvr towards Kodgr)",Ernakulam,Kerala,India,Thrippayya Peethambaran and others. More details will be updated later.,Temple Committee.,"Biju Anand, North Paravur",archive2009-1q.asp
28-03-09,KALYANASOUGANDHIKOM,"CHANGAMPUZHAPARK,EDAPPALLI",ERNAKULAM,Kerala,India,"KALA:PRADEEP-BHEEMASENAN,SADANAM BHASI-HANUMAN,KALA:SUCHEENDRANATH ETC","KATHAKALI ASWADAKASADS,9446058020",PDS Namboothiri,archive2009-1q.asp
27-03-09,"Kuchela Vrittam (from daanavari...), Duryodhana Vadham (including Geethopadesam)","Unnai Warier Smaraka Kalanilayam Hall, Irinjalakuda. 9.00 p.m.",Thrissur,Kerala,India,"Kuchelan-Kal.Kuttan Asan, Sreekrishnan-Kalanil.Balakrishnan,Rukmini-Kalanil.Vinodkumar Duryodhanan(1)-Kalanil.Gopi,Dusasanan(1)-Kalanil.Varkala Sasi,Dharmaputhar-Kalanil.Damodaran,Bheemasenan-Kalanil.","Dr.K.N.Pisharadi Smaraka Kathakali Club, Ijk.","Biju Anand, North Paravur",archive2009-1q.asp
27-03-09,"Narakasuravadham with Ninam, Dakshayagam (From Ariyathe)","Vazhappally Mahadevar Temple, Vazhappally, Changanacherry",Kottayam,Kerala,India,"Nakrathundi: Kala:Ramachandran Unnithan, Lalitha:Kudamaloor Muralikrishnan, Jayanthan:Kala:Prasanth,Narakasuran:Sadanam Krishnankutty Dakhan:kala:Balasubrahmanian, Sivan:Kala.Krishnakumar, Veerabhadra",Utsava Committee,Ragesh Nandan,archive2009-1q.asp
27-03-09,Nizhal Kuthu,Puttingal Temple Kollam,Kollam,Kerala,India,"Paravoor Shanthan Pilla, Kalavedi Rajan, Kalabharathi Bijulal, Kalarangam Girishan, Mahesh, Vinod, Vishnu, etc",Puttingal Temple,Hari the Midget,archive2009-1q.asp
26-03-09,"Usha - Chithralekha, Nalacharitham - 3rd Day","Vazhappally Mahadevar Temple, Vazhappally, Changanacherry",Kottayam,Kerala,India,"Pakuthipurappadu, Eratta Melappadam - Usha : Kudamaloor Muralikrishnan, Chithralekha: Oyur Ramachandran Velutha Nalan&Rithuparnan:Kala:Prasanth,Bahukan:Kala.Balasubrahmanium,Sudevan: Muralikrishnan. P",Utsava Committee,Ragesh Nandan,archive2009-1q.asp
26-03-09,Karnasapatham,"Karthikathirunal Theatre, Fort TVM 06 p.m.",TVM,Kerala,India,"Kala.Harinaraynan-Duryodhanan,Kalanilayam Vinod-Bhanumathi,Kala-Pradeep-Karnan,Mathoor Govindankutty-Kunthi,Kala. Hari R. Nair-Dussasanan,Kala.Hareesh,Ajesh-Pattu,Kalabharathi Unnikrishnan-Chenda,Marg","Drisyavedi, TVM",Radhakrishnan. K Thiruvananth,archive2009-1q.asp
22-03-09,Kathakali - 'Narakasuravadham',"Gayathri Kalyanamandapam, Thali, Calicut",Calicut,Kerala,India,Nakrathundi-Kottakal Kesan Embraanthiri;Devasthree-Kala.Sajan;Jayanthan-Kala.Vaishaakh;Lalitha-Kala.Rajasekharan;Narakasuran-Kala.Krishnakumar;Narakasura Pathni-Kala.Sajan;Indran-Kala.Vaishaakh; Vocal,SOPANAM (Calicut Chapter),Vaidyanathan,archive2009-1q.asp
21-03-09,Kathakali - 'Nalacharitham Moonam Divasam',"Gayathri Kalyanamandapam, Thali, Calicut",Calicut,Kerala,India,Velutha Nalan-Kala.Manoj;Karkodakan-Kala.Prasobh;Bahukan-Kala.Balasubramonian;Rithuparnan-Sadanam Bhasi;Jeevalan-Kala.Prasobh;Vaarshneyan-Kala.Aravind;Damayanthi-Vellinezhi Haridasan;Sudevan-Kala.Kesa,SOPANAM (Calicut Chapter),Vaidyanathan,archive2009-1q.asp
21-03-09,Santhanagopalam,Paramekkavu Agrashala 6.00 PM,Thrissur,Kerala,India,"Brahmanan - Padmabhushan Ramankutty Nair, Arjunan - Kottakkal Chandrashekhara Warrier, Krishnan - Kottakkal Keshavan, Pattu - Palanad Divakaran Namboodiri",Thrissur Kathakali Club,Nikhil Kaplingat,archive2009-1q.asp
21-03-09,"Santhanagopalam, Kiratham","Thrippoorathu Sreekrishna Temple, Kalampoor, Muvattupuzha 10 pm",Ernakulam,Kerala,India,"Kala Prasanth, Kala Pradeep etc. Pattu kalanilayam Rajeev, Chenda Kala Raman Namboodiri Kathakali aswadaka sangham (Thrippoorathappan Seva Trust)",Kathakali aswadaka sangham (Thrippoorathappan Seva,Jayan Madasseri,archive2009-1q.asp
21-03-09,Nalachritham 3rd.Day,"Gayathri Kalyanamandapam, Tali. Kozhikode.",Kozhikode,Kerala,India,"Kala.Balasubramanian(Baahukan),Kala.Manojkumar(Nalan),Kala.Kesavan Namboodiri,Sadanam Baasi.Kala.prasob,",Sopanam Clt Chapter. Phone 9387999834.,Narayanan.C.M,archive2009-1q.asp
21-03-09,Karnasapadham and Kiratham,"Thrikkariyoor Mahadeva temple, Thrikkariyur 1000 PM-Near Kothamangalam",Ernakulam,Kerala,India,"Major set (both days artists are Padmasree Kala Gopi, Chathanoor Narayana Pillai, RV Sasi kumar, RLV Radhakrishnan, Kala Kesavan Namboothiri, Kalanilayam Rajasekhara Panicker etc. Pattu-Kala Sivadas, ",Kshethropadesakasamithi & Devaswam b oard,Pookote Nandakishor,archive2009-1q.asp
20-03-09,"Poothanamoksham, Seethaswayamvaram and Keechakavadham","Thrikkariyoor Mahadeva temple, Thrikkariyur 1000 PM-Near Kothamangalam",Ernakulam,Kerala,India,"Both days(20th and 21st)artists are Padmasree Kala Gopi, Chathanoor Narayana Pillai, RV Sasi kumar, RLV Radhakrishnan, Kala Kesavan Namboothiri, Kalanilayam Rajasekhara Panicker etc. Pattu-Kala Sivada",Kshethropadesakasamithi & Devaswam b oard,Pookote Nandakishor,archive2009-1q.asp
20-03-09,"Nalacharitham 1st Day, Sreeramapattabhishekam","Sri Rama Temple Ramapuram,Pala",Kottayam,Kerala,India,"Kal Shanmughan(Nalan), Kal Vijayakumar (Damayanthi), Kalanilaym Vinod(hamsam), Kal prasanth, FACt Biju, RLV Suni, PRamod etc. Kott PArameswaran Nambuthiri, Kal Rajendran, Kal Hareesh, Kal Raman Nambut",Renjith R 9447161980,Renjith R Ernakulam,archive2009-1q.asp
20-03-09,"Koodiyaattam - ""Naagaanandam""","Gayathri Kalyanamandapam, Thali, Calicut",Calicut,Kerala,India,"Jeemoothavahanan-Kala.Rama Chakyaar; Malayavathi-Kumari Kala.Aathira; Chathurika(Chedi)-Kumari Kala.Krishnendhu; Aathreyan(Vidooshakan)-Kala.Rama Chaakyaar; Mizhava-Kala.Dhanarajan, Kala.Sanjth Vijaya",SOPANAM (Calicut Chapter),Vaidyanathan,archive2009-1q.asp
19-03-09,"Bakavadham(Asari),Nizhalkuth",Sreekrishna Swamy Temple Mavelikara,Alappuzha,Kerala,India,"Madavoor Vasudevan Nair, kala Ramachandran Unnithan,Kala Balakrishnan,Kala Krishna Prasad, Madhu Varanasi etc......... Pattu: Kalamandalam Surendran,Thiruvalla Suresh,Kala Sreejith Chenda:Kalamandalam",temple Commetee,Kalamandalam Sreekanth Varma,archive2009-1q.asp
19-03-09,"Bakavadham (Ashari), Dakshayagam","Sri Rama Temple Ramapuram,Pala",Kottayam,Kerala,India,"Nelliyodu Vasudevan Namboodiri(Ashari, Veerabhadran), Kal Prashanth(dakshan1); Kal Shanmughan(Dakshan2), Kal Vijayakumar (sathi), Kalanilayam Vinod(Sivan), FACt, Biju Bhaskar, RLV Sunil, RLV Pramod, e",Renjith R 9447161980,Renjith R Ernakulam,archive2009-1q.asp
19-03-09,KARNASAPADAM,"Chinmayajali Auditorium,Thondayad, Kozhikode. 7.30 pm",Kozhikode,Kerala,India,"Padmasree Kalamadalam GOPI,Kala.Krishanakumar,Maargi Vijayakumar,Palanad Divakaran,Nedumbully Rammohan,Kala.Unnikrishan,Kottakkal Ravi and Kala Sivaraman.",Thodayam Kathakaly Club & Chinmaya Mission. Clt,Narayanan.C.M,archive2009-1q.asp
18-03-09,"Ambarisha Charitham, Rajasuyam (10 p.m.)","Parambikulangara Sree Krishna Temple(around 4 kms west-Cheraman Mosque,Kodnglr)",Thrissur,Kerala,India,"Artists From PSV Natyasangam, Kottakkal including Kot.Chandrasekhara Warrier,Kesavan,Kesava Kundalayar,Vasudeva Kundalayar,Devadas, Murali etc. Vocal by Kot.Narayanan,Madhu,V.Narayanan & Suresh Kumar ",Ulsava Committeee,"Biju Anand, North Paravur",archive2009-1q.asp
18-03-09,"Pakuthipurappad,Melappadam,Nalacharitham Moonnam Divasam",Sreekrishnaswamy Temple.Mavelikara,Alappuzha,Kerala,India,"Nelliyodu Vasudevan Nampoothiri, Kala Balasubrahmanyan,Kala balakrishnan,Kala Krishnaprasad,Kala raveendranatha Pai,Madhu Varanasi etc.... Pattu:Pathiyoor Sankaran Kutty,Kala Sajeevan Kala Rajesh Meno",Temple Commetee,Kalamandalam Sreekanth Varma,archive2009-1q.asp
17-03-09,"Nalacharitham 4am divasam,Balivadham",SREEKRISHNASWAMY TEMPLE AMBALAPPUZHA,alappuzha,Kerala,India,"Kala Balasubrahmanyan Kala Shanmughan kala Vijayan KalaVinod etc.... Pattu pathiyoor Sankarankutty,Kala Jayaprakash kala rajesh menon Chenda Kala Krishnadas,Kala Sreekanth Varma Kala ratheesh maddalam",Sandarsan Kathakali Vidyalayam,Kalamandalam Sreekanth Varma,archive2009-1q.asp
17-03-09,"Subhadraharanam, Prahlada Charitham",Thirumullavaram Mahavishnu Temple,Kollam,Kerala,India,"Padma Sree Kalamandalm Gopi, Thonnaykkal Peethambaran, Kala.Ramachandranunnithan, Mayyanad Kesavan Namboothiri, Fact Padmanabhan, Chathannoor Kochu Narayana Pillai, Kalanilayam Gopakumar, Kala. Rajeev",Kollam Kadhakali Club,Mynagappally Gopakumar,archive2009-1q.asp
16-03-09,"Nalacheritham 1st day, Nalacheritham 2nd day",Thirunakkara Mahadeva Kshetram Kottayam 10:00 pm,Kottayam,Kerala,India,"Kottakkal Chandrashekara Warrier, Kesavan Kundalayar, Vasudevan Kundalayar, Haridasan, Devadas, Sudheer, Muralidharan, Rajumohan, Unnikrishnan A., Unnikrishnan CM, Sunilkumar, Manoj, Pradeep, Pattu: K",Thirunakkara Mahadeva Kshetram,Hari the Midget,archive2009-1q.asp
16-03-09,"Krishnaleela, Nizhalkuth",Sreekrishna Swamy Temple Ambalappuzha,Alappuzha,Kerala,India,"Madavoor Vasudevan Nair.Kala Ramachandran Unnithan KalaShanmughan,Kala Vijayan,Kala Vinod etc.......... Pattu Pathiyoor Sankarankutty Kla Jayaprakash Kala Rajesh Menon Chenda Kalamandalam Sreekanth Va",Sandarsan Kathakali Vidyalayam Ambalappuzha,Kalamandalam sreekanthVarma,archive2009-1q.asp
15-03-09,Prahlaada Charitham,"Kumarapuram Temple, Poochetty",Thrissur,Kerala,India,"Hiranyan - Kalanilayam Gopi, Prahlaadan - Kala. Sucheendran, Sukran - Kalanilayam Vinod, Narasimham - Vinod Warrier Sangeetham - Nedumpilly Sudheesh Chenda - Hareesh",Uthsavaaghosha Committee,Vinod Warrier,archive2009-1q.asp
15-03-09,Kirmira Vadham,"Kalikotta Palace, Tripunithura 5 p.m.",Ernakulam,Kerala,India,"Sri. Pariyanampatta Divakaran-Simhika,Kalnil.Gopalakrishnan-Lalitha, Sri.Rathish-Panchali, R.L.V.Akhil-Sahadevan Pattu-Sri. Palanad Divakaran,Kal.Sudheesh Chenda-Kalnil.Kunjunni,Madalam-Kal.Gopikuttan",Tripunithura Kathakali Kendram,"Biju Anand, North Paravur",archive2009-1q.asp
15-03-09,"KACHADEVAYANI, NIZHAL KUTHU","SriKrishna Swami temple, Manjummel, Eloor ,.. 10 PM",Ernakulam,Kerala,India,"Madavur Vasudevan Nair, Padmasri Kalamandalam Gopi, FACT Padmanabhan, R.L.V. Gopinathan, Kalamandalam Sreekumar, Kalamanadalam Shanmughan etc. Pattu, Kalani Unnikrishnan, Kalani Rajeevan etc.",Temple Committee,Sreevalsan,archive2009-1q.asp
14-03-09,Daksha Yaagom,"Kumarapuram Temple, Poochetty",Thrissur,Kerala,India,"Dakhshan - Kalanilayam Gopi, Veerabhadran - Vinod Warrier, Sathi - Kala. Sucheendran, Sivan - Kala. Vinod Sangeetham - Nedumpilly Sudheesh Chenda - Hareesh",Uthsavaaghosha Committee,Vinod Warrier,archive2009-1q.asp
10-03-09,Karnasaphatham & Kalyanasaugandhikam,Aatugal Khsetram 11 PM,Trivandrum,Kerala,India,"Nelliyode Vasudevan Nampothiri,Injekad Ramachandran Pillai, Mathoor Govindan Kutty Etc",Margi,Rajeev,archive2009-1q.asp
09-03-09,Kiraatham,"Korumbissery Temple, Irinjalakuda",Thrissur,Kerala,India,"Kattalan - Kalanilayam Gopi, Arjunan - Vinod Warrier",Korumbissery Temple,Vinod Warrier,archive2009-1q.asp
08-03-09,"Nala Cheritham 1st Day, Keechaka Vadham, Sathyavathiswayamvara, Dakshya Yagam",Shasta Temple Paravoor 7:00 pm,Kollam,Kerala,India,"Kala. Gopi, Madhavankutty, Biju, Sadanam Krishnankutty, Madavoor Vasudevan Nair, RLV Radhakrishnan, Chattannoor Narayanan Pillai, Thonnakkal Peethambaran, Pattu: Kala. Mohanakrishnan, Pathiyoor Shanka",Shasta Temple Paravoor,Hari the Midget,archive2009-1q.asp
08-03-09,"Nalacharitham 1st day, Keechaka Vadham, Sathyavathiswayamvara, Dakshayagam",Shasta Temple Paravoor 7:00 pm,Ernakulam,Kerala,India,"Kala. Gopi, Madhavankutty, Rajasekaran, Kochu Nair Madavoor Vasudevan Nair, Sadanam Krishnankutty, Thonnakkal Peethambaran, Pattu: Kala. Mohanakrishnan, Pathiyoor Shankarankutty, Kala. Balachandran, S",Shasta Temple Paravoor,Hari the Midget,archive2009-1q.asp
08-03-09,Subhadraharanam(II nd part),"Sreerengam Hall,Suth gate,Thirunakara,4pm",Kottayam,Kerala,India,"Brahmanar-Kudamalur Appukuttan & Kudamalur Muralidharan Naboothiri, Bhalabhadran-Kala:Krishnakumar, Sreekrishnan-Kala:Mayanad Rajive, Arjunan-Thiruvanchiyur Subhash, Subhadra-Kudamalur Muralidharan Na","Kaliyarangu,Kottayam.Ph:9446432850","Mani,Vathukkndam",archive2009-1q.asp
08-03-09,Kuchella Vrittam,Sri Vallabha Maha Kshetram Tiruvella 3:00 am,Alleppey,Kerala,India,"RLV Rajasekaran, Kalanilayam Vijayan, Tiruvella Sadashivan, Takari Sushama, Pattu: Kala. Rajendran, Mangalam Narayana Namboothiri, Chenda: Kalabharathi Peethambaran, Maddalam: Tiruvella Unnikrishnan",Sri Vallabha Maha Kshetram Tiruvella,Hari the Midget,archive2009-1q.asp
07-03-09,Kiratham,Sri Vallabha Maha Kshetram Tiruvella,Alleppey,Kerala,India,"Kalanilayam Ravindranath Pai, Vinod, Tiruvella Babu, Sadashivan, Pattu: Kalabharathi Suresh, Mangalam Narayana Namboothiri, Chenda: Kalabharathi Peethambaran, Maddalam: Kalabharathi Jayashankar",Sri Vallabha Maha Kshetram Tiruvella,Hari the Midget,archive2009-1q.asp
07-03-09,Santhana Gopalam,Trivandrum Somwhere,Trivandrum,Kerala,India,"Arjuna: Kala. Sashidharan, Krishna: Kalabharathi Vasudevan, Brahmin: Kala. Kesavan Namboothiri, Brahmin wife: Attingal Devi Durga, Pattu: Kala. Jayaprakash, Kalanilayam Babu, Chenda: Kala. Shivadasan ",Trivandrum somewhere,Louba Schild,archive2009-1q.asp
06-03-09,Rukmangada Charitham,"Ernakulathappan Hall (beside Siva Temple), Ernakulam 6PM",Ernakulam,Kerala,India,"Kala. Balasubramanian , RLV Radhakrishnan, R.L.V Sunil, Pallippuram Sunil, Pattu Kala. N.N. Kolathapilli , FACT Damu, Chenda Gopikrishnan Tampuran, Maddalam Thiruvillamala Venkitesan",ERNAKULAM KATHAKALI CLUB,Srikumar,archive2009-1q.asp
06-03-09,Santhana Gopalam,Sri Vallabha Maha Kshetram Tiruvella,Alleppey,Kerala,India,"RLV Rajasekaran, Kala. Krishnaprasad, Chengoli Gopalakrishnan, Madhu Varanasi, Pattu: Kala. Surendran, Mangalam Narayana Namboothiri, Chenda: Tiruvella Harikumar, Maddalam: Tiruvella Unnikrishnan",Sri Vallabha Maha Kshetram Tiruvella,Hari the Midget,archive2009-1q.asp
05-03-09,Devayaneecharitham,Kottamkulangara Devi Temple,Alappuzha,Kerala,India,"Actors:Kala.Krishnakumar,Math:Govindankutty,Kalakendrm:Muraleekrishnan,RLV Sunil-Music:Kot.Madhu-Chenda:Kur.Cheirya Vasudevan Namboodiri-Maddalam:Kala.Achutha Warrier",Temple Trust,Sreeram,archive2009-1q.asp
05-03-09,"Santhana Gopalam, Nalacheritham 4th day",Sri Vallabha Maha Kshetram Tiruvella 1:00 am,Alleppey,Kerala,India,"Kala. Manmadhan, Kesavan Namboothiri, RLV Rajasekaran, Kalanilayam Ravindranath Pai, Madhu Varanasi, Tiruvella Sadashivan, Pattu: Tiruvella Gopikuttan Nair, Parimanam Madhu, Mangalam Narayana Nambooth",Sri Vallabha Maha Kshetram Tiruvella,Hari the Midget,archive2009-1q.asp
05-03-09,"purappad, m.padam,nalacharitham 3rd day,kiratham","pazhayakavu temple (full night),pallassana",palakkad,Kerala,India,"psv natya sangam,pathiyoor(pattu)",pallassanana pazhayakavu temple,KARAT HARIDAS,archive2009-1q.asp
04-03-09,"Seetha swayamvaram,keechaka vdhm,bali vadhm","pazhayakavu temple (full night),pallassana",palakkad,Kerala,India,"psv,kala unnikrishnan(pattu) kala krishna das(chenda)",pallassanana pazhayakavu temple,KARAT HARIDAS,archive2009-1q.asp
04-03-09,"Kalyanasougandhikam,Kiratham","Thrippakudam Mahadevar Temple,Vechoor (Near Vikom) 7pm",Kottayam,Kerala,India,"Ettumanoor Kannan Kala Shanmughan Kala Vijayan Kala Vinod etc...... Pattu Kalanilayam Rajeevan etc....... Chenda Kala Sreekanth Varma,Kala Ratheesh Maddalam Kalanilayam Manoj,Kala vineeth",Sandarsan Kathakali Vidyalayam Ambalappuzha,Kalamandalam sreekanth Varma,archive2009-1q.asp
04-03-09,nalacharitham 4thday,varkala - details later,tvm,Kerala,India,"kala.gopi, margi vijayakumar",,dr.biju,archive2009-1q.asp
04-03-09,"Nalacharitham 1st day, Duryodhana Vadham",Sri Vallabha Kshetram Tirvuella,Alleppey,Kerala,India,Kalamandalam troup.,Sri Vallabha Kshetram,Hari the Midget,archive2009-1q.asp
03-03-09,"Rugmangatha Charitham, Narakasura Vadham, Kiratham","Keezhillam Mahadeva Temple, Full night",Ernakulam,Kerala,India,"Kala. Balasubrahmanian, Kala. Rajasekharan, Kala. Sreekumar, Palanadu Divakaran, Kala. Vijayan, Sadanam Vijayan, Kala. Soman, Nedumpilly Raman, Kala Sudheesh, Achutha Varrier, Kala Manoj, Kala. Kunchu",,Mahesh V.A.,archive2009-1q.asp
03-03-09,Nalacheritham 3rd day,Sri Vallabha Kshetram Tiruvella 1:00 am,Alleppey,Kerala,India,"Nala: Tiruvella Harikumar, Damayanthi: Kala. Madhavan Namboothiri, Karkodakan: Thalavadi Aravindan, Bahuka: FACT Mohan, Sudeva: FACT Padmanabhan, Rithuparna: Kalanilayam Karunakara Kurup, Jeevalan: Ka",Sri Vallabha Kshetram,Hari the Midget,archive2009-1q.asp
03-03-09,nalacharitham 3rd day,"thonnakkal,attingal, more details later",tvm,Kerala,India,"kala.gopi, margi vijayakumar",,dr.biju,archive2009-1q.asp
03-03-09,Rugmangatha chm.Duryodhana vadham,"pazhayakavu temple (full night),pallassana",palakkad,Kerala,India,"psv,kala unnikrishnan(pattu)",pallassanana pazhayakavu temple,KARAT HARIDAS,archive2009-1q.asp
02-03-09,Santhana Gopalam,Sri Vallabha Maha Kshetram Tiruvella 1:00 am,Alleppey,Kerala,India,"Arjuna: Kala. Gopi, Brahmin: Mathoor Govindankutty, Krishna: Kalanilayam Vinod, Brahmin wife: Kalakendram Muralidharan Namboothiri, Tiruvella Sadashivan, Kumari Amaya, Shabu, and Sukritha Raghu, Pattu",Sri Vallabha Maha Kshetram Tiruvella,Hari the Midget,archive2009-1q.asp
02-03-09,"Nalacharitham One, Rajasooyam, PRAHLATHACHARITHAM",Pallassana Pazhayakavu Temple : full night,palakkad,Kerala,India,"psv, kala unnikrishnan(pattu)",pazhayakavutemple,karatharidas,archive2009-1q.asp
01-03-09,"Karnasapadham, Kiratham","Ettumanoor Mahadevar Temple,Ettumanoor",Kottayam,Kerala,India,"Karnasapadham - Karnan:Fact Mohanan, Kunthi:Mathoor, Duryo:Kala.Bhagyanathan Kiratham - Arjunan:KALA.GOPI, Kattalan:Kala.Ramachandran Uniithan, Kattalasthree:Muralikrishnan, Pattu:Pathiyoor, Babu Namb",Utsava Comittee,Ragesh Nandan,archive2009-1q.asp
01-03-09,"Poothana moksham,s.gopalam.D.yagam",PALLASSANA,palakkad,Kerala,India,psv natyasangam,pazhayakavutemple,KARAT HARIDAS,archive2009-1q.asp
01-03-09,"Kalyanasougandhikam ,Balivijayam",Nedumudi Kpottaram Bhagavathi temple,Alappuzha,Kerala,India,Kalamandalam Pradeep Kala Shamughan Kala Vijayan etc.......Chenda Kalamandalam Sreekanth Varma Kalamandalam Sreekumar Maddalam Evoor Madhu,TEMPLE COMMETEE,Kalamandalam Sreekanth Varma,archive2009-1q.asp
01-03-09,PRAHLADHACHARITHAM,"CHUDUVALATHUR SIVAKSHETHRAM ,SHORNUR",PALAKKAD,Kerala,India,"HIRANYAKASIPU - KALA ABHIMANYU PRAHLADAN - JANABHERI AADHARSH SUKRAN - KALA VIPIN SAHAPADIKAL- KALA BAJIYO AND OTHERS NARASIMHAM - KOTTAKKAL NANDAKUMARAN NAIR MUSIC - KALA MOHANAKRISHNAN, VELLINEZHI A",JANABHERI CHUDUVALATHUR 9447995636,ABHIMANYU.V,archive2009-1q.asp
28-02-09,"Kirmira Vadham , Keechaka Vadham","Annamanada Mahadeva Temple, Annamanada, 10.30 p.m.",Thrissur,Kerala,India,"Kirmira Vadham -Kal.Gopi,Kal.Narayanan,Kal.Shanmughan, Kal.Arun Varier and Champakkara Vijayan Keechaka Vadham-Kal.Pradeep,Champakkara Vijayan & Trippayya Peethambaran Pattu-Kalanilayam Unnikrishnan, ",Ulsava Committee,"Biju Anand, North Paravur",archive2009-1q.asp
28-02-09,"Nalacharitham second day,Thoranayudham",Thiruvegappura Maha Deva Kshethram 8 P.M.,Palakkad,Kerala,India,"Nalacharitham By Sadanam Sad Harikumar,Sad Shreenath,Pariyanampatta,SadVishnu prasad,SAd Arun babu,SadManikandhan,Sad Narayanan Namboothiri Thorarayudham.Hanuman Kottakkal Nandakumar,Ravanan Kalanilay","Sevasamathi, Thiruvegappua 9846183939",Raman Bhattathiripad,archive2009-1q.asp
28-02-09,"Nalacharitham 1st Day, Balivijayam","Ettumanoor Mahadevar Temple, Ettumanoor",Kottayam,Kerala,India,"PSV Natyasangham, Kottackal",Utsava Committee,Ragesh Nandan,archive2009-1q.asp
28-02-09,"Nalacharitham-I, Balivijayam","Ettumanoor Mahadeva Temple, 9pm",Kottayam,Kerala,India,Kottakal PSV Nattyasangham Troupe,,"Mani,Vathukkodam",archive2009-1q.asp
27-02-09,Sampoorna Ramayanam,"Ettumanoor Mahadevar Temple, Ettumanoor",Kottayam,Kerala,India,Kottackal PSV Natyasangham,Utsava Committee,Ragesh Nandan,archive2009-1q.asp
27-02-09,SampoornaRamayanam,"Ettumanoor Mahadeva Temple, 9pm",Kottayam,Kerala,India,Kottakal PSV Nattyasangham Troupe,,"Mani,Vathukkodam",archive2009-1q.asp
27-02-09,Krishnaleela,Poothrikka sreekrishna swamy Temple Irumbanam 6.30 pm,Ernakulam,Kerala,India,Kala Shanmughan Kala Vijayan Kala Mukundan etc.... pattu Kala Jayaprakash Kala Rajesh Menon Chenda&Idakka Kalamandalam Sreekanth Varma Maddalam Kalanilayam Manoj,Sandarsan Kathakali Vidyalayam Ambalappuzha,Kalamandalam Sreekanth Varma,archive2009-1q.asp
27-02-09,Kiraatham,"Kandeswaram Temple, Irinjalakuda at 07:30 PM",Thrissur,Kerala,India,"Kattalan - Kalanilayam Gopi, Kattala Sthree - Jayanthy, Arjunan - Vinod Warrier",Sivarathri Aaghosha committee,Vinod Warrier,archive2009-1q.asp
27-02-09,Sri Vallabha Cheritham,Sri Vallabha Maha Kshetram Tiruvella 2:00 am,Alleppey,Kerala,India,"FACT Jayadeva Varma, Kalanilayam Karunakara Kurup, Manmadhan, Kala. Madhavan Namboothiri, Kalabharathi Harikumar, Pattu: Kala. Rajendran, Mangalam Narayanan Namboothiri, Chenda: Kalabharathi Peethamba",Sri Vallabha Maha Kshetram Tiruvella,Hari the Midget,archive2009-1q.asp
26-02-09,Duryodhanavadham,Thiruvegappura Maha Deva Kshethram Time 7.00 P.M,PalakkadKuma,Kerala,India,"Krishan kumari Induja,panchali Veena,Duryodanan Shruthi Viswambharan,Roudrabhiman Dressaya, Dussaasanan Jishunu, Sabha Neeraj Panayoor Music Manoj pulloor,Nedumpalli Rammohan,Panayoor Kuttan,Chenda Ka",Sargavedi Thiruvegappura 9846183939,Raman Bhattathiripad,archive2009-1q.asp
26-02-09,Uttaraswayamvaram,Varanadu Temple,Alappuzha,Kerala,India,,Varanadu Temple,manueaswn@hotmail.com,archive2009-1q.asp
26-02-09,Lavanasuravadham,"Karthikathirunal Theatre, Fort TVM 06 p.m.",TVM,Kerala,India,"Ranjini Suresh-Hanuman,Haripriya Nampudiri-Seetha,Aarcha Gowri Varma-Lava,Gopika Vasanthan-Kusa,Pooja Menon-Sathrughnan,Dee[a Pradeep,Sreeranjini-Pattu,Gopikrishnan Thampuran-Chenda,Margi Ratnakaran-M","Drisyavedi, TVM",Radhakrishnan. K Thiruvananth,archive2009-1q.asp
25-02-09,KEECHAKA VADHAM,"Paramara Temple, Ernakulam North. 8PM",Ernakulam,Kerala,India,"Adv.Ranjini Suresh, Haripriya, Pattu - Deepa Palanadu, Chenda- Gopikrishnan Thampuran, Maddalam Kala. Vineeth.",Temple Committee,Srikumar,archive2009-1q.asp
25-02-09,Utharaswayamvaram Sampoornam,Varanadu Devi Temple Cherthala,Alapuzha,Kerala,India,"Sadanam Krishnan kutty, kalamandalam Balasubrahmanyan Kala sreekumar......etc Pattu: Cherthala Thankappa Panicker,Kalanilayam Unnikrishnan, Kottakkal Madhu...etc Chenda: Kalamandalam Raman Namboothiri",Temple Commitee,Kalamandalam Sreekanth Varma,archive2009-1q.asp
25-02-09,Kalyana Saugandhikam,Cherukolpuzha,Pattanamthitta,Kerala,India,"Kala. Ullas, Arun, FACT Mohan, Pattu: Kala. Surendran, Chenda: Kalabharathi Peethambaran, Maddalam: Kalabharathi Jayashankar",Cherukolpuzha Kathakali Club,Hari the Midget,archive2009-1q.asp
25-02-09,Dakshayagam (Sampoornam),Varanadu Devi Temple Cherthala,Alappuzha,Kerala,India,"Sadanam Krishnankutty,Kala Balasubrahmanyan,Kala Sreekumar etc......... Pattu Chertala Thankappa Panicker,Kalaniyayam Unnikrishnan,Kottakkal Madhu etc.. Chenda Kala Raman Namboothiri,Kala Unnikrishnan",Temple Commetee,Kalamandalam Sreekanth Varma,archive2009-1q.asp
24-02-09,Kuchella Vrittam,Cherukolpuzha,Pattanamthitta,Kerala,India,"Kala. Ullas, Arun, FACT Mohan, Chenda: Kalabharathi Peethambaran, Maddalam: Kalabharathi Jayashankar",Cherukolpuzha Kathakali Club,Hari the Midget,archive2009-1q.asp
24-02-09,"Nalacharitham 1st Day, Keechakavadham","Punnackal Bhagavathy Temple, Elamakkara",Ernakulam,Kerala,India,"RLV PRamod (Purappadu, sakhi); Kal Balasubramanian (Nalan); Kal sucheendaran(Naradan, Sudeshna);FACT Padmanabhan(Hamsam); Kal Vijayakumar(Damayanthi); Kal Sreekumar (keechakan), Kal Shanmughan(Syrandh",Sandarsan Ambalapuzha- Renjith R 9447161980,Renjith R Ernakulam,archive2009-1q.asp
24-02-09,portions of kathas,KUMBHAKONAM (natyanjali festival ),thanjavur,Kerala,India,probal guptha performing with recorded music,natyanjali,probal guptha,archive2009-1q.asp
23-02-09,parts of stories,CHIDAMBARAM (Natyanjali Fest.),Thanjavur,Kerala,India,"probal guptha, Pattu - Sukumar G. Kutty, Chenda & Edakka -Kala. Gopakumar, Maddalam - Kalanilayam Rajan",Natyanjali,probal guptha,archive2009-1q.asp
23-02-09,"Devayani Charitham,Kiratham","Vaikom Mahadeva Temple, 10pm",Kottayam,Kerala,India,"Pathmasree Kala:Gopi(kachan), Kala:Kesavan Namboothiri(sukracharyan), Kala:Sivadas(devayani),R.L.V.Rakhu(sukethu), Kala:Jayaprakash Narayanan(arjunan), R.L.V.Gopi(katalan), Kala:Giresh(katalasthre), M","Kerala Kathakali Senter,Fortkochi","Mani,Vathukkodam",archive2009-1q.asp
23-02-09,"Ambarisha Charitham, Thorana Yudham & Kiratham","Emoor Bhagavathi Temple, Kallekulangara. 9.30 p.m.",Palakkad,Kerala,India,"Artists From PSV Natyasangam, Kottakkal including Chandrasekhara Warrier,Kesavan,Kesava Kundalayar,Devadas etc. Vocal by Narayanan,Madhu & V.Narayanan Chenda by Prasad,Sasi Maddalam by Ravi presented ",Ulsava Committee,Biju Anand,archive2009-1q.asp
23-02-09,"Abareekshacharitham, Tooranaudham, Kiratham","Kallekulangara Temple,8pm",Palakad,Kerala,India,Kottakal PSV Nattyasangham Troupe,,"Mani,Vathukkodam",archive2009-1q.asp
23-02-09,Dakshayagam,"Palakad,5pm",Palakad,Kerala,India,Kottakal PSV Nattyasangham Troupe,,"Mani,Vathukkodam",archive2009-1q.asp
22-02-09,MALLAYUDHAM and DURYODHANA VADHAM,"""Kalamandalam Padmanabhan Nair Nagar""Avanav Road(Mundur)PeramangalamTrichur: 8PM",TRICHUR,Kerala,India,"MALLAYUDHAM Mallan- Kottakkal Devadas,Valalan -Kala.Pradeep DURYODHANA VADHAM: Duryodhanan-Kala.Krishnakumar,Dushasanan-Neliyode Vasudevan Namboodiri,Panchali-Kala.Vijayakumar(London),Krishnan-Sadanam",PERAMANGALAM PAURAVALI (9447618445- A.N.NARAYANAN),VIVEK,archive2009-1q.asp
22-02-09,Duryodanavadham (from Paripahi),"India Social & Cultural Centre, ABU DHABI, U.A.E",ABU DHABI,Kerala,India,"Harippad (Kalamandalam)Balakrishna Pillai, RLV Surendrakurup, Puthur Ranjini (Dubai), Thomas Vacha (Dubai), Mahesh Sukapuram, Pattu : Kalanilayam Rajeevan and Deepu Jayan Chenda - Aasthikalayam Gopaku",KALA - ABUDHABI,Ranjini Nair,archive2009-1q.asp
22-02-09,"ravanolbavam , nalacharitham 2nd day",sreekrishnapuram,palakkad,Kerala,India,"ravanan - kottakkal nandakumaran nair kumbakarnan- kala vipin vipeeshanan- kala bajiyo kattalan- ezeekkod harikumar damayanthi - thrippayya peethambaran chenda kala unnikrishnan, kala aneesh maddhalam","janabheri kathakali kendram, phone:9447995636",abhimanyu,archive2009-1q.asp
21-02-09,"Purapad, Nalacheritham 3rd day, Keechaka Vadham",KT Mohamad Smaraka Theatre Trichur,Trichur,Kerala,India,"Purapad: Kala. Niraj, Kasinath, Bahukan: Kala. Gopi, Karkodakan: Kalanilayam Mohan Warrier, Rituparna: Kala. Niraj, Jivalan: Kala. Jinosh, Varshnayan: Kala. Kasinath, Damayanthi: Kala. Jishnu Ravi, Su",,Hari the Midget,archive2009-1q.asp
21-02-09,"SANTHANAGOPALAM,KEECHAKAVADHAM","SREEKRISHNASWAMI TEMPLE,CHELAMATTAM,PERUMBAVOOR(VIA),2130HRS",ERNAKULAM,Kerala,India,"NELLIYODU VASUDEVAN NAMPOOTHIRI,KALA.BALASUBRAHMANIAM,KALA.KRISHNAKUMAR... PALANADU DIVAKARAN,KALA BABU NAMPOOTHIRI,NEDUMPILLI RAM MOHAN...","FESTIVAL COMMITTE,0484-2523498","Murali,9388641303",archive2009-1q.asp
21-02-09,"Sandanagopalam, Balivadham, Kiratham","Trippalamunda,8pm",Palakad,Kerala,India,Kottakal PSV Nattyasangham Troupe,,"Mani,Vathukkodam",archive2009-1q.asp
21-02-09,"Prahladacharidham,Kiratham",Thidanadu Mahadeva temple,Kottayam,Kerala,India,"Purappadu-Kudamaloor Rahul,Prahladan-Anikkadu Kannan,Hiranyan-Kalanilayam Vijayan,Sukran-Kalanilayam Anilkumar",Meenadam unnikrishnan,unni,archive2009-1q.asp
21-02-09,"Nalacharitham Moonnam Divasam, Keechaka Vadham","Thrissur Regional Theatre, 6.30 PM",Thrissur,Kerala,India,"Bahukan - Padmashree Kalamandalam Gopi, Keechakan - Kottakkal Chandrashekharan, Sairandhri - RLV Radhakrishnan, Singers - Kalanilayam Unnikrishnan etc.",Thrissur Kathakali Club Varshikam,Nikhil Kaplingat,archive2009-1q.asp
21-02-09,"Kuchela Vrittam, Duryodhana Vadham","Emoor Bhagavathi Temple, Kallekulangara. 9.30 p.m.",Palakkad,Kerala,India,"Artists From PSV Natyasangam, Kottakkal including Chandrasekhara Warrier,Kesavan,Kesava Kundalayar,Devadas etc. Vocal by Narayanan,Madhu & V.Narayanan Chenda by Prasad,Sasi Maddalam by Ravi presented ",Ulsava Committee,Biju Anand,archive2009-1q.asp
20-02-09,Sampoorna Ramayanam,"Emoor Bhagavathi Temple, Kallekulangara. 9.30 p.m.",Palakkad,Kerala,India,"Artists From PSV Natyasangam, Kottakkal including Chandrasekhara Warrier,Kesavan,Kesava Kundalayar,Devadas etc. Vocal by Narayanan,Madhu & V.Narayanan Chenda by Prasad,Sasi Maddalam by Ravi presented ",Ulsava Commitee,Biju Anand,archive2009-1q.asp
20-02-09,SampoornaRamayanam,"Kallekulangara Temple,8pm",Palakad,Kerala,India,Kottakal PSV Nattyasangham Troupe,,"Mani,Vathukkodam",archive2009-1q.asp
20-02-09,Harishchanthracharitham,Sreekrishnaswamy temple Kudamaloor Kottayam,Kottayam,Kerala,India,"Kala.Ramakrishnan,MathoorGovindankutty,Kala.Haridas,Fact.Mohanan......etc",kreshetropadeshaka samithi,RAHUL,archive2009-1q.asp
19-02-09,"Nalacharitham-II, Rajasuyam","Kapraseri Sreekrishna Temple,8pm",Eranakulam,Kerala,India,Kottakal PSV Nattyasangham Troupe,,"Mani,Vathukkodam",archive2009-1q.asp
18-02-09,Bali Vadham,"Unnai Warrier Smaraka Kalanilayam Hall, Irinjalakuda, 6.30 p.m.",Thrissur,Kerala,India,"Pariyananpatta Divakaran-Bali, Vinod Warrier-Sugreevan,Kalnil.Vinodkumar-Sree Raman,Kalnil.Sandeep-Lakshmanan,Pattu-Kal.Sudheesh, Kal.Sreejith,Chenda-Kal.Hareesh,Kalnil.Ratheesh,Madalam-Kalnil.Sankard","Dr.K.N.Pisharody Smaraka Kathakali Club, Ijk.","Biju Anand, North Paravur",archive2009-1q.asp
18-02-09,Baali Vadham,"Kalanilayam, Irinjalakuda at 6:00 PM",Thrissur,Kerala,India,"Baali - Periyanampetta Divaakaran, Sugreevan - Vinod Warrier, Chenda - Hareesh, Sudheesh.","Kathakali Club, Irinjalakuda",Vinod Warrier,archive2009-1q.asp
18-02-09,Kalyana Saugandhikam,"Chendamangalam Siva Temple,North Paravur. 8.p.m.",Ernakulam,Kerala,India,"Kal.Pradeep-Hanuman,Kal.Shanmughan-Bhiman,Kal.Sucheendranath-Panchali, Pattu-Nedumpilly Ram Mohan,Kot.V.Narayanan Namboothiri etc.",Ulsava Committeee,"Biju Anand, North Paravur",archive2009-1q.asp
15-02-09,Kuchelavritham.,Kalikotta Palace.Tripunithura. 6 PM,Ernakulam,Kerala,India,"Nelliyod Vasudevan Namboothiri,Kala: Shanmukan etc............... Chenda:Gopikrishnan,Maddalam:Manoj.",Tripunithura Kathakali Club,gauthami .,archive2009-1q.asp
15-02-09,Santhanagopalam,Bellikkoth,,Kerala,India,"PSV Nattya Samkham,Kottakkal.",,"Mani,Vathukkodam",archive2009-1q.asp
15-02-09,Kuchelavritham,"Kalikotta Palace, Thripunithura. 5 p.m.",Ernakulam,Kerala,India,"Nelliyodu Vasudevan Namboothiri-Kuchelan, Sadanam Vijayan-Kuchela's wife,Kal.Shanmughan-Sreekrishnan,Kal.Sucheendranath-Rukmini,R.L.V.Pramod-Vridha,Pattu-Kal.Babu Namboothiri,Nedumpilly Ram Mohan,Chen",Thripunithura Kathakali Kendram,"Biju Anand, North Paravur",archive2009-1q.asp
14-02-09,"Purappad, Melapadam, Kalakeyavadham, UtharaSwayamvaram, Kiratham","Bharatheeya Vidya Bhavan Hall, TD Road, Eranakulam 8PM",Eranakulam,Kerala,India,"Kalakeyavadham :- Arjunan - Sadanam Krishnankutty, Mathali - Kalani. Gopi Utharaswayamvaram :- Duryodhanan - Kottakkal Nandakumaran, Thrigarthan - Nelliyodu Kiratham :- Kattalan :- Naripatta, Arjunan ",Eranakulam Kathakali Club,Sreekanth,archive2009-1q.asp
13-02-09,Nalacharitham 4,"Bharatheeya Vidya Bhavan Hall, TD Road, Eranakulam 8PM",Eranakulam,Kerala,India,"Bahukan - Padmasri Kala Gopi, Kesini - Kala Shanmukhan, Damayanthi - Margi Vijayakumar, Sangeetham - Pathiyoor Sankarankutty, Kala Babu Namboothiri, Melam - Kala Unnikrishnan, Kala Sankara Warrier",Eranakulam Kathakali Club,Sreekanth,archive2009-1q.asp
11-02-09,keechakavadham,muttikkal kandam karimba mannarkkad-palakkad road 6pm,palakkad,Kerala,India,"keechakan-kala manoj syrandri- thrippayya peethambaran sudheshna-kala vipin valalan- kala abhimanyu pattu- nedumbilly ram mohan , puralippuram lakshmanan namboothiri chenda -krishnapraveen pothuval ma",janabheri kathakali kendram 9447995636,abhimanyu.v,archive2009-1q.asp
10-02-09,Bakavadham,"Ambalappuzha SriKrishnaswamy Temple, 06.30 PM",Alappuzha,Kerala,India,"Kalamandalam Vijayakumar (Kunthi), Kalanilayam Vinod (Brahmanan), Kalamandalam Shanmukhan (Bhiman), Kalamandalam Hari R. Nair (Bakan); Pattu: Pathiyoor Sankarankutty, Kalamandalam Jayaprakash; Chenda:",Sandarsan Kathakali VIdyalayam,Haree | à´¹à´°àµ,archive2009-1q.asp
10-02-09,Bakavadham,Sreekrishna Swamy Temple Ambalappuzha,Alappuzha,Kerala,India,"Kalamandalam Shanmughan,Kalamandalam Vijayakumar,Kalanilayam Vinod etc.......... Pattu: Pathiyoor Sankaran Kutty,Kalamandalam Jayaprakash Chenda:Kalamandalam Sreekanth Varma,Kalanilayam Ratheesh Madda",Sandarsan Kathakali Vidyalayam,kalamandalam Sreekanth Varma,archive2009-1q.asp
08-02-09,Karnasapatham,Mallappilli,Kottayam,Kerala,India,Koottakal Narayanan,Contact 9447135883,"Mani,Vathukkodam",archive2009-1q.asp
08-02-09,Duryodhana Vadham,Vijnanakalavedi,Patthanamthitha,Kerala,India,"Duryodhanan: Kala. Kesavan Namboothiri, Dussassana: Kala. Pradeep, Krishna: Kalanilayam Vinod, Roudra Bheema: Kala. Prasanth, Panchali: Kala. Arun Pattu: Kala. Surendran, Jayaprakash, Chenda: Kidangan",Vijnanakalavedi,Louba,archive2009-1q.asp
07-02-09,Prahlada Charitam {Narasimhavataram},Chalakudy Sreedharamangalam Temple,Trissur,Kerala,India,"Hiranyakasipu: Kala Pradeep, Prahladan: Kala Pramod, Sukran: DR E N Naryayanan Namboodiri, Narasimham: Kottakkal Devadas Chenda: Kalanilayam Sandeep, Kalanilayam Arjunan, Kala Raman Namboodiri, Krishn",Chalakudy Nambisan Smaraka Kathkali Club9446762641,M K Unnikrishnan,archive2009-1q.asp
07-02-09,nalacharitham 2nd day,"poonthottam, cherppulassery",PALAKKADU,Kerala,India,"kala.gopi,sadanam krishnan kutty, unnithan,margi vijayakumar,",,dr.biju,archive2009-1q.asp
07-02-09,Nizhal Kuthu,Kadapara,Pathanamthitta,Kerala,India,"Duriyodhanan: Kala. Ramakrishnan, Manthavadi: Kala. Kesavan Namboothiri, Malayan: Kala. Krishnaprasad, Malaynthi: Madhu Varanasi, Thrigarthan: Kala. Pradeepkumar, Pattu: Kala. Jayaprakash, Parimana Ma",Kadapara,Hari the Midget,archive2009-1q.asp
07-02-09,Keechaka Vadham,Puliyannoor,Kottayam,Kerala,India,"RLV Radhakrishnan, etc, Chenda: Kala. Raman Namboothiri",,Hari the Midget,archive2009-1q.asp
06-02-09,"Kalyana Saugandhikam, Daksha Yagam",Kadapara,Pathanamthitta,Kerala,India,"Bheema: Kala. Kesavan Namboothri, Hanuman: FACT Mohan, Panchali: Kalanilayam Ravindranath Pai, Daksha: Kala. Pradeep, Shiva: Kala. Pradeepkumar, Sathi: Kala. Krishnaprasad, Veerabhadra: Haripad Balakr",Kadapara,Hari the Midget,archive2009-1q.asp
05-02-09,Balivijayam,Karikkad Subramiya kshetram Mancheri. Time 10.00 P.M.,Malappuram,Kerala,India,"Ravanan Kala Sajan, Mandodari Vellinezhi Haridas,Naradan M.P.S.Namboodiri,Bali Kala Manoj, Music Nedumpalli Ram mohan,Panayoor Kuttan, Chenda Kala Balasundaran, Madhalalam Kala Rajanarayayn",Karikkad Subramanyakshetram Mancheri,Raman Bhattathiriapad,archive2009-1q.asp
04-02-09,"Poothanamoksham,Rugmamgada Charitham,Kiratham","Chunakkara Thiruvyroor Mahadeva Temple,Chunakkara",Alappuzha,Kerala,India,"Padmasree Kala: Gopi,Kala: Ramachandran unnithan,Margi Vijayakumar,RLV Radhakrishnan,FACT Mohanan,RLV MOhankumar,Kalanilayam Raveendranatha Pai,Madhu Varanasi,etc Pattu: Pathiyoor Sankarankutty,Kala: ",Temple Utsava Committe,Kalamandalam Sreekanth Varma,archive2009-1q.asp
03-02-09,"KALYANA SAUGANDHIKAM, KEECHAKA VADHAM, KIRATHAM","Kollam Kathakali Club, Kollam 9 PM",Kollam,Kerala,India,"Madavur Vasudevan Nair, Thonnakkal Peethambaran, Naripatta Narayanan Namboodiri, Thalavadi Aravindan, RLV Radhakrishnan,Kalanilayam Gopakumar, Kalamandalam Rajeev, PATTU -Thruvalla Gopikuttan Nair, Ka",KOLLAM KATHAKALI CLUB,kalanilayam gopakumar,archive2009-1q.asp
02-02-09,Sita Swayamvaram,Cherukolpuzha,Pattanamthitta,Kerala,India,"Kala. Ullas, Arun, FACT Mohan, Pattu: Kala. Surendran, Chenda: Kalabharathi Peethambaran",Cherukolpuzha Kathakali Club,Hari the Midget,archive2009-1q.asp
02-02-09,KEECHAKAVADAM,TRIKOOR MAHADEV TEMPLE - TRIKOOR,TRICHUR,Kerala,India,"KEECHAKAN - KALA. PRADEEP , SYARANDRI - KALA.CHAMBAKARA VIJAYAN , SUDHESHNA - VALALAN- PATTU - KOTTA.MADHU & NEDUMNILLY RAMMOHAN CHENDA - MADHALAM -",944603669,Vivek.P,archive2009-1q.asp
01-02-09,"Karnasapadham,Keechakavadham",Kothakulangara Temple Angamali,Ernakulam,Kerala,India,"Kala balasubrahmanyan,Kala krishnakumar etc.... Chenda Kala Vijayakrishnan Kalamandalam Sreekanth Varma Maddalam Kala Sasi",temple Commetee,Kalamandalam Sreekanth varma,archive2009-1q.asp
31-01-09,Kiraatham (Sampoornam),"Avittathur Sivakshethra, Avitttathur, Irinjalakuda at 10:00 PM",Thrissur,Kerala,India,"Kattalan - Kala.Gopi, Arjunan - Kala.Gopinathan, Sivan - Vinod Warrier",Avittathur Sivakshethra Utsava Aaghosha Committee,Vinod Warrier,archive2009-1q.asp
30-01-09,DURYODHANAVADHAM,"Kunnumpuram Bhagavathi Temple, Via Edappally, Cochin 8. P.M.",Ernakulam,Kerala,India,"Kala Sreekumar-Duryodhanan, Kotta. DEvadas- Dussasanan, Chambakara Vijayan-Panchali, Fact Padmanabhan- Roudra Bheeman, Pattu - Kala Gopalakrishnan, Kala Rajesh Babu, Kala Srijith, etc.",Temle Committee,Srikumar,archive2009-1q.asp
29-01-09,Kirmira vadham,"Melur, Kalady Sivashakti Bhajana Mandapam",,Kerala,India,"Lalitha: Sadanam Vijayan, Panchali: Trippayya Peetambaran, Samgitam: Kalanilayam Rajiv, Kalamandalam Rajesh Babu Chenda: Sadanam Rajish Maddalam: Kalanilayam Manoj",Chalakudy Nambisan Smaraka Kathkali Club9446762641,M K Unnikrishnan,archive2009-1q.asp
29-01-09,Santhanagopalam,"Karthikathirunal Theatre, Fort TVM 06 p.m.",Thiruvananthapuram,Kerala,India,"Kottackal Kesavan-Arjunan,Kala. Kesavan Nampudiri-Brahmanan,Margi Harivatsan-Brahmin's wife,Kottckal Parameswaran Nampudiri, Madhu-Pattu,Kala. Narayanan Varanasy-Chenda,Margi Raveendran-Maddalam,RLV S","Drisyavedi, TVM",Radhakrishnan. K Thiruvananth,archive2009-1q.asp
27-01-09,Santhanagopalam,"Dakshina Mookambika Temple, North Paravur, 7 p.m.",Ernakulam,Kerala,India,"Kala.Sucheendranathan-Sreekrishnan,Kalanilayam Gopi-Brahmanan,Kala.Shanmughadas-Arjunan,Trippayya Peethambaran-Brahmanapadni, Pattu-Kala. Harish Namboodiri,Kalanilayam Rajeev, Chenda-Kala. Nandakumara",Kshethropadesaka Samithi,"Biju Anand, North Paravur",archive2009-1q.asp
27-01-09,"Nalacharitham-1Divasam, Rajasooyam(vadakkan),Kiratham","Government TTI,Budha Junction, Mavelikara",Alappuzha,Kerala,India,"NALACHARITHAM-1 DIVASAM, Artists- Sadam Krishnan Kutty,Mathur Govindan Kutty, Madavoor,Kal.Rajasekharan, Kalnilayam Ravindranatha Pai,Kal.Vaishak RAJASOOYAM(VADAKKAN) Kal.Ramachandran Uniithan,FACT Pa","Kathakali Aswadaka Sangham, Mavelikara",Kalamandalam Sreekanth Varma,archive2009-1q.asp
26-01-09,balivadhom,"kanakakunnu palace, trivandrum",tvm,Kerala,India,"nelliyodu, margi murali",TOURISM DEPT,dr.biju,archive2009-1q.asp
25-01-09,santhanagopalam,"kanakakunnu palace, trivandrum",tvm,Kerala,India,kalamandalam krishnakumar,TOURISM DEPT,dr.biju,archive2009-1q.asp
25-01-09,"Baana Yudham, Dakshayagom","Kalanilayam, Irinjalakuda at 8:3m PM",Thrissur,Kerala,India,"PSV Natyasangham. (Baanan1-Chandrasekharan, 2-Keshavan, Vrudha & Veerabhadran - Devadas)",K.N.Pisharody Smaraka Kathakali club (Anniversary),Vinod Warrier,archive2009-1q.asp
25-01-09,duryodhana vadhom,"KEEZHAYUR TEMPLE, PATTAMBI",PALAKKADU,Kerala,India,"ROUDRA BHEEMAN- KALAMANDALAM GOPI ASAAN,duryodhana-kala krishnakumar,dussasana-kavungal,krishna -balasubramonyan,panchali-margi vijayakumar",9447242366,dr.biju,archive2009-1q.asp
25-01-09,DURYODHANA VADHAM,"6.30pm, Narasimhamoorthi temple,Keezhayur,theeradesapatha,PATTAMBI",palakkadu,Kerala,India,"ROUDRA BHEEMAN - KALAMANDALAM GOPI ASAN ,DURYODHANAN - KALA. KRISHNAKUMAR, PANCHALI - MARGI VIJAYAKUMAR, KRISHNAN - KALA. BALASUBRAMANIAN, DUSSASANAN - KAVUNKAL DIVAKARA PANIKKER, PATTU - KALANILAYAM ",temple committee programme sponsor- mohandas,dr.biju,archive2009-1q.asp
25-01-09,Kuchelavritham,"Kannankulangara Sree Krishna Swami Temple, North Paravur, 7 p.m.",Ernakulam,Kerala,India,"Pariyanampatta Divakaran Namboothiri , Kala.Sreekumar, Sadanam Vijayan Pattu-N.N.Kolathapully , Kalanilayam Rajeev, Rajesh Babu, Chenda Gopikrishnan Tampuran, Maddalam-Kala. Vineeth, Chutti-Eroor Saji",Kshethropadesaka Samithi,"Biju Anand, North Paravur",archive2009-1q.asp
25-01-09,Kuchela Vrittam,"Kannankulangara Krishnan Temple, N. Paravur :7 PM",Ernakulam,Kerala,India,"Nelliyodu Vasudevan Namboodiri, Kala. Sreekumar, Chenda - Gopikrishnan Tampuran, Maddalam Kalani Manoj,",Temple Committee,Srikumar,archive2009-1q.asp
25-01-09,"Kuchelavrutham, Dakshayagam Purappadu",Alapuram Sreekrishnaswami Temple,Ernakulam,Kerala,India,"Kala. Haridas, Kalanilayam Mahendran, Peeshappillil Rajeev, Kala. Prasanth, Kala. Bhagyanath, Kumari. Sukanya Haridas",Utsava Committee,Anil Koothattukulam,archive2009-1q.asp
25-01-09,NARAKASURAVADHAM,"CHANGAMPUZHA PARK ,EDAPPALLY",ERNAKULAM,Kerala,India,"Vesham -SADANAM KRISHNANKUTTY,CHAMPAKKARA VIJAYAN,KALA:NARAYANANKUTTY,KALA:RAMANNAMPOOTHIRI,KOTTAKKAL RAVI,KALA:NANDAKUMAR,KALANILAYAM MANOJ,Pattu -BABUNAMPOOTHIRI,HARISH","kathakaly aswadakasadas ,edappally",P D S NAMPOOTHIRI,archive2009-1q.asp
25-01-09,Kuchelavritham,"Rohini mandapam,Paramekkavu,Thrisoor,5PM",Thrisoor,Kerala,India,"Kuchelan-Nelliyodu Vasudevan Naboothiri,Pathni-Maya Nelliyod,Krishnan-Kala:Balasubrahmanyan,Rugmini-Haripriya Naboothiri",Thrisoor Kathakali Klub,"Mani,Vathukkodam",archive2009-1q.asp
25-01-09,"Banayuddham, Dakshayaagam","Unnayivariyar Smaraka Kalaanilayam Hall, Irinjalakuda, Trissur District",,Kerala,India,PSV Natya Sangham Kottakkal Troupe members,Dr K N Pisharadi Smaraka Kathakali Club,unnikrishnan mk,archive2009-1q.asp
24-01-09,NALACHARITHAM-DAY 2,"CHANGAMPUZHA PARK ,EDAPPALLY",ERNAKULAM,Kerala,India,"Kala Chandrasekharan, Kala Shanmughan,Kala Sreekumar,Unnithan,Pattu -Palanad Divakaran,Rammohan,Chenda -Kala Krishnadas, Gopikrishnan Tampuran, Maddalam - Nelluvai Narayanan Nair etc","kathakaly aswadakasadas ,edappally",P D S NAMPOOTHIRI,archive2009-1q.asp
24-01-09,Kacha Devayani,At Govt. LPS ground Elavoor 10km west of Aankamaly via vattaparambu,Ernakulam,Kerala,India,"Kala.Gopi(Kachan)MargiVijayakumar(Devayani)Kalani.Ggopinath(Shukran)Kala Unnikrishnan(Chenda)Kalani.Manoj(Maddalam)Kalani.Unnikrishnan,Rajeev(vocal) Costumes and ornaments--bhavaneeswari--Eroor","Mahathma smaraka grandhasala,Elavoor",PNR PISHARODY,archive2009-1q.asp
24-01-09,thoranayudham,"kanakakunnu palace, trivandrum",tvm,Kerala,India,"narippatta, kalamandalam ratheesan",TOURISM DEPT,dr.biju,archive2009-1q.asp
24-01-09,Thoranayudham,"Changampuzha Park, Edapally 6 .30 PM",Ernakulam,Kerala,India,Sadanam Narayanan Namputhiri Naripatta (Hanuman); Kal Sreekumar (Ravanan) Kal Gopalakrishnan (Music) etc........,Edapally Kathakali Aswadaka Sadas,Renjith R 9447161980,archive2009-1q.asp
23-01-09,uttara swayamvaram,"kanakakunnu palace, trivandrum",tvm,Kerala,India,"sadanam krihnankutty, ramachandran unnithan",TOURISM DEPT,dr.biju,archive2009-1q.asp
23-01-09,Puthanamokham,"Udayanapuram Sree Subrahmanyaswami Temple, Vaikom, 6:30pm",Kottayam,Kerala,India,"Lalitha-Kala:Sanmukhadas. Pattu-Kala:Vinod,Kala:Rajesh Menon. chenda-Kalanilayam Rathesh. Madalam-Klanilayam Manoj. Aniyara-pallippuram Unnikrishnan.","Sandarsan Kathakali Vidyalayam, Abalapuza.","Mani,Vathukkodam",archive2009-1q.asp
23-01-09,RUGMANGADACHARITHAM,"CHANGAMPUZHA PARK ,EDAPPALLY",ERNAKULAM,Kerala,India,"KALA.GOPI,MARGI VIJAYAN,KALA.UNNIKRISHNAN,KALANILAYAM RAJEEV,KALA.UNNIKRISHNAN[CHENDA],artist:maddalam:NAMBEESANKUTTY etc","kathakaly aswadakasadas ,edappally",P D S NAMPOOTHIRI,archive2009-1q.asp
23-01-09,Poothanamoksham,Udayanapuram temple,,Kerala,India,"Kal.Shanmukhadas, Kal. Sreekanth Varma, Margi ravi",,Kalamandalam Sreekanth Varma,archive2009-1q.asp
22-01-09,nalacharitham 3rd day,"kanakakunnu palace, trivandrum",tvm,Kerala,India,KALAMANDALAM GOPI - BAHUKAN,TOURISM DEPT,dr.biju,archive2009-1q.asp
21-01-09,Duryodhanavadham,"Sreekrishna Temple, Ambalapuzha 9.30 PM",Alappuzha,Kerala,India,"Sadanam Krishnankutty, Kal Shanmughan, Kal Vijayakumar, Kal Hari R Nair, Kal Jayaprakash, Kal Krishnadas, Kalanilayam Manoj etc.","Sandarsan, Ambalapuzha 9447161980",Renjith R Ernakulam,archive2009-1q.asp
19-01-09,SANTHANAGOPALAM,"SIVANARAYANA TEMPLE,THIRUNAYATHODE,7PM ONWARDS...",ERNAKULAM,Kerala,India,"VESHAM-KALA.RAJASEKHARAN,KALA.RAVIKUMAR,HARI R NAIR,VAISAKH,THIRUNAYATHODE SYBIN ETC MUSIC-KALA.BABU NAMPOOTHIRI,KALA.VINOD MADDALAM-KALA.NANDAKUMAR,KALA SREEKUMAR KALIYOGAM-KALATHARANGINI",A DEVOTEE,"Murali,Chelamattam-9388641303",archive2009-1q.asp
17-01-09,"KALYANASAUGANDHIKAM , DAKSHAYAGAM","THIRUNAYATHODU SIVA NARAYANA TEMPLE,NAYATHODU",ERNAKULAM,Kerala,India,"by KERALA KALAMANDALAM,CHERUTHURUTHI.ARTIST NELLIYODU VASUDEVAN NAMPOOTHIRI ETC ETC...KALAMANDALAM ,CHERUTHURUTHY, (The temple is 4 kms from KALADY in the AIRPORT ROAD) (buses till 6 30 pm from kalady","UTSAVKALIsponsoredSETHUMADHAVAN & SYBIN,NAYATHODU",GIRISH N IYER,archive2009-1q.asp
17-01-09,nalacharitham 1st,"padinjare madam guruvayoorappan temple, PATTAMBI - 6PM",palakkad,Kerala,India,"NALAN-KALA HARIDAS HAMSAM- SADANAM VIJAYAN DAMAYANTHI- KALA ABHIMANYU SAKHIMAR- KALA VIPIN,KALA BAJIYO MUSIC KALANILAYAM UNNIKRISHNAN, KALA MOHANAKRISHNAN CHENDA KALA BALARAMAN, KRISHNAPRAVEEN PODHUVA",JANABHERI KATHAKALI KENDRAM 9447995636,abhimanyu.v,archive2009-1q.asp
16-01-09,THORANAYUDHAM,"padinjare madam guruvayoorappan temple , PATTAMBI, 6PM",PALAKKAD,Kerala,India,"HANUMAN - KOTTAKKAL NANDKUMARAN NAIR ,LANKALAKSHMI -KALA ABHIMANYU LANKASREE-JANABHERI MANEESHA SREEKUMAR RAVANAN-GURUVAYOOR HARIDAS SEETHA- THRIPPAYYA PEETHAMBARAN MUSIC- KALA MOHANAKRISHNAN, VELLINE",JANABHERI 9447995636,ABHIMANYU.V,archive2009-1q.asp
15-01-09,"BALIVADHAM ,","padinjare madam guruvayoorappan temple, PATTAMBI - 6PM",PALAKKAD,Kerala,India,"RAVANAN-KOTTAKKAL NANDAKUMARAN NAIR ,MAREECHAN -KALA.ABHIMANYU ,SREERAMAN- GURUVAYOOR HARIDAS, SEETHA -THRIPPAYYA PEETHAMBARAN LAKSHMANAN- KALA PRAMOD,SANYASIRAVANAN- EZHEEKKOD HARIKUMAR ,JADAYU- THRI",JANABHERI 9447995636,abhimanyu.v,archive2009-1q.asp
14-01-09,Arjuna Vishada Vrutham,"Naga Raja Kshethram- Mylamkulam-Puthur,Near Kottarakkara- 9 PM",Kollam,Kerala,India,"Sri Kalamandalam Krishna Kumar, Sri Margi Vijayakumar, Sri Kal.Sreekumar, Sri Pathiyoor Sankarankutty,Kal Vinod etc",Ulsava Committee,Rajasekhar.P,archive2009-1q.asp
12-01-09,Nalacharitham Moonnam Divasam,Anamangad Near Perinthalmanna,Malappuram,Kerala,India,"Kala: Gopi,Kala:Kesavan Namboothiri,Kala Harinarayanan,Sadanam Krishnadas,Kala.Arun Variar,Kala Sucheendranath Sadanam Sadanandan etc Pattu: Kottakkal Narayanan,Vengeri Narayanan Chenda: Kala.Unnikris",Anamangad Kathakali Club,Kalamandalam Sreekanth Varma,archive2009-1q.asp
11-01-09,Utharaswayamvaram (Poorvabhagam),Anamangad (Near Perinthalmanna) at 6.45 pm,Malappuram,Kerala,India,"Kala.Vazhenkada Vijayan,Smt.Haripriya Namboothiri,Sadanam Bhasi,Kala.Arun variar, Kottakkal Devadas,etc Pattu: Kottakkal Madhu,Nedumpally Rammohan, Chenda: Kalamandalam Balaraman,Kala Sreekanth Varma ",Anamangad Kathakali Club,Kala.Sreekanth Varma,archive2009-1q.asp
09-01-09,Nalacharitham 4th Day,Vylopilli Samskrithi Bhavan Thiruvananthapuram 6 pm,Thiruvananthapuram,Kerala,India,"Kal Vijayakumar(damayanthi) Kal Shanmughan(Kesini) Kal Mukundan(Bahukan) PAthiyoor Sankarankutty, Kal Jayaprakash(Music)Kalanilayam Manoj etc",Sandarsan Ambalapuzha 9447161980,Renjith R Ernakulam,archive2009-1q.asp
09-01-09,Nalacharitham 4th Day & Lecture Demonstration,Womens College Trivandrum,Trivandrum,Kerala,India,Kal Vijayakumar(Damayanthi); Kal Mukundan (Kesini); Kal Shanmughan (Bahukan); Lec Demonstration by Dr. P Venugopalan,Sandarsan Ambalapuzha 9447161980,Renjith R Ernakulam,archive2009-1q.asp
09-01-09,Kalyana Saugandhikam,Pandalam Manikanda Althara 7 PM to 12 PM,Pathanamthitta,Kerala,India,"FACT Mohanan (Bhiman), FACT Jayadev Varma(Hanuman), Kalani Ravindranath Pai(Panchali), Pattu - Kala. Rajendran, Kalavedi Suresh, Parimanam Madhu, Chenda- Kala. Raman Namboodiri, Kala. Srikanth Varma, ",Ayyappan Seva Sangham,Jayadevan,archive2009-1q.asp
08-01-09,Kiratham,"Puthukkalavattam Mahadeva Temple, Elamakkara 7 pm",Ernakulam,Kerala,India,"Kal Shanmukan(Arjunan); Kal Pradeep(Kattalan); Kal Vijayakumar(Kattalasthree); Pathiyoor Sankarankutty, Kal Jayaprakash(Pattu); Kalanilayam Rateesh(chenda); Kalanilayam Manoj(Maddalam); Kal Sukumaran(","Sandarsan , Ambalapuzha - 9447161980",Renjith R,archive2009-1q.asp
07-01-09,Nizhal Kuthu,Cherukolpuzha 7:00 pm,Pathanamthitta,Kerala,India,"Kala. Ramakrishnan, Ulas, Ramachandran Unnithan, Ramachandran, Talavadi Aravindan, FACT Mohan, Pattu: Kala. Balachandran, Sajeevan, Chenda: Kalabharathi Unnikrishnan, Maddalam: Kalabharathi Jayashanka",Ayroor Kathakali club,Hari the Midget,archive2009-1q.asp
07-01-09,"UTHARASWAYAMVARAM (SAMPOORNAM),KIRATHAM","VIMALA MAHADEVA TEMPLE,VALAYANCHIRANGARA,PERUMBAVOOR, 21.30 HRS",ERNAKULAM,Kerala,India,"ARTISTS FROM P.S.V.NATYA SANGHAM,KOTTAKKAL",FESTIVAL COMMITTE,"Murali,9388641303",archive2009-1q.asp
07-01-09,Nizhal Kuthu,Kalalayam Auditorium,Pathanamthitta,Kerala,India,"Duryodhana:Kala. Ramakrishnan, Duthan:Kala. Ullas, Trigartthan: Talavadi Aravindan, Malayan: Kala. Ramachandranunnithan, Malayathi: Kala. Oyur Ramachandran, Manikandan: Master Suryanarayanan, Manthrav",Ayroor Kathakali club,Hari the Midget,archive2009-1q.asp
06-01-09,Nalacharitham 2nd day: Kali- Dwapara rangam,Cherukolpuzha from 10:30 a.m onwards,Pathanamthitta,Kerala,India,"Kali: Kala. Ullas, Dwaparan: Thattayil Unnikrishnan, Indran: Kala. Arun, Pattu: Kala. Surendran, Kalavedi Suresh, Chenda: Haripad Murali, Madalam: Kalabharathi Jayashankar",Ayroor Kathakali club,Hari the Midget,archive2009-1q.asp
06-01-09,Karnashapadam,Cherukolpuzha 7:00 pm,Pathanamthitta,Kerala,India,"Kalanilayam Vijayan, Kala. Ulas, Krishnaprasad, Arun, Parthasarathy, Pattu: Kala. Surendran, Kalavedi Suresh, Chenda: Kalabharathi Unnikrishnan, Maddalam: Kalabharathi Jayashankar",Ayroor Kathakali club,Hari the Midget,archive2009-1q.asp
05-01-09,Nalacharitham 4th day,Cherukolpuzha 7:00 pm,Pathanamthitta,Kerala,India,"Kala. Gopi, Margi Vijayakumar, Kala. Shanmukhan, Pattu: Pathiyoor Shankarankutty, Kalanilayam Rajeev, Chenda: Kala. Krishnadas, Maddalam: Kala. Achutha Warrier",Ayroor Kathakali club,Hari the Midget,archive2009-1q.asp
05-01-09,Nalacharitham 1st day: Hamsa- Damayanthi rangam,Cherukolpuzha 11:00 a.m onwardds,Pathanamthitta,Kerala,India,"Damayanthi: Kala. Arun, Thozhi: Aranmula Nisha, Hamsam: Kala. Rajiv, Pattu: Kalavedi Suresh, Tiruvella Mangalam Narayan Namboothiri, Chenda: Kalabharathi Pithambaram, Madalam : Kalabharathi Jayashanka",Ayroor Kathakali club,Hari the Midget,archive2009-1q.asp
04-01-09,Nalacharitham 2nd Day,Edapally Thrikkayil Sreekrishna Temple,Ernakulam,Kerala,India,"Kal Balasubramanian(Nalan), RLV Radhakrishnan(Damayanthi) Kal shanmukhan(Pushkaran),Chathanoor Kochu Narayanapillai(Kali); Kal Sreekumar(Kattalan)etc. CHENDA Kottakkal Prasad,GopiKrishnanThampuran.MAD",Kathakali Club Ernakulam,Renjith R Ernakulam,archive2009-1q.asp
04-01-09,"Ravana Vijayam, Nizhal Kuthu",Thiruvananthapuram,Trivandrum,Kerala,India,"Natyashala Suresh, Nelliyodu Vishnu Namboothiri, Kalabharathi Vasudevan, Attingal Manu, Pattu: Kalanilayam Babu, Kalabharathi Radhakrishnan, Chenda: Kala. Thampi, Maddalam: Samba Shivan",Natyashala Suresh 9895757377,Hari the Midget,archive2009-1q.asp
04-01-09,Ravanavijayam,Kalikotta palace Tripunithura,Ernakulam,Kerala,India,"Kal Pradeep(Ravanan); RLV PRamod(Doodan); Sadanam Vijayan(Rambha) Kal Hareesh, Kal Rajesh Menon, Kottakkal Vijayraghavan etc",Thripunithura Kathakali Kendram,Renjith R Ernakulam,archive2009-1q.asp
04-01-09,Kuchelavritham,"Sreerengamhall,suth nada,thirunakara,kottayam",Kottayam,Kerala,India,,"Kaliyarangu,kottayam","Mani,Vathukkodam",archive2009-1q.asp
04-01-09,Kuchella Vrittam,Cherukolpuzha 7:00 pm,Pathanamthitta,Kerala,India,"Nelliyodu Vasudevan Namboothiri, Kala. Balasubramaniyam, Arun, Pattu: Kottakkal Madhu, Kottakkal Narayanan V, Chenda: Kala. Shivadas, Maddalam: Kala. Harikumar",Ayroor Kathakali club,Hari the Midget,archive2009-1q.asp
01-01-09,"PURAPADU,NALACHARITHAM 2,BALIVIJAYAM","NSS AUDITORIUM, CHANGANASSERY,10 PM ONWARDS",KOTTAYAM,Kerala,India,"1)KALAMANDALAM GOPI-NALAN SADANAM KRISHNANKUTTY-PUSHKARAN KALAMANDALAM RAMACHANDRAN UNNITHAN-KALI,KATTALAN....... 2)BALI-THIRUVALLA BABU........ PAATTU-PATHIYOOR SANKARAN KUTTY,KAL.BALACHANDRAN,KALANI",NSS CHENGANASSERY,GIRISH N IYER,archive2009-1q.asp
01-01-09,test,ffsbsdfbfdb,,Kerala,India,,,test,archive2009-1q.asp
29-06-09,"Narakasura Vadham, Kiratham",Tiruvella,,Kerala,India,"Artists: Chereyangeer Murugan, Kalabharathi Hari etc.. Singers: Kala. Surendran, Parimalam Madhu, Mangalam Narayanan Namboothiri",Sree Valabha Swami Temple,Swarup Gupta,archive2009-2q.asp
28-06-09,Nalacharitham 2nd Day( Utthara Bhagam From Damayanthi to Bhima Rajavu ),Sree Krishna Temple Natakalsala Ambalapuzha 6.30 pm,Alappuzha,Kerala,India,"Kal Vijayakumar (Damayanthi); Kal Shanmughan(Sarthavhanan, Bhima Rajavu); Ettumanoor P Kannan (sudevan); Kalanilayam Vinod (Rajamathavu). Etc.. Pathiyoor Sankarankutty, Kal Jayaprakash (Music); Kalnil",Sandarsan Kathakali Vidyalayam Ambalapuzha,Renjith R - 9447161980,archive2009-2q.asp
27-06-09,Nalacharitham 2nd Day(From Choothu Kali to Kattalan) - Monthly Performance,Sree Krishna Temple Natakalsala Ambalapuzha 6.30 pm,Alappuzha,Kerala,India,"Ettumanoor P Kannan (Nalan ); Kal Vijayakumar (Damayanthi); Kalanilayam Vinod (Pushkaran ), RLV Pramod (Pakshi), Kal Shanmughan (Kattalan); Pathiyoor Sankarankutty, Kal Jayaprakash (Music); Kalnilayam",Sandarsan Kathakali Vidyalayam Ambalapuzha,Renjith R - 9447161980,archive2009-2q.asp
22-06-09,Poothanamoksham,Karthikathirunal,Thiruvananthapuram,Kerala,India,Margi Vijayakumar,Drisyavedi,Sasikumar-98463 20062,archive2009-2q.asp
21-06-09,RAVANA UDBHAVAM,UNNAYI WARRIER KALANILAYAM HALL - IRINJALAKUDA,TRICHUR,Kerala,India,"RAVANAN- KALAMANDALAM PRADEEP KUMAR,KUMBHAKARNAN-KALA.SANDEEP,VIBHISHANAN -KALA.ARJUN PATTU:KALA.GOPALAKRISHNAN CHENDA:KALA.NANDAKUMAR MADALAM:KALA.MANOJKUMAR",IRINJALAKUDA KATHAKALI CLUB,VIVEK.P,archive2009-2q.asp
21-06-09,Ravanotbhavam,"Irinjalakuda -- Kalanilayam Hall, Near Koodalmanikyam Kshetram",Thrissivaperoor,Kerala,India,Ravanan---Kalamandalam Pradeep;Kumbhakarnan---Kalanilayam Sandeep;Vibheeshanan---Kal;anilayam Arjunan Pattu--Kalamandalam Gopalakrishnan & Kalamandalam Vasudevan Chenda---Kalamandalam Nandakumar & Kal,"K.N.Pisharadi Smaraka Kathakali Club, Irinjalakuda",Sreekumar,archive2009-2q.asp
20-06-09,kalyaanasaugandhikam.,"Palakkad kathakali club, Palakkad.",,Kerala,India,Bhiman;Parvathi.U.Menon.Panjali:Archa varma.Hanuman:Geetha Ramesh.Pattu:Kumari varma&Shylaja varma.Maddalam:Hariwarrier.Chenda:GopikrishnanThampuran.,"Tripunithura Kathakali Club,Tripunithura.",Meenakshi,archive2009-2q.asp
19-06-09,Bakavadham (Starting from 'Aasaari'),"Eranakulathappan Hall, Ernakulam at 6.00 p.m.",Ernakulam,Kerala,India,"Aasaari: Shri Nelliyodu Vasudevan Namboothiri, Bheeman: Shri Kottakkal Chandrasekshara Varrier; Bakan: Shri Kalamandalam Ramachandran Unnithaan",ERNAKULAM KATHAKALI CLUB,Arun Sankar,archive2009-2q.asp
18-06-09,Nalacharitham 2nd day (up to 'verpadu -Separation),"Karthikathirunal Theatre, Fort TVM 06 p.m.",Trivandrum,Kerala,India,"Nalan-Kala. Balasubramaniam,Damayanthi-Kala. Shanmukhan,Indran-Kala.Arun Varrier,Kali-Kala. Ramachandran unnithan,Dwaparan-Margi Suresh,Pushkaran-Peesappally Rajeevan,Music-Pathiyoor Sankarankutty,Kla","Drisyavedi, TVM, 9447059240",Radhakrishnan. K Thiruvananth,archive2009-2q.asp
17-06-09,Kirmiravadham Lalitha etc..,"Godrej Academy Centre, Mumbai",Mumbai,Kerala,India,Probal Guptha,National Centre for Performing Arts,Probal Guptha,archive2009-2q.asp
16-06-09,"Monthly programme of MARGI, Trivandrum","Monthly programme of MARGI, Trivandrum",Trivandrum,Kerala,India,Programme at Margi this month : 15.06.09 - Padmasree Kochukutta Chakyar Remembrance followed Chakyarkoothu by Sajeev Narayana Chakyar. 16.06.09 - Kathakali - Kalakeya Vadham 17.06.09 - Kathakali - Kal,"MARGI (Behind) Fort High School, Trivandrum",Gopakumaran Nair,archive2009-2q.asp
14-06-09,Poothana Moksham,"Centre Mandapa, 6 rue Wurtz, Paris at 5 pm",,,France,Kala Karunakaran,,Kalamandalam Karunakaran,archive2009-2q.asp
14-06-09,Poothana Moksham,"Centre Mandapa, 6 rue Wurtz, Paris at 5 pm",,Kerala,India,,,Kalamandalam Karunakaran,archive2009-2q.asp
10-06-09,Koothu --- Koodiyaattam,Irinjalakuda -- Koodalmanikyam Kshethram Koothambalam ( 7 PM ),Trisshur,Kerala,India,"( 10th to 15th -- Koothu ) Ammannur Kuttan Chakkyar, Ammannur Rajaneesh Chakkyar ---- 10th Vidooshakante Purappadu -- 11th Vivadam --- 12th Vinodam --- 13th,14th Ashanam --- 15th Rajaseva 16th, 17th, ",Koodiyaatam Aswadaka Samkham - Irinjalakuda,sreekumar,archive2009-2q.asp
06-06-09,"Santhanagopalam, Balivijayam, Kiratham.","Panavalli, Cherthala. 9PM",Alappuzha,Kerala,India,PSV Natyasangham Artists,PSV Natyasangham 0483-2743650,PSV Natyasangham,archive2009-2q.asp
06-06-09,"Santhana gopalam, Bali Vijayam, KIRATHAM","NalppathenneeswaramMahadeva Temple, Panavally P.O,Cherthala Time 09.PM",Alappuzha,Kerala,India,"1)Presentation:- By PSV NatyaSangham,Kottackal 2)Artists:- Chndrasekhara Variar, Kesavn Kundlyr, Vasudvn Kundlyr, Haridsn, Dvdsn, Sudhir, Rajmhn, Unnikr ishnan, Murli,Hariswr,Harikmr, cmUnnikrshn, Sun","Mrs&Mr.Ramachandrn Nair, Ambati, Moovattupuzha","k.n.madhu,Panavally",archive2009-2q.asp
31-05-09,SANTHANAGOPALAM [SAMPOORNAM],PUTHIYEDOM BHAGAVATHY TEMPLE: 6.30 PM,,Kerala,India,NELLIYODU VASUDEVAN NAMPOOTHIRI AND TEAM,M.V.NARAYANAN [ 9961097664],HARI,archive2009-2q.asp
31-05-09,Nalacharitham 2nd Day(From Kali Dwaparan To Verpadu) - Monthly Performance,Sree Krishna Temple Natakalsala Ambalapuzha 7 pm,Alappuzha,Kerala,India,"Kal Shanmughan (Nalan);Kal Vijayakumar (Damayanthi); RLV PRamod (Pakshi),Kal Hari R Nair (Kali); Thirvanchiyoor Subash (dwaparan); RLV Pramod (Indran); Kalanilayam Vinod (Pushkaran) Pathiyoor Sankaran",Sandarsan Kathakali Vidyalayam Ambalapuzha,Renjith R - 9447161980,archive2009-2q.asp
30-05-09,"Kuchela Vr~tham, Duryodhana Vadham(Sampoornam)","Community Hall, Cherpu 8.30pm",Thrissur,Kerala,India,"Kala(Mayyanad)Rajeev, Kala Shanmughan, Kala. Hari R Nair, Kala Sucheendran, Kala Arun Warrier, Kala Neeraj, Kalanilayam Rajeev, Nedumbilli Ram Mohan, Kala Krishnadas, Kala Hareesh, Kala Raj Narayanan,","Kundur Smaraka Sadassu, Cherpu",Jayan Madasseri,archive2009-2q.asp
30-05-09,kuchelavrutham Duryodhanavadham( starting with pathinja padadam ),cherpu comunity hall thayamkulangara cherpu 8pm,thrissur,Kerala,India,kuchelan:Kala m k rajeevan krishnan:kala sucheendranath duryodhanan1:kala shanmukhan dussasanan:kala hari r nair duryodhanan2:kala arun varior krishnan:kala neeraj raudrabheeman:kala m k rajeevan patt,9947040980kundur smarakasadassu peruvanam,praveen.k.varma,archive2009-2q.asp
30-05-09,Nalacharitham 2nd Day(Kuvalayaviloochanee....... Scene) - Monthly Performance,Sree Krishna Temple Natakalsala Ambalapuzha 7 pm,Alappuzha,Kerala,India,"Kal Mukundan (Nalan); Kal Vijayakumar (Damayanthi); Pathiyoor Sankarankutty, Kal Jayaprakash (Music); Kalnilayam Ratheesh (chenda); Kalanilayam Manoj (Maddalam); Kal Sukumaran (Chutti); Pallipuram Unn",Sandarsan Kathakali Vidyalayam Ambalapuzha,Renjith R - 9447161980,archive2009-2q.asp
28-05-09,Dhuryodhana Vadam ( Starting fromParipahi.........),Kalamandalam,Trichur,Kerala,India,"KRISHNAN - KALA.MUKUNDAN,PANCHALI - KALA.ARUN WARRIER,DHURYODHANAN - KALA RAMADAS,DHUSHASANAN- KALA.NEERAJ AND RAWDRA BHIMAN KALA.RAMACHANDRANUNNITHAN PATTU(KALAMANDALAM):MOHANAKRISHNAN,BHAVADASAN,SIV",KALAMANDALAM,Vivek.P,archive2009-2q.asp
28-05-09,Gaandharivilapam Kathakali by Adv. Pirappancode G. Jayadevan Nair,"Karthikathirunal Theatre, Fort TVM 06 p.m.",Trivandrum,Kerala,India,"Sreekrishnan-Kottackal Ravikumar,Bheeman-Kala. Krishnakumar,Vyasan-Nelliyodu Vasudevan Namputhiri,Gaandhari-Margi Vijayakumar, Dharmaputhrar-Kottackal Chandrasekharan,Music-Kottackal Narayanan,Kalanil","Drisyavedi, TVM, 9447059240",Radhakrishnan. K Thiruvananth,archive2009-2q.asp
28-05-09,SUBHADRA HARANAM,KERALA KALAMANDALAM - CHERUTHURUTHY 9.30 PM,TRICHUR,Kerala,India,"ARJUNAN- KAL.VASU PISHARODY,KRISHNAN-KALA.VIPIN,SUBHADRA-KALA.SUJINDRAN,BHRAMINS-KALA.ARUN WARRIER & KALA.NEERAJ(BALABADRA-SADANAM KRISHNANKUTTY,KRISHNAN-KALA.BALASUBRAMANYAN) PATTU(KALAMANDALAM):MOHA",KERALA KALAMNDALAM,VIVEK.P,archive2009-2q.asp
28-05-09,RAJASOOYAM (SHISUPALAN'S PART ),"KALAMANDALAM (After Subhadra Haranam Kathakali i.e, 9.30 pm)",Trichur,Kerala,India,"Shisupalan-Kotta.Devadas,Krishnan-Kala.Arun Remesh,Arjunan-Kala.Tulasikumar,Dharmaputrar-Kala.Chinosh Balan,Bhramin-Kala.Sujindran,Narada - Kala.Vipin",Kerala Kalamandalam,Vivek.P,archive2009-2q.asp
26-05-09,Kiratham,PattambiVadakkummuriKunnamghatTemple 0730PM,Palakkad,Kerala,India,KalaHaridas KalaSivadas Kala Manoj KalaMohanakrishnanVellinezhiAchuthankutty KalaNandakumarKalaRajanarayanan AppunnyTharakan Chutty Sivaraman,,Dr KRNambisan,archive2009-2q.asp
18-05-09,DAKSHAYAGAM,"Ernakulathappan Hall (beside Siva Temple), Ernakulam 6PM",Ernakulam,Kerala,India,,EKClub & Siva Temple,Srikumar,archive2009-2q.asp
18-05-09,Balivatham,"Manjeri Kalikavu, 9 PM",Malappuram,Kerala,India,PSV Natyasangham Artists,PSV Natyasangham 0483-2743650,PSV Natyasangham,archive2009-2q.asp
18-05-09,KARNASHAPADHAM,Thrikovil Malakkara,Pattanamthitta,Kerala,India,"Karna: Kala. Ramakrishnan, Duryodhana: FACT Mohan, Kunthi: Mathoor Govindankutty, Bhanumathi: Kalanilayam Vinod, Dusassana: Tiruvella Babu, Pattu: Kala. Balachandran, Kalanilayam Sinu, Chenda: Kalabha",FACT Mohan,,archive2009-2q.asp
17-05-09,"Purappad, Melappadam, Santhanagopalam, Seethaswayamvaram, Kiratham","Vakathanam, Manikandhapuram",Kottayam,Kerala,India,PSV Natyasangham Artists,PSV Natyasangham 0483-2743650,PSV Natyasangham,archive2009-2q.asp
17-05-09,Panchamaddala Keli by Cheplassery Sivan & party and Santhanagopalam Kathakali,"Guruvayurappan Hall, Zamorin's Higher Secondary School, Tali; 4pm",Kozhikode,Kerala,India,"Krishnan- Radhika Ranjeet, Arjunan- Kala.Manoj, Brahmanan- Kala.Sajan, Brahmana Patni- Gayathri Menon, Pattu- Deepa Palanadu, Ranjani Unnikrishnan, Chenda- Udayan Namboodiri, Maddalam- Hariharan, Chut","Renuka Varma, Navarasam no. 9605986672",Radha Madhavan,archive2009-2q.asp
17-05-09,Santhana Gopalam,"Thripunithura Kalikotta Palace, 6 p.m.",Ernakulam,Kerala,India,"Padmabhushan Kala.Ramankutty Nair-Brahmanan,Sadanam Krishnankutty-Arjunan,Sadanam Krishnadas-Sreekrishnan,Sadanam Vijayan-Brahmana Padni,RLV Pramod-Vridha, Pattu-Kalanil.Unnikrishnan,Kalanil.Rajeevan,",Thripunithura Kathakali Kendram,"Biju Anand, North Paravur",archive2009-2q.asp
17-05-09,kirmeera vadham,"Town NSS Hall,Chalakudy",Thrissur,Kerala,India,,"9446762641,9447078635",Sreeprasad.N,archive2009-2q.asp
17-05-09,Santhanagopalam,"KALIKOTTA PALACE, Tripunithara 6 PM",Ernakulam,Kerala,India,"Kala. Ramankutty Nair, Sadanam Krishnan Ktty, Kotta. Narayanan etc",Trppunithura Kathakali Club,Hari the Midget,archive2009-2q.asp
16-05-09,Rajasuyam,"Kalikota palace, Tripunithara 6 PM",Ernakulam,Kerala,India,"artists-Jarasandhan:Madavoor Vasudevan Nayar, Sisupalan:Kala:Ramachandran Unnithan. pattu-Kalanilayam:Unnikrishanan.",thrippunithura kathakali club,Hari the Midget,archive2009-2q.asp
16-05-09,"Santhana Gopalam, KuchelaVrutham, Kiratham",Nalppathenneeswaram Mahadeva Temple,Alappuzha,Kerala,India,"Artists Ktckl Chndrasekhara Varier, Kesavan Kundlyr, Vasdvn Kundlyr, Haridasn, Devdsn,Sudheer PATTU K.Narayanan,Kottackal Madhu CHENDA Prasad Kumar,Vijaya Raghvan MADDALAM Sree Revidrn, Radhakrshn PSV","Kamalakkunjamma, Narayana Pillai,Panavally",Harikrishnan R,archive2009-2q.asp
16-05-09,Rajasuyam,"Tripunithura Kalikotta Palace, 6 p.m.",Ernakulam,Kerala,India,"Madavoor Vasudevan Nair-Jarasanthan,Sadanam Vijayan-Padni,Fact Padmanabhan,RLV Pramod-Brahmanar,Kala.Ravikumar-Bheemasenan,Biju Bhaskar-Arjunan,Kala.Rajeevan-Srikrishnan,Kala.Ramachandran Unnithan-Sis",Tripunithura Kathakali Kendram,"Biju Anand, North Paravur",archive2009-2q.asp
16-05-09,"Santhanagopalam, Kuchelavrutham, Kiratham","Panavalli , Cherthala 9PM",Ernakulam,Kerala,India,PSV Natyasangham Artists,"Kamala Kunjamma,NarayanaPillai, Koorapillil,Panava",PSV Natyasangham,archive2009-2q.asp
14-05-09,nalacharitham nalam divasom,"guruvayur temple ,7.00 pm",thrishur,Kerala,India,"kala vasu pisharody ,haripriya nambudiri,arun warier,kottakkal madhu ,nedumpilly rammohan,sadanam ramakrishnan, kala raj narayanan",,haripriya,archive2009-2q.asp
13-05-09,Ayyappacharitham,Kachamkurussi Temple 9PM,Palakkad,Kerala,India,PSV Natyasangham Artists,PSV Natyasangham 0483-2743650,PSV Natyasangham,archive2009-2q.asp
13-05-09,Sreerama Pattabhishekam,"irinjalakuda koodalmanikyam temple, 12 PM",thrissur,Kerala,India,"Kala. Kuttan, Kalanilayam Gopi, Kalanilayam Gopinathan,Pariyanampatta Divakaran, Kalanilayam Gopakumar, PATTU Narayanan Embranthiri, Kalanilayam Ramakrishnan,CHENDA Kunjunni,Sivadas,MADDALAM Kalamanda",koodalmanikyam devaswam,sreejanvellani,archive2009-2q.asp
12-05-09,"Sandanagopalam, RavanaVIjayam","irinjalakuda koodalmanikyam temple, 12",Thrissur,Kerala,India,"Kalamandalam Kuttan,Injakkad Ramachandran pillai,Kalanilayam Mahendran,Kalanilaym gopinathan,Kalanilaym Anilkumar,Kalamandalam Shanmukhadas,Kalamandalam Rajendran,Narayanan Embranthiri,Kalanilaym Rama",koodalmanikyam devaswam,sreejanvellani,archive2009-2q.asp
12-05-09,"Santhanagopalam, Prahlada Charitham","Kachamkurussi Temple, 9 PM",Palakkad,Kerala,India,PSV Natyasangham Artists,0483-2743650,PSV Natyasangham,archive2009-2q.asp
12-05-09,Karna Sapadham . KeechakaVadham,Mukhathala Srikrishna Kshetram 9 PM,,Kerala,India,"Sadanam Krishnan Kutty, Kala Krishna kumar, Kalani Gopalakrishnan, Chatanur Kochunarayana pillai, RLV Radhakrishnan, Kala Sreekumar, Kalani Gopakumar, Chiranaynkeezhu Murugan, Kala Biju, Gireesan, PAT",UTSAVKALI,kalani. gopakumar,archive2009-2q.asp
12-05-09,"Karnashapadam, Keechaka Vadham",Kollam,Kollam,Kerala,India,"Sadanam Krishnankutty, Kottakkal Chandrashekara Warrier, etc",,Hari the Midget,archive2009-2q.asp
11-05-09,"Poothana moksham, Dakshayagam","Koltharakavu Srikrishnaswami kshetram, Chirayankeezhu 8 PM",Kollam,Kerala,India,"Madavur Vasudevan Nair, Injakkadu Ramachandran Pillai, Thonnakkal Peethambaran, Chathanoor Kocjhunarayana Pilla, Kalani. Gopakumar ,Chirayankeezhu Murugan, Pattu: Pathiyoor Sankarankutty, Kala. Sajeev",Kshetram,kalani. gopakumar,archive2009-2q.asp
11-05-09,"Kirmeera Vadham, Utharaswayamvaram","irinjalakuda koodalmanikyam temple, 12",thrissur,Kerala,India,"Kalamandalam Balasubramaniyan,Kalanilayam Balakrishnan,Kalamandalm Manojkumar,Kottakkal Narayanan,Kalanialaym Rajeevan,Kalamandalam Rajesh Menon,Kunjunni,Kala:Sivadas,Kala:Balasundaran,Kala:rajnarayan",koodalmanikyam devaswam,sreejanvellani,archive2009-2q.asp
10-05-09,Kuchella Vrittam,Payanoor,Kanoor,Kerala,India,"Krishna: Kala. Gopi, Kuchella: Madavoor Vasudevan Nair, Pattu: Pathiyoor Shankarankutty, Kala. Babu Namboothiri, Chenda: Kala. Unnikrishnan, Maddalam: Kala. Sasi",,Hari the Midget,archive2009-2q.asp
10-05-09,"Bali Vadham, Daksha Yagam",Vijnanakalavedi 8:30 pm,Pattanamthitta,Kerala,India,"Bali: Sadanam Krishnankutty, Sugreeva: Kala. Ramachandran Unnithan, Rama: Kala. Krishnaprasad, Sita: Kala. Vijayan, Lakshmana: Kalanilayam Vinod, Ravana: Thonnakkal Peethambaran, Akamban & Maricha: Ka",Vijnanakalavedi,Louba Schild,archive2009-2q.asp
10-05-09,"Lavanasura Vadham, Dakshayagam",irinjalakuda koodalmanikyam temple,thrissur,Kerala,India,"Kalanilayam Gopi,Kalanilayam Vijayan,Vellinezhi Haridasan,Sadanam Vijayan,Kalamandalam Mohanakrishnan,Narayanan Embranthiri,Kalamandalam Sudheesh,Kunjunny,Kalanilayam Unnikrishnan,Kalamandalam Haridas",koodalmanikyam devaswam,sreejanvellani,archive2009-2q.asp
09-05-09,"kalyanasowgandhikam,keechaka vadham","irinjalakuda koodalmanikyam temple, 12",thrissur,Kerala,India,"Sadanam Krishnankutty,kotta:chandrashekharan,Kalanilayam gopi,Paland divakaran,nedumpilly ram mohan,kunjunni,raman namboodiri etc",koodalmanikyam devaswam,sreejanvellani,archive2009-2q.asp
08-05-09,Nalacharitham Randam Divasam,"irinjalakuda koodalmanikyam temple, 12",thrissur,Kerala,India,"Kalamandalam Gopi,Nelliyode,Margi Vijayakumar,Kalamandaam Krishnakumar,Kottakkal Devadasan,Kalanilayam Unnikrishnan,Kottakkal Madhu,Nedumpilly Rammohan,Kalamandalam Unnikrishnan,Kalamandalam Nanadakum",koodalmanikyam devaswam,sreejanvellani,archive2009-2q.asp
08-05-09,"Purapad, Melapadam, Kamsa Vadham",Vijnanakalavedi 8:30,Pathanamttitha,Kerala,India,"Purapad: Kalavedi Shankardas, Gagana Namboothiri, Kamsa: Madavoor Vasudevan Nair, Akrooran: Inchakkad Ramachandran Pillai, Krishna: FACT Padmanabhan, Balarama: Kala. Pradeep, Narada: Kala. Kesavan Nam",Vijnanakalavedi,Louba Schild,archive2009-2q.asp
07-05-09,"purappad, sangameshamahatmyam, balivijayam & bakavadham","irinjalakuda koodalmanikyam utsavam, 12.00",thrissur,Kerala,India,"kalanilayam raghavan,kalanilayam gopi,pariyanampatta,kala:madhumohan,kala:gopinathan, Kalamandalam Rajendran,Narayanan Embranthiri,Kala ramakrishnan,kala haridas,kala kunjunni,sivadas,udayan etc",koodalmanikyam devaswam,sreejanvellani,archive2009-2q.asp
07-05-09,"Kalyana Saugandhikam, Santhana Gopalam",Tiruvella,,Kerala,India,,,Hari the Midget,archive2009-2q.asp
07-05-09,,Evaloor,,Kerala,India,Comming soon....,,Hari the Midget,archive2009-2q.asp
06-05-09,Daksha Yagam & Kiratham,"Sree Mahadeva Temple, Nalpathenneeswaram, Panavally; 9.00 pm","Cherthala, Alappuzha",Kerala,India,"KTKL Chandrashekhara Warier, Keshavan Kndlyr, Vasudevan Kndlyr, KTKL Haridasan, KTKL Devadasan etc; Singers: KTKL Narayanan, KTKL Madhu etc; Chenda-KTKL Prasadkumar,KTKL Vijayaraghavan etc; Maddalam-K","S P Ajith Kumar, Chaithram,Panavally.",Abhijith Narayan,archive2009-2q.asp
06-05-09,"NALACHARITAM-1, KIRATHAM","PAZHAVEEDU TEMPLE, 8.30 PM",ALLEPPEY,Kerala,India,"KAL BALASUBRAMANYA, KALA RAMCHANDRAN UNNITHAN, MARGI VIJAYAN, KALA HARIKUMAR,KAL SHANMUGAN, PATHIYUR SANKARAN KUTTY, KAL AJESH, KOTTSANTOSH.,KUROOR VASUDEVAN NAMPOTIRI, ACHUTA WARRIER ETC","PAZHAVEEDU TEMPLE,C/O, ALPY DT KATHAKALI CLUB",KALARCODE MURALI,archive2009-2q.asp
06-05-09,DAKSHAYAGAM,"Thumbara Sri Bhadrakali Kshetram, Varkala 7.30 PM",Trivandrum,Kerala,India,"Chathannur Kochunarayana Pillai, Kala. Mahindran, Kala. Biju, Kala. Arkanoor Anil Kumar, Kalani. Gopakumar, Manoj etc.",Kshetram,kalanilayam gopakumar,archive2009-2q.asp
04-05-09,"Usha Chitralekha, Krishnavatharam,Ambareesha Charitham","MANNURKAVU DEVI kshetram, Mynagapilli",Kollam,Kerala,India,"Madavur Vasudevan Nair, Kala. Ramachandran, Chattannur Kochunarayana Pillai, Kala. Krishna Prasad,Kalani Gopakumar,Kala. Anil Kumar, Kala. Prashanth, Madhu Varanasi, PATTU Pathiyoor Sankarankutt, Kala",KKClub...(9744728886(gopakumar) ),kalanilayam Gopakumar,archive2009-2q.asp
03-05-09,"Subhadraharanam, Seethaswayamvaram","Sreerengam Hall,South gate,Therunakara,Kotayam",Kottayam,Kerala,India,"Arjuna: Kala. Gopi, Krishna: Kala. Rajesh, Subhadra: Kala. Shanmukhan, Parasurama: Kottakkal Kesavan, Rama: Kala. Rajeev, Pattu: Madambi Subrahmaniam Namboothiri, Kala. Babu Namboothiri, Chenda: Kala.",Kotayam Kaliyarag's Varshekam,Hari the Midget,archive2009-2q.asp
03-05-09,Subhadraharanam(Ist part),"Sreerengam Hall,South gate,Thirunakara, 4 PM",Kottayam,Kerala,India,"Kottayam KLIYARG's 35th Varshikam_ Arjunan-Pathmasree Kala:Gopi, Pattu-Kala:Madambi Subrahmanyan Naboothiri, Chenda-Kala:Unnikrishnan,","Kaliyarangu,Kottayam.Ph:9446432850","Mani,Vathukkndam",archive2009-2q.asp
02-05-09,Kachadevayani Narakasura vadham,PARASALA SRIMAHADEVA KSHETRAM 9PM,KOLLAM,Kerala,India,"Madavur vasudevan Nair, Nelliyode Vasudevan Namboodiri, Injakkadu Ramachandran Pillai, kala. professor balasubramanian kala. ratheesan, RLV Radhakrishnan, Attinkal peethambaran, Kalanilayam Gopakumar,",......(9744728886(gopakumar) ),kalanilayam gopakumar,archive2009-2q.asp
02-05-09,"Bali Vijayam , Daksha Yagam","CheriAzhikkal Siva Kshetram, (Karunagapally) 10 PM",,Kerala,India,"FACT Mohan,Chattanur Kochunarayana Pillai,Thiruvalla Harikumar",Utsava Samithi,kalanilayam gopakumar,archive2009-2q.asp
01-05-09,Karnasapadham,"Vaikkathur Siva Temple,Valanchery,6.30PM,(Kuttipur-Vaikathur-Perunthal)",Malappuram,Kerala,India,"Karnan-Pathmasree Kala:Gopi, Kunthi:Kotta:Chandrasekhara Variyar. Kottakal PSV Natyasangkam Trup.",Kottakal PSV Natyasangkam Trup,"Mani,Vathukkndam",archive2009-2q.asp
01-05-09,Lavanasuravadham,"Theatre Forum, Meyrin 8:30",Meyrin,Swiss,Switzerland,"Hanuman: Sadanam Krishnankutty, Sita: Margi Vijayan, Lava: Sadanam Bhasi, Kusha: Sadanam Sadanandan, Shathrugna: Margi Ravindran, Pattu: Kalanilayam Unnikrishnan, Rajeev, Chenda: Kala. Balaraman, Madd",Forum Meyrin,Hari the Midget,archive2009-2q.asp
30-04-09,"Devayani Charitham, Daksha Yagam",Poredam Mahadeva Kshetram 9 PM,Kollam,Kerala,India,"Madavur Vasudevan Nair, Kala. Rajasekharan, Arkanoor Prabha, RLV Gangadharan, Kala. Unnikrishnan, Kala. Rajeevan, Kala. Hari R. Nair, Kalani. Gopakumar, Kala. Anilkumar, Kala. Vaishakh, PATTU Kala. Sa",Poredam Kathakali Aswadaka Sangham,Kalanilayam Gopakumar,archive2009-2q.asp
30-04-09,"Nalacharitham 2nd day, Bali Vadham 9.30 PM",Ernakulam,Ernakulam,Kerala,India,"Kala. Balasubramaniam, Kala. Krishnakumar, Pattu: Palanad Divakaran, Chenda: Kala. Vijayakrishnan, Sreekanth Varma",Temple Committee,Hari the Midget,archive2009-2q.asp
29-04-09,"Karna Shapadham, Nizhal Kuthu","Kanakathuru Devi Kshetram, Kollam 9PM",Kollam,Kerala,India,"Natyakulathra Madavur Vasudevan Nair, Padmasree Kala. Gopi, Attinkal Peethambaran, Thonnakkal Peethambaran, Kala. Ramachandran Unnithan, Kala. Ramachandran, Kala. Rajasekharan, Kala. Murugan, Kala. Ba",Kollam Kathakali Club,kalanilayam gopakumar,archive2009-2q.asp
29-04-09,"Karna Shapadam, Nizhal Kutthu",Chavara Kollam Devi Temple,Kollam,Kerala,India,"Karna: Kala. Gopi, Kunthi: Kala. Rajashekaran, Duryodhana: Thonnakkal Peethambaran, Dusassana: Peethambaran, Bhanumathi: Kala. Anilkumar, Malayan: Kala. Ramachandran Unnithan, Malayathi: Kala. Ramacha",,Hari the Midget,archive2009-2q.asp
28-04-09,"Kalakeya Vadham , Bana Yudham","Navayikulam Sankaranarayana Kshetram, 7.30 PM",Trivandrum,Kerala,India,"Madavur Vasudevan Nair, Kattakkal Chandrasekharan, Chirakkara Madhavan Kutty, Kala. Ramachandran Unnithan, Kala. Rajasekharan, Chattannaur Kochunarayanana Pilla, Vijaya Krishnan, Kalani Vinod, Kalani ",Kollam Kathakali Club,kalanilayam gopakumar,archive2009-2q.asp
28-04-09,"Kalakeya Vadham, Bana Yudham","Narayikulam temple, KollamDist.",Kollam,Kerala,India,"Madavoor Vasudevan Nair, Kottakkal Chandrashekara Warrier, Pattu: Kottakkal Narayanan, Chenda: Kala. Unnikrishnan, etc","PSV NatyaSangham, Kottakkal",Hari the Midget,archive2009-2q.asp
27-04-09,"LAVANASURAVADHAM, DAKSHAYAGAM","Manakachotil Devi Kshetram, Kollam",Kollam,Kerala,India,"Kal Ramachandran Unnithan, Kal Kesavan Namboodiri, Kala Krishna Prasad, Kalanilayam Gopakumar, Vinodan, Kalabharathi Arun,2nd Story Kalani Gopi, Thonnakkal Peethambaran, Kal Balakrishnan, Kala. Krishn",Vallathol Kathakali Troupe.,kalanilayam gopakumar,archive2009-2q.asp
27-04-09,"Nalacharitham 2nd day, Thorana Yudham",Kottarakkara,,Kerala,India,"Nala: Kottakkal Chandrashekara Warrier, Damayanthi: Kala. Rajashekaran, Kali & Kattalan: Kala. Ramachandran Unnithan, etc, Hanuman: Madavoor Vasudevan Nair Pattu: Pathiyoor Shankarankutty, Kottakkal M",,Hari the Midget,archive2009-2q.asp
26-04-09,Nalacharitham 3rd day,Cholakerakode,,Kerala,India,Kottakkal Troup,,Hari the Midget,archive2009-2q.asp
26-04-09,"Sandana Gopalam , Narakasura Vadham",Karimbuzha Sreerama Swami Kshetram (Sreekrishnapuram) - 8 PM,Palakkad,Kerala,India,"Sandana Gopalam : Kala. Kesavan Namboothiri , Kala. Manoj etc. Narakasura Vadham : Kottakal Kesavan Kudalayar, Nelliyode Vasudevan Namboothri Paatu: Palanad Divakaran, Nedumpally Rammohan, Pullur Mano",Organised by Myself (04662 267999),Vikar,archive2009-2q.asp
26-04-09,Lavanasuravadham,"Lyon, France",France,Kerala,India,"Hanuman: Sadanam Krishnankutty, Sita: Margi Vijayan, Lava: Sadanam Bhasi, Kusha: Sadanam Sadanandan, Shathrugna: Margi Ravindran, Pattu: Kalanilayam Unnikrishnan, Rajeev, Chenda: Kala. Balaraman, Madd",Ravi Kumar,Hari the Midget,archive2009-2q.asp
25-04-09,AYYAPPA CHARITHAM,Neyyoor Ooramman Temple,kanyakumari,Tamilnadu,India,Awaiting schedule,Natyasala Thiruvananthapuram,Prasanthneyyoor,archive2009-2q.asp
25-04-09,"Rukmangada Charitam, Keechaka Vadham & Kiratham.","Peruvaram Mahadeva Temple, Peruvaram,North Paravur. 9.00 p.m.",Ernakulam,Kerala,India,"Vesham-Kot.Chandrasekhara Warrier,Kesava Kundalayar, Vasudeva Kundalayar,Devadas, Haridasan,Sudheer, Muraleedharan,Rajmohan,A.Unnikrishnan,Hareeswaran,Harikumar,C.M.Unnikrishnan, Sunilkumar,Manoj & Pr",Kshethropadesaka Samithi,"Biju Anand, North Paravur",archive2009-2q.asp
25-04-09,"Baka Vadham, Duryodhana Vadham",Veloor,,Kerala,India,"Asari: Kottayam Ramakrishnan, Pattu: Kala. Balachandran, Kalanilayam Sinu, Kala. Hareesh, Prasanth, Chenda: Kidangoor Rajesh, Maddalam: Kala. Harikumar, Mohanakuttan",,Hari the Midget,archive2009-2q.asp
25-04-09,Ramayana,Kalady,Ernakulam,Kerala,India,"Kalanilayam Gopi, Kalanilayam Gopinath, Madhu Varanasi, Kala. Mukundan, Renjith, Hari R. Nair, Pradeep, Manikandan, Vijayan, Tripayoor Peethambaran, Madhu, Kalanilayam Haridas,etc",,Hari the Midget,archive2009-2q.asp
25-04-09,"Kalyana Saugandhikam, Santhana Gopalam",Tiruvella,Alleppey,Kerala,India,"RLV Rajasekharan, Kal. Manmadhavan, Jayachandran, FACT Jayadeva Varma, Chingoli Gopalakrishnan, Thiruvalla Sivan, , Pattu- Thiruvall Gopikuttan, Kalanilayam Sasi, Chenda-Peethambaran, Maddalam Thiruva",,Hari the Midget,archive2009-2q.asp
25-04-09,"Rugmangada Charitham, Karnashapadam, Kiratham",Paravoor Ernakulam,Ernakulam,Kerala,India,Kottakkal Troup,,Hari the Midget,archive2009-2q.asp
25-04-09,Daksha Yagam,Kozhikode,Kozhikode,Kerala,India,Kottakkal Troup,,Hari the Midget,archive2009-2q.asp
24-04-09,1. DEVAYAANI SOYAMVARAM 2. RAAVANA VIJAYAM 3. KIRATHAM,"Sreekrishnaswamy Temple, Thodupuzha, 10.45 PM",Idukki,Kerala,India,"SREE. NELLIYODU VASUDEVAN NAMPOOTHIRI, KALANILAYAM GOPALAKRISHANAN, KALA.KRISHNAKUMAR, VELLINEZHI HARIDAS, KALA MANOJ, KALA PRADEEP Etc.","Sreekrishnaswamy Temple, Thodupuzha, 04862222488",SATHISH PALACKAL,archive2009-2q.asp
23-04-09,Sreekrishna Vijayam (Thodupuzha Sreekrishna Mahatmyam),"Sreekrishnaswamy Temple, Thodupuzha",Idukki,Kerala,India,"Nelloyodu Vasudevan Nampoothiri, Kalanilayam Gopalakrisnan, Kala Krishnakumar etc.","Thodupuzha Sreekrishna Temple,",Sathish Palackal,archive2009-2q.asp
23-04-09,Bhaka Vadam (With Aasaari),"Sreekrishnaswamy Temple, Thodupuzha, 10PM",Idukki,Kerala,India,"Nelliyodu Vaasudevan Nampoothiripad, Kalanilayam Gopalakrishnan, Kala krishnakumar etc..","Sreekrishnaswamy Temple, Thodupuzha",Sathish Palackal,archive2009-2q.asp
23-04-09,Lavanasuravadham,"Lyon, France",France,France,France,"Hanuman: Sadanam Krishnankutty, Sita: Margi Vijayan, Lava: Sadanam Bhasi, Kusha: Sadanam Sadanandan, Shathrugna: Margi Ravindran, Pattu: Kalanilayam Unnikrishnan, Rajeev, Chenda: Kala. Balaraman, Madd",Ravi Kumar,Hari the Midget,archive2009-2q.asp
23-04-09,Nalacharitham 1st day,Kottarakara,,Kerala,India,"Nala: Kottakkal Chandrashekara Warrier, Damayanthi: Kala. Rajashekaran, Hamsa: Madavoor Vasudevan Nair, Pattu: Pathiyoor Shankarankutty, Kala. Vinod, Chenda: Kala. Varanasi Narayana Namboothiri, Madda",,Hari the Midget,archive2009-2q.asp
22-04-09,balivadham,iraveeswaram mahadeva temple,kottayam,Kerala,India,"purappadu-kdmlr rahul ,ravana-kala.bagyanathan, rama-kala murali ,sita-kala vijayan bali-kott.devadas ,lakshmana-kudmlr rahul,jadayu-subash pattu-kala balachandran,sinu, chenda-rajesh,madhalam-hari",utsava committeee,girija,archive2009-2q.asp
21-04-09,Lavanasuravadham,"Neuchatel, France",France,France,France,"Hanuman: Sadanam Krishnankutty, Sita: Margi Vijayan, Lava: Sadanam Bhasi, Kusha: Sadanam Sadanandan, Shathrugna: Margi Ravindran, Pattu: Kalanilayam Unnikrishnan, Rajeev, Chenda: Kala. Balaraman, Madd",Ravi Kumar,Hari the Midget,archive2009-2q.asp
21-04-09,Daksha Yagam,Vijnanakalavedi 8:30 pm,Pattanamthitta,Kerala,India,"Daksha: Kala. Gopi, 2nd Daksha: Kottakkal Chandrashekara Warrier, Daksha wife: Kala. Shanmukhan, Brahmin: Kala. Arun, Sathi: Kalanilayam Gopalakrishnan, Veerabhadra: Kala. Ramachandran Unnithan, Bhadr",Vijnanakalavedi,Louba Schild,archive2009-2q.asp
21-04-09,KEECHAKAVADHAM,"Venue: Chinmayanjali Auditorium, Thondayad, Kozhikode Time: 5-30 pm",Kozhikode,Kerala,India,Sudeshna-Haripriya; Sairandhri-Kala.Vijayan; Keechakan-Kalanilayam Vasudevan; Valalan-Kala.Niraj;Pattu-Kottakal Madhu & Ram Mohan; Chenda-Kalani.Udayan; Maddalam-Kala.Venu; Chutti-Padamanabhan; Kopp-C,"NAVARASAM, KOZHIKODE, mob: 09846162317",Radha Madhavan,archive2009-2q.asp
21-04-09,"KATHAKALI WORKSHOP, ""KATHAKALIYENNA VISISHTA KALASRUSHTI"" & KATHAKALI-KEECHAKAVADHAM","'CHINMAYANJALI AUDITORIUM', THONDAYAD, KOZHIKODE-17(10 AM TO 8 PM)",KOZHIKODE,Kerala,India,"WORKSHOP:-PRAYER:A.V.UMA, SWAGATHAM:RENUKA VARMA, ADHYAKSHA PRASAMGAM: A.D.MADHAVAN, UTHGHATANAM:SWAMI ADHYATHMANANDA SARASWATHI, NANDI PRAKATANAM:RAGHUSANKAR PARTICIPANTS:-DO.C.RAJENDRAN:KATHAKALIYUT","RENUKA VARMA, 'NAVARASAM', KOZHIKODE 9605986672",RADHA MADHAVAN,archive2009-2q.asp
20-04-09,Lavanasuravadham,"Neuchatel, France",France,France,France,"Hanuman: Sadanam Krishnankutty, Sita: Margi Vijayan, Lava: Sadanam Bhasi, Kusha: Sadanam Sadanandan, Shathrugna: Margi Ravindran, Pattu: Kalanilayam Unnikrishnan, Rajeev, Chenda: Kala. Balaraman, Madd",Ravi Kumar,Hari the Midget,archive2009-2q.asp
20-04-09,Duryodhanavadham.,"Maruthoorvattam Temple,Cherthala.",Ernakulam.,Kerala,India,"Duryodhanan;ParvathiU Menon.Dhussasanan;GeethaRamesh.Dharmaputhrar;Radhika Ajayan.Krishnan;Subhadra.Panjali;Haripriya.Sakuni;Pramila.Raudrabheeman;FACT Padmanabhan.Chenda;""Kala""Unnikrishnan&Gopi krish",,Rakesh,archive2009-2q.asp
19-04-09,Kirmeeravadham (Poorva Bhagam),"Vivekodayam HSS, Thrissur, 5:30 PM",Thrissur,Kerala,India,"Dharmaputhrar: Kala. Shanmukhadas, Panchali: Kala. Sucheendran, Doumyan: Kala. Kasinathan, Suryan: Kala. Chinosh, Sreekrishnan: Kala. Arun Warrier, Sudrasanam : Kala. Neeraj Sangeetham : Kala. Babu Na",Thrissur Kathakali Club,Sreekanth (9495782916),archive2009-2q.asp
19-04-09,"Ravana Vijayam, Daksha Yagam",Emanoor Valakom Kottarakkara,,Kerala,India,,,Hari the Midget,archive2009-2q.asp
18-04-09,Nalacharitham 4thday Bakha Vadham,Haripad Subramaniaswami Temple 9:00 pm,Alleppey,Kerala,India,"Kala. Ramachandran Unnithan, Krishnaprasad, Balakrishnan, RLV Mohan, Kalanilayam Ravindranath Pai, Chingoli Gopalakrishnan, Madhu Varanasi, Haripad Ramu, Kalanilayam Sajeevan, Babu, Chenda: Kalabharat",,Hari the Midget,archive2009-2q.asp
18-04-09,"Purappad, Melappadam, Santhanagopalam, Seethaswayamvaram, Bakavadham",Ittithaanam,Kottayam,Kerala,India,"P.S.V. Natyasangam, Kottakkal",Temple Committee,Vaidyanathan (Swami),archive2009-2q.asp
18-04-09,Lavanasuravadham,"Paris, France",France,France,France,"Hanuman: Sadanam Krishnankutty, Sita: Margi Vijayan, Lava: Sadanam Bhasi, Kusha: Sadanam Sadanandan, Shathrugna: Margi Ravindran, Pattu: Kalanilayam Unnikrishnan, Rajeev, Chenda: Kala. Balaraman, Madd",Ravi Kumar,Hari the Midget,archive2009-2q.asp
18-04-09,Lavanaasuravadham(Mannan & Mannathi) & Kiraatham,"Thirupuraykal Temple,Thiruvazhiyode 1830hrs",Palakkad,Kerala,India,"Ka Kuttikrishnan,Ka Ramakrishnan,Ka Hari R Nair,Ka Mohanakrishnan,Ka Ananthanarayanan,dr Vellinezhi Achuthan Kutty,Sadanam Ramadas & Sreehari,Ka Venu, Ka Appunnitharakan","Vellinezhi Nanu Nair Smaraka Kalakendram,0466-2285",Vellinezhi Achuthan kutty,archive2009-2q.asp
18-04-09,"Ravanaudbhavam, Ravana Vijayam",Palakkad 5:30 pm,Palakkad,Kerala,India,"Madavoor Vasudevan Nair, Kala. Rajashekaran, Kesavan Namboothiri etc.",,Hari the Midget,archive2009-2q.asp
17-04-09,"Rugmangada Charitham,Thoranayuddham","Thiruvangaad Temple, Thalassery",Malappuram,Kerala,India,"P.S.V. Natyasangam, Kottakkal.",Temple Committee,Vaidyanathan (Swami),archive2009-2q.asp
17-04-09,Lavanasuravadham,Dijon France,France,France,France,"Hanuman: Sadanam Krishnankutty, Sita: Margi Vijayan, Lava: Sadanam Bhasi, Kusha: Sadanam Sadanandan, Shathrugna: Margi Ravindran, Pattu: Kalanilayam Unnikrishnan, Rajeev, Chenda: Kala. Balaraman, Madd",Ravi Kumar,Hari the Midget,archive2009-2q.asp
16-04-09,"Kalyana Saugandhikam, Sita Swayamvaram, Duryodhana Vadham",Kottayam,Kottayam,Kerala,India,Kottakkal Troup,,Hari the Midget,archive2009-2q.asp
16-04-09,Nizhalkuthu,"Kattampakku (near Kaduthuruthy), 9:00 PM",Kottayam,Kerala,India,"Kala.Saseendran(malayan), Kala.Kesavan Namboothiri(malayathi),Kala.Bhagyanath, Kala.Prasanth etc. Music: Kott.P.D.Namboothiri, Kala.Balachandran etc.",,Gireesh,archive2009-2q.asp
15-04-09,"Thodayam, Purapad, Melapadam, Karnasapadam, Bali Vadham",Kottayam,Kottayam,Kerala,India,Kottakkal Troup,,Hair the Midget,archive2009-2q.asp
14-04-09,"Kacha Devayani, Thoranayudham",Cochin,Cochin,Kerala,India,"Kala. Kesavan Namboothiri, etc",,Hari the Midget,archive2009-2q.asp
14-04-09,Kalyanasougandhikam,"Ramamangalam Perumthrikkovil, 7:00 PM",Ernakulam,Kerala,India,"Nelliyodu Vasudevan Namboothiri, Kala.Balasubrahmanyan etc.",,Gireesh,archive2009-2q.asp
13-04-09,Bali Vadham,Palakkad,Palakkad,Kerala,India,"Bali: Kala. Pradeep, Sugreeva: Kalanilayam Vasu, Rama: Palakkad Gopika, Pattu: Sadanam Shivadasan, Chenda: Sadanam Ramakrishnan",,Hari the Midget,archive2009-2q.asp
12-04-09,Nalacheritham 1st day,sreekrishna temple south chittoor,,Kerala,India,"Nala: Kala. Gopi, Hamsa: FACT Padmanabhan, etc, Pattu: Kalanilayam Unnikrishnan, Kottakkal Madhu, Kalanilayam Rajeev, Chenda: Kala. Unnikrishnan, Maddalam: Kala. Sasi",,Hari the Midget,archive2009-2q.asp
11-04-09,"Kuchella Vrittam, Prahlada Charitham",Kottayam 8:30,Kottayam,Kerala,India,"Kuchella: FACT Mohan, Krishna: Tiruvella Haripotti, Kala. Rajesh, Kuchella wife: Muralikrishnan Namboothiri, Narasimha: Nelliyodu Vasudevan Namboothiri, Hiranyakashipu: Kottakkal Kesavan, Prahlada: Mu",,Hari the Midget,archive2009-2q.asp
11-04-09,Subhadraharanam,Vijnanakalavedi 8:30 PM,Pattanamthitta,Kerala,India,"Balarama: Kottakkal Chandrashekara Warrier Krishna: Kala. Pradeep Brahmins: Kala. Kesavan Namboothiri, Kalanilayam Vinod, Pattu: Kottakkal Narayanan, Kottakkal Narayanan V., Chenda: Kala. Unnikrishnan",Vijnanakalavedi,Louba Schild,archive2009-2q.asp
10-04-09,Ahalyamoksham [ by Kalarcode Narayanan Nair] & Subhadraharanam.,"SDV Besant Hall, 20.00 hrs.",Aalapuzha,Kerala,India,"44th Anniversary of Kalarcodu Narayanan Nair Memo. Aalapuzha Dist. Kathakali Club. Prappaadu, MELAPPADAM Presented by the most popular team in Kerala Kuroor,Krishnadas,Kota.Radhakrishnan and Kala. Ach",Kalarcode Narayanan Nair Memo. Kathakali club.,V.Madhu kumar,archive2009-2q.asp
10-04-09,"SubhadraHaranam (Utharabhagam), AhalyaMoksham","08.00 PM | Besant Hall, Alappuzha Town",Alappuzha,Keralam,India,"Kottackal Chandrasekhara Variar (Devendran), Kalamandalam Ramachandran Unnithan (Brahmanan 1, Gouthaman), Kalamandalam Ramakrishnan (Balabhadran), Mathur Govindankutty (Ahalya), Kalamandalam Sreekumar",Alappuzha District Kathakali Club,Haree,archive2009-2q.asp
10-04-09,duryodhanavadham,banglore club for kathakali and other arts [BCKA] chowdaiah memmorial hall 6.30,BANGLORE,Kerala,India,duryodhanan-KOTTAKKAL NANDAKUMARAN NAIR dhussasanan - KALA HARI.R.NAIR dharmaputhrar-KALA VIPIN sakuni THRIPPAYYA PEETHAMBARAN panchali-KALA ABHIMANYU krishnan- KALA HARIDAS mumukshu- KALA BAJIYO roud,JANABHERI KATHAKALI KENDRAM 9447995636,abhimanyu.v,archive2009-2q.asp
10-04-09,"Nalacharitham 3 Divasam, Dhakshayagham","Perumbavoor Dharmasastha Kshethram, Perumbavoor 1000 PM",Ernakulam,Kerala,India,"Padmasree Kal Gopi, Sarvasree Nelliyodu Vasudevan, Sadanam Krishnankutty, Kal Rajasekharan etc Pattu-Kalanilayam Unnikrishnan, Babu Namboothiri, Kalanilayam Rajeevan etc, Chenda- Kala Unnikrishnan etc",TDB and Ulsavagoshacommitte,Pookote Nandakishor,archive2009-2q.asp
10-04-09,"NALACHARITHAM 3,DAKSHAYAGAM","DHARMASASTHA TEMPLE,PERUMBAVOOR",ERNAKULAM,Kerala,India,"PADAMSREE KALAMANDALAM GOPI,NELLIYODU VASUDEAVN NAMBOODIRI,SADANAM KRISHNAN KUTTI,KALANILAYAM UNNIKRISHNAN,KALAMADALAM UNNIKRISHNAN,KALAMANDALAM SASI",,KR RAGHUNATH,archive2009-2q.asp
10-04-09,"Purapadu, Melapadam, Rugmangathacharitham, Kiratham","Theruvalur Mahadeva Temple, Ner Aluve, 10pm",Eranakulam,Kerala,India,"Vesham-Kala:Sreekumar,Kalani:Rajasekharan,Kala:Sankaranarayanan,Kala:Vijayakumar,R.L.V.Sumil kumar,R.L.V.Pramod...... Pattu-Kala:Hareesh,Kala:Sudhesh,Kala:Sreejith. Chenda-Gopikreshnan Thamburan,Kalan",,"Mani,Vathukkodam",archive2009-2q.asp
09-04-09,"GanapathiPrathal, Nalacharitham Moonnam Divasam (Sampoornam), BaliVijayam","8.00 PM | Besant Hall, Alappuzha Town",Alappuzha,Keralam,India,"Vesham: Kalamandalam Gopi (Bahukan), Kottackal Chandrasekhara Variar (Vaishravanan), Kalamandalam Ramachandran Unnithan (Ganapathi, Sudevan), Kalamandalam Ramakrishnan (Ravanan), Mathur Govindankutty ",Alappuzha District Kathakali Club,Haree,archive2009-2q.asp
09-04-09,"Ganapathi Praathal [By Kalarcode Narayanan Nair], Nalacharitham III & Balivijayam","SDV Besant Hall, 20.00 hrs.",Aalapuzha,Kerala,India,44th Aniversary of Kalarcode Narayanan Nair memo. Aalapuzha Dist. Kathakali Club presenting two memorable nights for the kalibhranthans Warm reception to Kala. GOPI who won Padma puraskaar & KUROOR Va,Kalarcode Narayanan Nair Memo. Kathakali club.,V.Madhu kumar,archive2009-2q.asp
08-04-09,Bana Yudham,Elavoor,,Kerala,India,Kottakkal Troup,,Hari the Midget,archive2009-2q.asp
07-04-09,Subhadrahharanam Kathakali,"Karthikathirunal Theatre, Fort TVM 06 p.m.",Trivandrum,Kerala,India,"Sadanam Balakrishnan-Balabhadran, Kala. Mukundan-Sreekrishnan,Palanad Divakaran and Kala. Sudheesh-Music Kuroor Vasudevan Nampudiri-Chenda, Kala. Sasi-Maddalam, RLV Somadas-Chutty","Drisyavedi, TVM, 9447059240",Radhakrishnan. K Thiruvananth,archive2009-2q.asp
07-04-09,"Lavanasuravadham, Duryodhana Vadham",Kollam Temple,Kollam,Kerala,India,"Naripatta Narayana Namboothiri, Cheriyangeer Murugan, Madavoor Vasudevan Nair, Kala. Anilkumar, etc, Pattu: Kala. Mohanakrishnan, Balachandran",,Hari the Midget,archive2009-2q.asp
06-04-09,"Karnasapatham,Narakasura vadam.,",Asramam Sree Krishnan Swami Temple 8.00PM,Kollam,Kerala,India,"Kala.Gopi, Kala.Ramachandran Unnithan, Kala.Rajasekaran, Kala.Krishnakumar, Kala.Sreekumar, Kottackal Devadas, Pathiuoor Sankaran kutty, Kott.Madhu, Kala.Unnikrishnan,etc...",9447 764 533,Suresh,archive2009-2q.asp
06-04-09,"KARNASAPADAM, NARAKASURAVADHAM","ASRAMAM SREEKRISHNA SWAMI TEMPLE,KOLLAM TOWN",KOLLM,Kerala,India,"karna- Padmasree Kala.GOPI, Duryodana- Kala.Sreekumar,Dussasana- Kott.Devadas,Kunthi- Kala.Rajasekharan, Bhanumathi- Kala. Anilkumar, Narakasura- Kala. Krishnakumar,Nakrathundi- Kala. Ramachandran unn",9447764533,SURESH,archive2009-2q.asp
05-04-09,NIZHALKUTHU,"ARAYANKAVU TEMPLE , 11.30 PM",ERNAKULAM,Kerala,India,"KALAMANDALAM SREEKUMAR,RLV RAJU,FACT PADMANABHAN,SADANAM VIJAYAN,KALAMANDALAM GOPALAKRISHNAN,GOPI KRISHNAN THAMPURAN",,"NIKETH,SREEKUMAR",archive2009-2q.asp
05-04-09,"Nalacharitham Moonnam divasam,Prahlada Charitham","Nedumkunnam Bhagavathy Kshethram (Near Karukachal, Kottayam)",Kottayam,Kerala,India,"Kala Ramachandran Unnithan Kala Balasubrahmanyan Kala Shanmughan Kala Vijayan Kala Vinod etc.......... Pattu Pathiyoor Sankarankutty,Kala Jayaprakash Chenda Kala Krishnadas,Kala Sreekanth Varma Kala r",Sandarsan Kathakali Vidyalayam Ambalappuzha,Kalamandalam Sreekanth Varma,archive2009-2q.asp
05-04-09,Nalacharitham 2nd Day (Starts at 7.30 pm ),Manickamangalam Karthyayani Devi Temple,Ernakulam,Kerala,India,"Kalamandalam Gopi, Nelliyodu Vasudevan Namboothiri, Kalamandalam Rajasekharan. Kalamandalam Major Set.",Manickamangalam Devaswam - 9447458610,Anil.C,archive2009-2q.asp
05-04-09,Karnasapadham,"Velluthuruthi Bhagavathi Temple, Near Chingavanam 7.30 PM",Kottayam,Kerala,India,"Duryodhanan:Kala.Bhagyanathan,Bhanumathi:Kudamaloor Muraleekishnan,Karnan:Kala.Krishnakumar,Kunthi:Mathoor Govindankutty,Dussasanan:Hari.R.Nair. Pattu:Kalanilaym Rajeev,Chenda:kala.Krishnadas,Maddalam","Utsava Committee, 9495109960",Ragesh Nandan,archive2009-2q.asp
04-04-09,Nalacharitham 4th Day,"Vengoor Durga bhagavathy Temple, Vengoor Angamally",Ernakulam,Kerala,India,"Kal Vijayakumar (Damayanthi), kalanilayam Vinod (Kesini),Kal Shanmughan (Bahukan); Kal Babunamputhiri, kal Hareesh (Pattu), sadanam Ramakrishnan(chenda), Kalanilayam Rateesh (Edakka),Kalanilayam Manoj",Sandarsan Ambalapuzha 9447161980,Renjith R Ernakulam,archive2009-2q.asp
04-04-09,Nalacharitham 1st Day and Dakshayagam,"Aluva Mahadeva Temple, Manalpuram, Aluva at 9 P.M.",Ernakulam,Kerala,India,"PSV NATYASANGAM, KOTTAKKAL",Kshethra Khema Samithy,Ambi Swamy,archive2009-2q.asp
04-04-09,Bali vadham.,Gramajanasamooham Hall Eranakulam.Near Sivaksetram @ 6PM,Ernakulam.,Kerala,India,"Kavungal Divakarapanikkar,Kala;Srikandan Nair,FACT Biju,etc.....Pttu;Kala;Rajendran,Kala;Rajeevan,Chenda;Kla;RamanNamboothiri,Gopikrishnan,Maddalam;KAL;sasi,Kala;Rajan etc..........",Ernakulam Kathakali Club,gauthami .,archive2009-2q.asp
03-04-09,"Kuchella Vrittam, Kalyana Saugandhikam, Daksha Yagam",Near Paravoor Kollam,Kollam,Kerala,India,"Sadanam Krishnankutty, Kala. Balasubramaniam etc, Pattu: Kottakkal Madhu, etc,",,,archive2009-2q.asp
02-04-09,Kurathi,Cherukolpuzha,Pathanamthitta,Kerala,India,"Oyoor Ramachandran, Pattu: Kalavedi Suresh, Parimanam Madhu, Chenda: Haripad Muralikrishnan, Maddalam: Kalabharathi Jayashankar",Cherukolpuzha,Hari the Midget,archive2009-2q.asp
02-04-09,Ravanayana by Kala. Ganeshan Nair,Alapuzha,Alleppey,Kerala,India,"Kala. Pradeep, etc",,Hari the Midget,archive2009-2q.asp
29-09-09,"Ganapathi Prathal, Kuchella Vrittam",Chennganaserry,Alleppey,Kerala,India,"Kala. Ramachandran Unnithan, Pattu: Kala. Balachandran, Kala. Jayaprakash",,Hari the Midget,archive2009-3q.asp
29-09-09,Badrakali Vijayam - by P. Venu Gopal,Patambi,,Kerala,India,"Kala. Pradeep, Sadanam Basi, Pattu: Nedumpalli RamMohan",,Hari the Midget,archive2009-3q.asp
28-09-09,"Santhana Gopalam, Kalyanasaugandhikam",Sri Vallabha Kshetram Thiruvalla,Alleppey,Kerala,India,Sri Vallabha Troup,Thiruvalla Radhakrishnan,Hari the Midget,archive2009-3q.asp
28-09-09,Santhana Gopalam,Nedumbu,,Kerala,India,"Mathoor Govindankutty, Kala. Jayan, Chenda: Kala. Sreekanth Varma, Maddalam: Kalanilayam Manoj",,Hari the Midget,archive2009-3q.asp
28-09-09,Ravanudbhavam,Kottakkal,Mallappuram,Kerala,India,Kottakkal Kesavan,,Hari the Midget,archive2009-3q.asp
28-09-09,"Daksha Yagam, Kiratham",Vaikom,Ernakulam,Kerala,India,"Kala. Gopi, Kala. Prasanth, Kala. Bhagyanathan, Kala. Ganeshan, Kala. Sunilkumar, Kala. Sreekumar, Kala. Hari, Pattu: Kala. Gopalakrishnan, Kala. Balachandran, Kala. Sudheesh, Chenda: Kala. Raman Namb",,Hari the Midget,archive2009-3q.asp
27-09-09,"Nalacheritham 1, Kiratham",Sri Vallabha Kshetram Thiruvalla,Alleppey,Kerala,India,"Nala: FACT Mohan, Damayanthi: Mathoor Govindankutty, Hamsa: Thiruvalla Hari, Kattalan: Talavadi Aravindan, Kattalastree: Narayanan Namboothiri, Arjuna: Thiruvalla Babu, Pattu: Kala. Surendran, Mangala",,Hari the Midget,archive2009-3q.asp
26-09-09,Rukmangada charitham,"Kairali School, Kaniyapuram, Tvpm.",Thiruvananthapuram,Kerala,India,"Kala. Krishnakumar,balasubramanyan,chirayinkil murukan,haripriya Namboothiri etc. Music by Kotakal Narayanan and Kotakal santhosh Chenda, Kala.krishnadas and Maddalam kala.Hari Chamayam- Vallatholsmar","Kaliyarangu, Kazhakutom",V.Madhu kumar,archive2009-3q.asp
25-09-09,"Kuchella Vrittam, Daksha Yagam",Karunagapalli 7:00 pm,,Kerala,India,"Kuchella: Madavoor Vasudevan Nair, Krishna: Mayyanad Rajeev, Daksha: Kala. Sreekumar, Veerabhadra: Kala. Hari R. Nair, Pattu: Kala. Sajeevan, Parimanam Madhu, Chenda: Kala. Shivadas",,Hari the Midget,archive2009-3q.asp
25-09-09,Narakasuravadham,"TDM Hall, 6.30 Pm",Ernakulam,Kerala,India,"Injakkad Rmachandran, Pariyanampatta Divakaran, RLV Radhakrishnan etc.","EKM Kathakali Cliub, TDM Hall & BEAM",C.P. Unnikrishnan,archive2009-3q.asp
25-09-09,"Kuchella Vrittam, Bali Vadham",Panachikad Temple,Kottayam,Kerala,India,"Kuchella: Nelliyod Vasudevan Namboothiri, Krishna: Kala. Balasubramanian, Rukmini: Kudamaloor Muralikrishnan, Sanyasi Ravana: Mathoor Govindankutty, Ravana: Kala. Krishnakumar, Maricha & Akamban: Kala",,Hari the Midget,archive2009-3q.asp
25-09-09,Kalyanasaugandhikam,Kottayam,Kottayam,Kerala,India,Kala. Pradeep,,Hari the Midget,archive2009-3q.asp
25-09-09,Narakasura Vadham,Ernakulam Kathakali Club,Ernakulam,Kerala,India,"Narakasura: Inchakkad Ramachandran Pillai, Nakratundi: Karunapalli Divakaran, Lalitha: RLV Radhakrishnan, Pattu: Kala. Rajesh, Kala. Ajesh Prabhakar, Chenda: Kalanilayam Kunjunni, Maddalam: Kala. Prak",Ernakulam Kathakali Club,Hari the Midget,archive2009-3q.asp
24-09-09,Nalacharitham Rantam Divasam,"Guruvayurappan Hall, Zamorin's HSS, Thali, Kozhikode",Kozhikode,Kerala,India,"Pakuthi-Purappat:Bajio,Sibi Chakravarthi,Praveen,Suraj Melappadam:Padmasree Mattannur Sankarankutty Marar,Cherpulassery Sivan & others Nalan-Padmasree.Kala.Gopi,Damayanthi-Kala.Shanmukhan,Kali-Nelliyo","NAVARASAM Contact: 9605986672, 9744474784",Radha Madhavan,archive2009-3q.asp
24-09-09,Karna Shapadam,Kottarakkara,,Kerala,India,"Karna: Kala. Krishnakumar, Duryodhana: Kala. Ravikumar, Dussasana: Kala. Hari R. Nair, Kunthi: Kala. K.G. Vasudevan, Bhanumathi: Kala. Shanmugan, Pattu: Kala. Devakumar Varma, Kala. Vinod, Chenda: Aya",,Balankumar,archive2009-3q.asp
23-09-09,Rugmineemohanam By RadhaMadhavan,"Gayathry Kalyanamandapam, Thali, Kozhikode",Kozhikode,Kerala,India,Krishnan - Kala.Shanmukhan; Rugmini - Kala.Arun Warier; Patt - Kottakal Madhu & Ram MOhan; Chenta - Kalanilayam Udayan Nambudiri; Maddalam - Kala.Hariharan; Chutti-ravikumar; Aniyara-Appunnittharakan ,"NAVARASAM; Renuka-9605986672, 9744474784",RadhaMadhavan,archive2009-3q.asp
21-09-09,"Santhana Gopalam, Kiratham",Sri Vallabha Kshetram Thiruvalla,Alleppey,Kerala,India,"Talavadi Aravindan, Thiruvalla Harikumar, Thiruvalla Babu, Kalabharathi Madhavankutty, etc, Pattu: Kala. Surendran, Kalanilayam Sinu, Mangalam Narayana Namboothiri, Chenda: Ayamkudi Unnikrishnan, Thir",Sri Vallabha Kshetram,Hari the Midget,archive2009-3q.asp
21-09-09,Kuchella Vrittam,Evoor Maveilikara,Alleppey,Kerala,India,Pattu: Kala. Balachandran,,Hari the Midget,archive2009-3q.asp
21-09-09,"Karna Shapadam, Ambareesha Charitham, Sita Swayamvaram",Pattambi,,Kerala,India,"Karnan: Sadanam Krishnankutty, Duryodhana: Kala. Vijayakrishnan Unnithan, Dussassana: Talavadi Aravindan, Kunthi: RLV Radhakrishnan, Bhanumathi: Kala. Krishnaprasad, Ambareesha: Kala. Balasubramanian,",,Harish,archive2009-3q.asp
20-09-09,Bali Vijayam,Kollam Kathakali Club,Kollam,Kerala,India,Pattu: Kala. Balachandran,,Hari the Midget,archive2009-3q.asp
20-09-09,"Santhana Gopalam, Kiratham",Sri Vallabha Kshetram Thiruvalla,Alleppey,Kerala,India,"Talavadi Aravindan, Thiruvalla Harikumar, Thiruvalla Babu, Kalabharathi Madhavankutty, etc, Pattu: Kala. Surendran, Kalanilayam Sinu, Mangalam Narayana Namboothiri, Chenda: Ayamkudi Unnikrishnan, Thir",Sri Vallabha Kshetram,Hari the Midget,archive2009-3q.asp
20-09-09,NALACHARITHAM ONNAM DIVASAM,"MAHADEVAKSHETHRAM OOTTUPURA , ANNAMANATA 6.15 pm",THRISSUR,Kerala,India,"Nalan: Klm Shanmughadas, Naradan: Klm Arun Warrier, Hamsam: Sdn Bhasi, Damayanthi : Chambakkara Vijayan, Thozhimar: Klm Arun Warrier, Jishnu Krishnan. Samgeetham: Kln Rajeevan,Klm Sudheesh. Chenda :Kt","KALIYARANGU , ANNAMANATA 9447 354001",M.K.ANIYAN,archive2009-3q.asp
20-09-09,soon,Sri Vallabha Kshetram Thiruvalla,Alleppey,Kerala,India,Local artists,Sri Vallabha Kshetram,Hari the Midget,archive2009-3q.asp
19-09-09,"Rukmangada Charitham, Duryodhana Vadham",Chottanikara Temple,Ernakulam,Kerala,India,"Rukmangada: Radhika Nandakumar (Varma), Mohini: Premila Vijayan, Roudra Bheema: Geetha N., Dharmaputhra: Radhika Nandakumar (Varma), Arjuna: Archa Varma, Panchali: Karthika Varma, Duryodhana: Geetha V",,Hari the Midget,archive2009-3q.asp
19-09-09,Kalakeya Vadham (Up to Swarga Varnana),"Kalikkotta Palace, Tripunithura 5.30 p.m.",Ernakulam,Kerala,India,"Indran-Kal.Neeraj,Mathali-Kala.Gopinathan,Arjunan-Kal.Krishnakumar,Indrani-Kal.Arun Warrier,Pattu-Kal.Babu Nambuthiri,Kot.Narayanan Nambuthiri,Chenda-Kal.Varanassi Moos,Madalam-Kal.Gopikuttan,Chutti-K",Tripunithura Kathakali Kendram,"Biju Anand, North Paravur",archive2009-3q.asp
19-09-09,Nalacharitham 1st Day (Uthara Bhagam),Changampuzha Park Edapally 6 PM,Ernakulam,Kerala,India,"Kal Pradeep (Nalan ); Kal Shanmughan (Damayanthi); Kalanilayam Vinod (Indran ), Sunil Pallipuram (Agni); FACT Biju Bhaskar (Yaman); RLV Pramod (Varuran), Ratheesh Tripunitura (Saraswathi); Pathiyoor S",Edapally Kathakali Aswadakasadas 9447161980,Renjith R Ernakulam,archive2009-3q.asp
19-09-09,"Santhana Gopalam, Kiratham",Sri Vallabha Kshetram Thiruvalla,Alleppey,Kerala,India,"Talavadi Aravindan, Thiruvalla Harikumar, Thiruvalla Babu, Kalabharathi Madhavankutty, etc, Pattu: Kala. Surendran, Kalanilayam Sinu, Mangalam Narayana Namboothiri, Chenda: Ayamkudi Unnikrishnan, Thir",Sri Vallabha Kshetram,Hari the Midget,archive2009-3q.asp
19-09-09,Hari the Midget,Sri Vallabha Kshetram Thiruvalla,Alleppey,Kerala,India,"Talavadi Aravindan, Thiruvalla Harikumar, Thiruvalla Babu, Kalabharathi Madhavankutty, etc, Pattu: Kala. Surendran, Kalanilayam Sinu, Mangalam Narayana Namboothiri, Chenda: Ayamkudi Unnikrishnan, Thir",Sri Vallabha Kshetram,Hari the Midget,archive2009-3q.asp
19-09-09,"1) SATHYAVAN-SAVITHRI, 2) PRAHLADA CHARITHAM, 3) KIRATHAM","NALPPATHENNEESWARAM TEMPLE,PANAVALLY,CHERTHALA TIME 9 PM",ALAPPUZHA,Kerala,India,"Vesham PSV NATYA SANGHAM M/s Chndrskhrvrier,Ksvn kndlyr,Haridas,Devadas Pattu PSV M/s Narayanan, Kottackal Madhu, V Narayanan,Santhosh Chenda PSV M/s Prasad kumar, Vijayaraghavan,Maneesh Ramanadhan Ma","Divakaran,Chaithram,Panavally mbl 9447752611",knmadhu2@yahoo.com,archive2009-3q.asp
19-09-09,"sathyavan - savithri, prahlada charitham & kiratham","nalpathenneeswaram sree mahadeva temple, panavally, cherthala. at 09.00pm",alappuzha,Kerala,India,"p s v natya sangham, kottackal.","ajith kumar p , chaithram, panavally, cherthala",ajith kumar,archive2009-3q.asp
18-09-09,Kiratham,Payyanur,Payyanur,Kerala,India,"Kattalan: Kala. MPS Namboothiri, Kattalastree: Mathoor Govindankutty, Arjuna: Kala. Krishnakumar, Shiva: Kalanilayam Karunakara Kurup, Parvathi: Kala. Myannad Rajev, Pattu: Kala. Devakumar Varma, Kala",Comittee,Kumar,archive2009-3q.asp
17-09-09,"Kuchella Vrittam, Kiratham, Prahladacheritham","PALLASANA, Palakkad",Palakkad,Kerala,India,Kottakkal PSV Natya Sangham troup,,Hari the Midget,archive2009-3q.asp
17-09-09,"Karna Shapadam, Daksha Yagam",Sri Vallabha Kshetram Thiruvalla,Alleppey,Kerala,India,"Kala. Krishnakumar, Sadanam Krishnankutty, Mathoor Govindankutty, Pattu: Kottakkal Narayanan, Chenda: Kala. Krishnadas",Sri Vallabha Kshetram,Hareesh P,archive2009-3q.asp
14-09-09,Nalacharitham 4,Sri Vallabha Kshetram Thiruvalla,Alleppey,Kerala,India,Pattu: Pathiyoor Shankarankutty,Sri Vallabha Kshetram,Hari the Midget,archive2009-3q.asp
14-09-09,Harishchandra Charitham,Palakkad,Palakkad,Kerala,India,"Vishwamithra: Kala. Krishnakumar, Harishchandra: Kala. Suryanarayanan, Chandramathi: Kala. Shanmugan, Lohitha: Harikrishnan Krishnakumar, Vasishta: Nelliyodu Vasudevan Namboothiri, Chaudala Harishchan",Chenda comittee,Gopalakrishnan,archive2009-3q.asp
13-09-09,"Kalakeyavadham, Utharaswayamvaram, Prahalada Charitham","Kunju Nair Memorial Hall,Karalmanna",Palakad,Kerala,India,Kerala Kalamandalam troupe.,,Parvathi U Menon,archive2009-3q.asp
12-09-09,"Purappad,Melapadham, Santhanagopalam, Dakshayagam.","Kunju Nair Memorial Hall,Karalmanna",Palakkad,Kerala,India,"Kal Vasu Pisharody,Nelliyod Vasudevan Namboodiri, Sadanam Balakrishnan etc....",,Parvathi U Menon,archive2009-3q.asp
12-09-09,NARAKASURAVADHAM,"KALANILAYAM HALL, IRINJALAKUDA 5.30",THRISSUR,Kerala,India,"Narakasuran: Kln Gopi, Pathni:Kln Aravindan, Indran: Kln Sandeep Samgeetham : Klm Gopalakrishnan, Klm Narayanan Embranthiri Chenda : Sdn Ramakrishnan, Maddalam: Kln Manojkumar Chutty : Kln Parameswara","KATHAKALI CLUB , IRINJALAKUDA",M.K.ANIYAN,archive2009-3q.asp
12-09-09,"Nalacharithm I Day,Baalivijayam & Dakshayaagam","Kavungal Mana, Ambalappara",Palakkad,Kerala,India,"Padmashree Kala Gopi, Kott. Chandrasekhara Varier, Kott Nandakumaran Nair, Kavungal Divakara Panicker, Kalani Balakrishnan, Dr CP Unnikrishnan, Kesavan Kundlayar, Sada Manikandan, Sada Bhaasi, Sada Vi","Kavungal Mana, 0466-2241117, 2285901",Dr Vellinezhi Achuthan kutty,archive2009-3q.asp
12-09-09,soon,Sri Vallabha Kshetram Thiruvalla,Alleppey,Kerala,India,Local artists,Sri Vallabha Kshetram,Hari the Midget,archive2009-3q.asp
12-09-09,Bakavadham,Paramekkavu Agrasala,Thrissur,Kerala,India,"Bheeman - Kalamandalam Soman, Lalitha - Kalamandalam Mukundan",Kathakali Club Trichur,Nikhil,archive2009-3q.asp
11-09-09,"Rukmini Swayamvaram, Daksha Yagam",Evoor Maveilikara,Alleppey,Kerala,India,Pattu: Pathiyoor Shankarankutty,,Hari the Midget,archive2009-3q.asp
11-09-09,"Rugmineeswayamvaram, Raavanobhavam (with Maalyavaan,Maali & Sumaali)","Kavungal Mana,Ambalappara",Palakkad,Kerala,India,"KalaKG Vasidevan Nair, Pariyanampatta Divakaran,Sadanam Bhaasi, Kalani Mohanan, Kala Haripad BalakrishnaPillai, Sada.Manikandan,Krishnadas, Sada. Vijayan, MadambiSubrahmanianNambodiri, Kala RLV Gopala",Kavungal Mana,Vellinezhi Achuthan Kutty,archive2009-3q.asp
11-09-09,LAVANASURAVADHAM,"THURAVOOR MAHAKSHETRAM, N.H.47 THURAVOOR, CHERTHl TALUK 9 P.M",ALLEPPEY,Kerala,India,"KALA = RAMACHANDRAN UNNITHAN, FACT PADMANBHAN ETC, (shall complete soon)","ASHTAMIROHINI KARAYOGAM, THURAVOOR","B,MURALEEDHARAN,THURAVOOR",archive2009-3q.asp
11-09-09,Santhanagopalam,"Vengeri Mahadeva Temple, Ottapalam",Palakkad,Kerala,India,"Narippatta Narayanan Namboodiri,Kala Ramakrishnan,Kala Shivadas, Ka Kannambra Rajesh Vocal: Kalanilayam Unnikrishnan, Kala Mohanakrishnan, Vellinezhi Achuthan Kutty, Chenda:kala Narayanan Moossad, Mad",Vengeri Mahadeva Temple,Dr Vellinezhi Achuthan Kutty,archive2009-3q.asp
11-09-09,"Purappad, Melapadham,Bhudha Charitham","Kunju Nair Memorial Hall, Karalmana",Palakkad,Kerala,India,Kottackal Troupe,Kerala Kalamandalam & Vazhenkada Kunju Nair Trust,Parvathi U Menon,archive2009-3q.asp
11-09-09,"Purappad, Melapadham,Bhudha Charitham","Kunju Nair Memorial Hall, Karalmana",Palakkad,Kerala,India,Kottackal Troupe,Kerala Kalamandalam & Vazhenkada Kunju Nair Trust,Parvathi U Menon,archive2009-3q.asp
11-09-09,"Poothana Moksham, Nizhal Kuttu",Thiruvananthapuram,Trivandrum,Kerala,India,"Duryodhana: FACT Mohan, Chavara Parukutty, Oyoor Ramachandran, Pattu: Kala. Sajeevan, Parimanam Madhu, Chenda: Kala Sivadas, Maddalam: Kala. Harikumar",,Hari the Midget,archive2009-3q.asp
11-09-09,Lavanasuravadham,THURAVOOR MAHA KSHETRAM 0900 PM,Alleppey,Kerala,India,"hanuman kala ramachandran unnithan, sita FACT padmanabhan pattu kala balachandran, chenda kalabharathy unnikrishnan maddalam kalanilayam manoj",,M Venugopalan,archive2009-3q.asp
11-09-09,Krishnaleela,Sree Krishna Temple Mavellikkara 7 PM,Alappuzha,Kerala,India,"Kalanilayam Vinod(Devaki); Kal Mukundan(Sri Krishnan); Kal Shanmughan (Yasoda) Kal Hareesh, Kalanilayam Rajeevan(Music); Kalanilayam Manoj(Maddalam); Kal Sreekanth (Chenda)",Sandarsan Kathakali Vidyalayam Ambalapuzha,Renjith R Ernakulam,archive2009-3q.asp
11-09-09,Santhanagopalam,"Kaipuzha, Panthalam 9.30 PM",Pathanamthitta,Kerala,India,"Kalanilayam Manmadhan, Kalanilayam Srinivasan, FACT Jayadev Varma,Margi Sukumaran, PATTU - Kala. Narayanan Embranthiri, Kala. Sreejith, CHENDA Kalavedi Murali, Maddalam - Thiruvallamala Venkideshwaran","Unnikrishnan Nair, Kaipuzha",Jayadevan,archive2009-3q.asp
11-09-09,Krishnaleela,Sreekishna Swamy Temple Mavelikara,Alappuzha,Kerala,India,"Kala:Shanmughan,Kala:Mukundan,Kalanilayam Vinod Pattu: Kalamandalam Hareesh Namboothiri,Kalanilayam Rajeevan Chenda,Idakka: Kalamandalam Sreekanth Varma Maddalam : Kalanilayam Manoj Chutty: Kalamandal",,Kalamandalam Sreekanth Varma,archive2009-3q.asp
11-09-09,Utharaswayamvaram,Ambalappuzha Sreekrishnaswamy Temple,Alappuzha,Kerala,India,"Kala:Shanmughan,Kala:Mukundan,Kalanilayam Vinod Pattu: Kalamandalam Hareesh Namboothiri,Kalanilayam Rajeevan Chenda,Idakka: Kalamandalam Sreekanth Varma Maddalam : Kalanilayam Manoj Chutty: Kalamandal",Sandarsan Kathakali Vidyalayam,Kalamandalam Sreekanth Varma,archive2009-3q.asp
11-09-09,Lavanasuravadham,Pooravur,Kollam,Kerala,India,"Hanuman: Kala. Ramachandran Unnithan, Sita: FACT Padmanabhan, Pattu: Kala. Balachandran, Kala. Sudheesh, Chenda: Ayamkudi Unnikrishnan, Maddalam: Kalanilayam Omanakuttan",,Hari the Midget,archive2009-3q.asp
11-09-09,Duryodhnanavadham (Dharmaputrar & Krishna to Geetopadesam),"Chinamaya Mission Hall,-Ashtamirohni Celebrations",PAlakkad,Kerala,India,"Kottakkal Nanadakumarana Nair, C.P. Unnikrishnan, Kala. Prasanth, Trippayya peetambaran, Athipatta Ravi, Krishnapraveen etc.","Chinmaya Misson, Palakkad",C.P. Unnikrishnan,archive2009-3q.asp
10-09-09,"Nangyarkooth Presentation (Sept10,11,12 and 19 to 25 September)",Ambalappuzha Sreekrishnaswamy Temple Natakasala,Alappuzha,Kerala,India,Sept 10 Inaguration- Kalimamani Gopika Varma Nangyarkooth ;Purappad Rangasree Revathy Sept 11 10 pm Sreekrishnavatharam Nangyarkooth -Margi Sathy Sept 12 09 am Ambadigamanam Nangyarkooth -Kalamandalam,SANDARSAN KATHAKALI VIDYALAYAM AMBALAPPUZHA,Kalamandalam Sreekanth Varma,archive2009-3q.asp
10-09-09,"Kuchella Vrittam, Rugmangada Cheritham, Thorana Yudham",Kumaily,Iddukki,Kerala,India,"Mathoor Govindankutty, Kudamaloor Muralikrishnan, Kala. Myannad Rajeev, Kala. Krishnakumar, Kala. Shanmugan, Kala. Suchindran, Kala. Arun Ramesh, Kala. Vipin, Kala. Chinosh Balan, Harikrishnan Krishna",Committee,Kamalan Pillai,archive2009-3q.asp
10-09-09,"Kacha Devayani, Krishna Leela, Prahlada Cheritham",Sri Vallabha Kshetram Thiruvalla,Alleppey,Kerala,India,"Kacha: Kala. Gopi, Devayani: Margi Vijayakumar, Shukran: Kala. Kesavan Namboothiri, Krishna: FACT Mohan, Devaki: Talavadi Aravindan, Yashoda: Thiruvalla Babu, Prahlada: Madhu Varanasi, Hiranyakashipu:",Mohan,Hareeswaran,archive2009-3q.asp
10-09-09,"Santhana Gopalam, Daksha Yagam",Karunagapalli,Kollam,Kerala,India,"Pattu: Kala. Balachandran, Kala. Sajeevan, Kala. Sudheesh",,Hari the Midget,archive2009-3q.asp
10-09-09,soon,Sri Vallabha Kshetram Thiruvalla,Alleppey,Kerala,India,Local artists,Sri Vallabha Kshetram,Hari the Midget,archive2009-3q.asp
09-09-09,Nalacheritham 4,Madras,Madras,Tamil Nadu,India,"Bahuka: Kala. Krishnakumar, Damayanthi: Kala. Shanmukhan",,Hari the Midget,archive2009-3q.asp
09-09-09,"Nalacheritham 3, Nalacheritham 4",Sri Vallabha Kshetram Thiruvalla,Alleppey,Kerala,India,"Nala: Thiruvalla Babu, Bahuka: FACT Mohan, Rithuparna: Thadayil Unnikrishnan, Sudeva: Kala. Ramachandran Unnithan, Damayanthi: Kala. Kesavan Namboothiri, Varshneyan: Thiruvalla Sadashivan, Jivalan: Th",Mohan,Hareeswaran,archive2009-3q.asp
08-09-09,Nalacheritham 4,Sri Vallabha Kshetram Thiruvalla,Alleppey,Kerala,India,"Bahuka: FACT Mohan, Damayanthi: Kalanilayam Gopalakrishnan, Kesini: RLV Radhakrishnan, Pattu: Kala. Balachandran, Kalanilayam Sinu, Chenda: Kalabharathi Peethambaran, Maddalam: Kalabharathi Jayashanka",Mohan,Hari the Midget,archive2009-3q.asp
08-09-09,Rukmini Swayamvaram,Cherthala,Ernakulam,Kerala,India,"RLV Gopi, Karunakaran, Pattu: Kala. Gopalakrishnan",,Hari the Midget,archive2009-3q.asp
07-09-09,"Kalyana Sougandhikam, Kiratham",Evoor Maveilikara,Alleppey,Kerala,India,"Bheema: Kala. Ravikumar, Hanuman: Kala. Ramachandran Unnithan, local artists, Pattu: Pathiyoor Shankarankutty, Kalanilayam Rajeev, Chenda: Kala. Sivadas, Maddalam: Kala. Achutha Warrier",Evoor Mavelikara,Hari the Midget,archive2009-3q.asp
06-09-09,soon,Sri Vallabha Kshetram Thiruvalla,Alleppey,Kerala,India,Local artists,Sri Vallabha Kshetram,Hari the Midget,archive2009-3q.asp
06-09-09,Santhana Gopalam,Alway,Ernakulam,Kerala,India,"Brahmana: Kala. Kesavan Namboothiri, Arjuna: Kala. Balasubramanian, etc",,Hareesh P,archive2009-3q.asp
06-09-09,Keechaka Vadham,Kottayam Kaliyarangam,Kottayam,Kerala,India,"Keechaka: Sadanam Krishnankutty, Syrandri: Oyoor Ramachandran, Vallan: Kala. Sucheendran, Pattu: Palanad Divakaran, Chenda: Kuroor Vasudevan Namboothiri, Maddalam: Kala. Achutha Warrier",Kottayam Kaliyarangam,Hari the Midget,archive2009-3q.asp
06-09-09,Nalacheritham 3,Palakkad,Palakkad,Kerala,India,"Nala: Kala. Krishnakumar, Bahuka: Kala. Vasu Pisharody, Sudeva: Kala. MPS Namboothiri, Damayanthi: Kala. K.G. Vasudevan, Karkodaka: Kala. Hari R. Nair, Rithuparna: Kala. Myannad Rajeev, Jivalan: Kala.",,Padmanabhan,archive2009-3q.asp
05-09-09,"Two days major set Kathakali , Triple Thayambaka , Classical Dance, Seminar & honouring Appunni Tharakan","Mangodu (Palakkad), Kerala",Palakkad,Kerala,India,"' ASEETHI ' (80th Birthday), an Audio-Visual Tribute to Appunni Tharakan, The Veteran Kathakali Costumer on 2009 September 4, 5 at Mangode, Palakkad. Includes two days major set Kathakali shows, Tripl",P. Anil kumar Treasurer ' ASEETHI ' Mangode (P.O),"Sasi (Puthoor, Palakkad)",archive2009-3q.asp
05-09-09,soon,Sri Vallabha Kshetram Thiruvalla,Alleppey,Kerala,India,Local artists,Sri Vallabha Kshetram,Hari the Midget,archive2009-3q.asp
05-09-09,"Two days major set Kathakali , Triple Thayambaka , Classical Dance, Seminar & honouring Appunni Tharakan","Mangodu (Palakkad), Kerala",Palakkad,Kerala,India,"(1)KALYANASOWGANDHIKAM: Bheeman-Kala.Balasubramonian,Panchaali-Kalluvazhi Vasu,Hanumar-Sadanam Narayanan Nambuthiri. (2)BALIVIJAYAM: Ravanan-Kottakal Chandrasekharan,Naradan-Vazhengida Vijayan,Bali-Ka","MANJUTHARA, Mangod, Palakkad","MANJUTHARA, Mangod, Palakkad",archive2009-3q.asp
05-09-09,"DURYODHANAVADHAM, KALYANASAUGANDHIGAM ETC......",ITALY,ITALY,ITALY,ITALY,KALAMANDALAM JOHN & TROUP,,JP,archive2009-3q.asp
05-09-09,"Kuchella Vrittam, Santhana Gopalam",Sri Vallabha Kshetram Thiruvalla,Alleppey,Kerala,India,"Kuchella: Talavadi Aravindan, Krishna: Thiruvalla Harikumar, Rukmini: Cheriyankeer Murugan, Arjuna: Thiruvalla Babu, Brahmin: Kalanilayam Karunakara Kurup",Sri Vallabha Kshetram Thiruvalla,Hari the Midget,archive2009-3q.asp
05-09-09,"Kuchella Vrittam, Santhana Gopalam",Sri Vallabha Kshetram Thiruvalla,Alleppey,Kerala,India,"Kuchella: Talavadi Aravindan, Krishna: Thiruvalla Harikumar, Rukmini: Cheriyankeer Murugan, Arjuna: Thiruvalla Babu, Brahmin: Kalanilayam Karunakara Kurup, Pattu: Kala. Surendran, Kalanilayam Sinu, Ma",Sri Vallabha Kshetram Thiruvalla,Hari the Midget,archive2009-3q.asp
05-09-09,"Kalyanasougandhikam,Baalivijayam,Duryodhanavadham & Kiratham","Mangod Bhagavathi Temple, Mangod",Palakkad,Kerala,India,"Vazhengada Vijayan, Ko Chandrasekharavarier,Ka Kuttan,Ko Nandakumar,Narippatta NarayananNambodiri,Ka Balasubrahmanian,KalluvazhiVasu,Ka Ramachandran Unnithan,Pariyanampatta Divakaran,Kn Balakrishnan,K",KaAppunnitharakanAseethiAghosham-9446830226,Dr Vellinezhi Achuthan Kutty,archive2009-3q.asp
05-09-09,Santhana Gopalam,Alapuzha,Alleppey,Kerala,India,Chenda: Kala. Sreekanth Varma,,Hari the Midget,archive2009-3q.asp
04-09-09,"Nalacheritham 3, Daksha Yagam",Mangod Bhagavathi Kshetram,Palakkad,Kerala,India,"Karkodaka: Kala. Venkita Raman, Nala: Kala. Hari Narayanan, Bahuka:Kala.Gopi, Rithuparna: Kala. Hari Narayanan, Jivalan: Kala. Arun Warrier, Varshneyan: Kala. Sucheendranath, Damayanthi: Kala. K.G. Va",Appunni Tharakaran's 80th Birthday celebrations,Hari the Midget,archive2009-3q.asp
04-09-09,"Nalacharithm IIIrd Day,Dakshayaagam","Mangod Bhagavathi Temple,Near Vellinezhi",Palakkad,Kerala,India,"Padmashree Ka Gopi, Ka KG Vasudevan Nair,Ka Kesavan Nambodiri,Kott Kesavan,Ka Harinarayanan,Ka Venkittaraman,Kavungal DivakaraPanicker,Ka Manoj,Ka Gopinathan....Vocal: Ka Mohanakrishnan,Sa Syamalan Ch",KaAppunnitharakanAseethiAgosham-09446830226,Dr Vellinezhi Achuthan Kutty,archive2009-3q.asp
04-09-09,"Two days major set Kathakali , Triple Thayambaka , Classical Dance, Seminar & honouring Appunni Tharakan","Mangodu (Palakkad), Kerala",Palakkad,Kerala,India,"7.30 p.m. KATHAKALI: (1)Nalacharitham 3rd Day: Bahukan-Padmasree Kala.Gopi,Sudevan-Kesavan Namboothiri,Damayanthi-K.G.Vasudevan,Karkodakan-Venkiti,Rithuparnan-Harinarayanan (2) DAKSHAYAGAM: Dakshan-Ko","MANJUTHARA, Mangod, Palakkad","MANJUTHARA, Mangod, Palakkad",archive2009-3q.asp
04-09-09,soon,Sri Vallabha Kshetram Thiruvalla,Alleppey,Kerala,India,Local artists,Sri Vallabha Kshetram,Hari the Midget,archive2009-3q.asp
04-09-09,Nalacharitham 3,Palakkad,Palakkad,Kerala,India,"Bahuka: Kala. Gopi, Sudeva: Kala. Kesavan Namboothiri, etc",,Hareesh P,archive2009-3q.asp
04-09-09,"Two days major set Kathakali , Triple Thayambaka , Classical Dance, Seminar & honouring Appunni Tharakan","Mangodu (Palakkad), Kerala",Palakkad,Kerala,India,"' ASEETHI ' (80th Birthday, an Audio-Visual Tribute to Appunni Tharakan, The Veteran Kathakali Costumer on 2009 September 4, 5 at Mangode, Palakkad.Includes two days major set Kathakali shows, Triple ",P. Anil kumar Treasurer ' ASEETHI ' Mangode (P.O),"Sasi (Puthoor, Palakkad)",archive2009-3q.asp
04-09-09,Nalacharitham 2nd day,"Theerthapadamandapam, Fort, TVM",TVM,Kerala,India,"Nalan-Kala. Baasubramanian,Damayanthi-Oyur Ramachandran,Indran-Kala. Sreekantha Sharma,Kali-Nelliyodu Vasudevan Nampudiri,Dwaparan-Kala. Hari R. Nair,Pushkaran-Kala-Shanmukan,Pattu: Pathiyoor Sankaran","Govt. Of Kerala, Onam Festival",Radhakrishnan. K,archive2009-3q.asp
04-09-09,Kuchella Vrittam,Kottarakkara,,Kerala,India,"Kuchella: Kala. Vasu Pisharody, Krishna: Kala. Krishnakumar, Rukmini: Kudamaloor Muralikrishnan, Pattu: Kala. Vinod, Kala. RamMohan, Chenda: Kottakkal Prasad, Maddalam: Kalanilayam Babu",,Balankumar,archive2009-3q.asp
04-09-09,Kiraatam,"Century Hall, 7.00 PM,",,Krakow,Poland,"Kalamandlam Gopinath, C.P. Unnikrishnna, Sadanam vijayan, Kolathapilly N Nambootiri, Kala. Hariharan, K. Vedi muralai, Midhun, Error Surendran",Indo-Polish Association,C.P. Unnikrishnan,archive2009-3q.asp
03-09-09,Duryodhana Vadham,Kottarakkara,,Kerala,India,"Yudhishthira: Kala. Mukundan, Bheema: Kala. Arun Warrier, Arjuna: Kala. Kasinathan, Nakula: Kala. Suchindran, Sahadeva: Kala. Arun Ramesh, Krishna: Kala. Harinarayanan, Panchali: Kala. Shanmugan, Roud",,Balankumar,archive2009-3q.asp
03-09-09,Kirmeeravadham,"Theerthapadamandapam, Fort, TVM 06.00 pm",TVM,Kerala,India,"Dharmaputhrar-Kottackal Chandrasekharan,Panchali-Kalanilayam Vinod,Dhoumian-Vembayam Appukkuttan Pillai,Suryan-Kala. Arun Varier,Sreekrishnan-Kala. Mukundan, Pattu: Kala.Babu Nampudiri,nedumbilly nRam","Govt. of Kerala, Onam Festival",Radhakrishnan. K,archive2009-3q.asp
03-09-09,KIRMEERAVADHAM AND KIRATHAM,ST.MARY'S UPS GROUND MOOZHIKKULAM 683579,ERNAKULAM,Kerala,India,KALA GOPI(dharmaputra)KALA Balasuramaniyan(lalitha)Nelliyode(kari)Shuseendran(droupathi)Kala Manoj(dhoumyan)Kala Shanmughan(krishnan)etc Ramachandran Unnithan(kattalan)FACT Mmohanan(arjuna)Kala VIijay,"NATYADHARMI,PARAKKADAVU 683579",PNR PISHARODY,archive2009-3q.asp
03-09-09,"Kirmeera Vadham, Kiratham",ST.MARY'S UPS GROUND MOOZHIKKULAM 7:30 pm,Ernakulam,Kerala,India,"Dharmaputhra: Kala. Gopi, Lalitha: Kala. Balasubramanian, Simhika: Nelliyod Vasudevan Namboothiri, Dhoumya: Kala. Manoj, Krishna: Kala. Shanmukhan, Panchali: Kala. Sucheendran, Durvasa: Kalanilayam Go","NATYADHARMI,PARAKKADAVU 683579",Hari the Midget,archive2009-3q.asp
03-09-09,soon,Sri Vallabha Kshetram Thiruvalla,Alleppey,Kerala,India,Local artists,Sri Vallabha Kshetram,Hari the Midget,archive2009-3q.asp
03-09-09,Subhadraharanam.,"Darbarhall Ground,Ernakulam.",Ernakulam.,Kerala,India,"Balabhadrar:Kala:Balasubhrahmanian,Krishnan:SruthiDevadas,Chenda:Gopikrishnan Thampuran,Maddalam:Kala:Vineeth,&etc..........",Onam Tourism Festivel 2009.,Gauthami.,archive2009-3q.asp
03-09-09,Kiratham,Kollam,Kollam,Kerala,India,"Myannad Rajeev, Kala. Ravikumar, Kala. Prasanth, Kala. Anilkumar, Pattu: Kala. Vinod, Parimanam Madhu, Chenda: Kala. Sivadas, Maddalam: Kala. Harikumar",,Hari the Midget,archive2009-3q.asp
02-09-09,Seethaswayamvaram,"Theerthapadamandapam, Fort, Trivandrum 6.00 pm",Trivandrum,Kerala,India,"Parasuraman-Kala. Ramachandran Unnithan, Sreeraman-Kala.Rajeevan,Purapppad,Lakshamanan-Kala. Ebin Babu, Dasarathan-Attl. Peethambaran, Seetha- Margi Sukumaran, Pattu: Kala. Radhakrishnan,Krishanankutt",Govt. of Kerala as part of Onam Festival,Radhakrishnan .K,archive2009-3q.asp
02-09-09,Santhana Gopalam,Kottarakkara,,Kerala,India,"Brahmin: Kala. Vasu Pisharody, Brahmin wife: Mathoor Govindankutty, Arjuna: Kala. Krishnakumar, Krishna: Kala. Suchindran, Pattu: Kala. Devakumar Varma, Kala. Vinod, Chenda: Kottakkal Prasad, Maddalam",,Balankumar,archive2009-3q.asp
02-09-09,Keechakavadham,"Chopina University Auditorium, 7.00 PM",,Warswa,Poland,"Kala. Gopinath, C.P. Unnikrishnan. K Nilayam Vijayan, Kolathapilly Narayanan Nambootiri, Kala. hariharan, K vedi Murali, Midhun, Error Surendran.",Indo-Polish Association,C.P. Unnikrishnan,archive2009-3q.asp
01-09-09,Harishchandra Charitham,Kottarakkara,,Kerala,India,"Vishwamithra: Kala. Krishnakumar, Chaudala Harishchandra: Kala. Krishnakumar, Harishchandra: Kala. Ravikumar, Lohitha: Harikrishnan Krishnakumar, Chandramathi: Kala. Shanmugan, Indra: Kala. Myannad Ra",,Balankumar,archive2009-3q.asp
01-09-09,Kuchella Vrittam,Cherukolpuzha,Pattanamthitta,Kerala,India,"Kuchella: FACT Mohan, Krishna: Kala. Ulas, Rukmini: Kala. Arun, Pattu: Kala. Surendran, Kalavedi Suresh, Chenda: Kalabharathi Peethambaran, Maddalam: Kalabharathi Jayashankar",,Hari the Midget,archive2009-3q.asp
01-09-09,soon,Sri Vallabha Kshetram Thiruvalla,Alleppey,Kerala,India,Local artists,Sri Vallabha Kshetram,Hari the Midget,archive2009-3q.asp
31-08-09,soon,Sri Vallabha Kshetram Thiruvalla,Alleppey,Kerala,India,Local artists,Sri Vallabha Kshetram,Hari the Midget,archive2009-3q.asp
31-08-09,Sita Swayamvaram,Kottarakkara,,Kerala,India,"SEETHASWAYAMVARAM:Parasurama: Kala. Krishnakumar, Rama: Kala. Harinarayanan, Sita: Kala. Suchindran, Dasharatha: Kalanialaym Karunakara Kurup, Laxmana: Kala. Arun Ramesh, Vishwamithra: Kala. Myannad R",,Balankumar,archive2009-3q.asp
30-08-09,Daksha Yaga,Kottarakkara,,Kerala,India,"Daksha: Kala. Krishnakumar, Vedavali: Kala. Suchindran, Shiva: Kala. Ravikumar, Sathi: Kala. Shanmugan, Veerabhadra: Kala. Hari R. Nair, Bhadrakali: Thiruvalla Babu, Dadichi: Kalanilayam Karunakara Ku",,Balankumar,archive2009-3q.asp
30-08-09,soon,Sri Vallabha Kshetram Thiruvalla,Alleppey,Kerala,India,Local artists,Sri Vallabha Kshetram,Hari the Midget,archive2009-3q.asp
30-08-09,Nalacharitham 2nd Day(Damayanthi Kattalan Scene only),Elamakkara Punnackal Temple (as part of Onam Celebrations) 6.30 PM,Ernakulam,Kerala,India,Kal Vijayakumar(Damayanthi); Kal Shanmughan (Kattalan) Kal Vinod (Music ) etc.....,Renjith R 9447161980,Renjit R Ernakulam,archive2009-3q.asp
30-08-09,"Nalacheritham 2nd day, Prahladacheritham","Aimanam, Kottayam",Kottayam,Kerala,India,"Nala: Kottakkal Chandrashekara Warrier, Damayanthi: Kala. Rajashekaran, Pushkara: Kottakkal Kesavan, Kali: Kala. Ramachandran Unnithan, Kattalan: Kottakkal Devadas, Hiranyakashipu: Kala. Sreekumar, Na",,Hari the Midget,archive2009-3q.asp
29-08-09,Balivadham (full) Part II (including full scences of Hanuman Thara & Bali),Sree Krishna Temple Natakalsala Ambalapuzha 7 pm,Alappuzha,Kerala,India,"Kal Hari R Nair(Bali) Kal Shanmughan (sugreevan); Kalanilayam Manoj(Hanuman); Kalanilyam Vinod( Sreeraman) ; Madhu Varanasi (Lakshmanan); Kal Vijayakumar (Thara) Pathiyoor Sankanrankutty , Kal Jayapra",Sandarsan Kathakali Vidyalayam Ambalapuzha,Renjith R - 9447161980,archive2009-3q.asp
29-08-09,Karna Sapadham,Trikkakara Temple 9.30 PM,Ernakulam,Kerala,India,"FACT Padmanabhan, Kala. Sreekumar",Trikkakara Temple Committee,Srikumar,archive2009-3q.asp
29-08-09,Lavanasuravadham,"Shreepadmam Auditorium, Opp Thiruvambadi temple",Thrissur,Kerala,India,"Hanuman - Kalamandalam M P S Namboodiri, Kalamandalam Shucheendran","Kathakali CLub, Trichur",Nikhil,archive2009-3q.asp
29-08-09,Rugmangadacheritham,Kottarakkara,,Kerala,India,"Rugmangada: Kala. Krishnakumar, Mohini: Margi Vijayakumar, Sandhyavali: Kala. Arun Warrier, Dharmangada: Harikrishnan Krishnakumar, Brahmins: Kala. Suchindran, Kala. Kasinathan, Kala. Arun Ramesh, Pat",,Balankumar,archive2009-3q.asp
29-08-09,"Purapad, Melapadam, Nalacheritham 3, Nalacheritham 4",Aranmula Parthasarathy Temple 7:30,Pattanamthitta,Kerala,India,"Purapad: Unni, Jayadev, Nala: FACT Mohan, Bahuka: Thonakkal Peethambaran, Sudeva: Kala. Kesavan Namboothiri, Damayanthi: Kalakendram Murali Namboothiri, Karkodaka: Thiruvalla Babu, Jivalan: Thiruvalla",Parithamma comittee,FACT Mohan,archive2009-3q.asp
28-08-09,Kalyana Saugandhikam,Kottarakkara,,Kerala,India,"Bheema: Kala. Krishnakumar, Panchali: Kala. Suchindran, Hanuman: Kala. MPS Namboothiri, Pattu: Kala. Vinod, Kala RamMohan, Chenda: Ayamkudi Unnikrishnan, Maddalam: Kalanilayam Babu",,Balankumar,archive2009-3q.asp
28-08-09,soon,Sri Vallabha Kshetram Thiruvalla,Alleppey,Kerala,India,Local artists,Sri Vallabha Kshetram,Hari the Midget,archive2009-3q.asp
28-08-09,Balivadham (full) Part I - upto Jadayuvamoksham,Sree Krishna Temple Natakalsala Ambalapuzha 6.30 pm,Alappuzha,Kerala,India,Balivadham Cholliyattom Camp from 23rd August to 29th August 2009 under the supervision of Sri Kal Vasupisharoday. Chollliyattom of fulltext of Balivadham and the play on 28th and 29th August 09. Kal ,Sandarsan Kathakali Vidyalayam Ambalapuzha,Renjith R Ernakulam,archive2009-3q.asp
28-08-09,Narakasura Vadham,"Layam Ground, Tripunithura 7:00 PM",Ernakulam,Kerala,India,"Narakasura: Ranjini Suresh, Narakasura wife: Premila Vijayan, Indra: Kala. Pramod, Pattu: Kala. Gopalakrishnan, Kala. Rajesh Babu, Chenda: Kala. Krishnadas, Kottakkal Prasad, Kala. Sasi, Kala. Prakash",,Hari the Midget,archive2009-3q.asp
27-08-09,Bali Vadham,Ambalapuzha,Alleppey,Kerala,India,soon...,,Hari the Midget,archive2009-3q.asp
27-08-09,"Santhana Gopalam, Daksha Yagam",Karunagapalli,,Kerala,India,Mayyanad Rajeev,,Hari the Midget,archive2009-3q.asp
27-08-09,Kiratham,Kottarakkara,,Kerala,India,"Arjuna: Kala. Krishnakumar, Kattalan: Kala. MPS Namboothiri, Kattalastree: Mathoor Govindankutty, Pattu: Kala. Devakumar Varma, Kala. Vinod, Chenda: Ayamkudi Kuttappa Marrar, Ayamkudi Unnikrishnan, Ma",,Balankumar,archive2009-3q.asp
26-08-09,Karna Shapadam,Kottarakkara,,Kerala,India,"Karna: Kala. Krishnakumar, Duryodhana: Kala. Ravikumar, Dussasana: Kala. Hari R. Nair, Bhanumanthi: Kudamaloor Muralikrishnan, Kunthi: Mathoor Govindankutty, Pattu: Kala. Gangadharan, Kala. Devakumar ",,Balankumar,archive2009-3q.asp
26-08-09,Narakasura Vadham,Ernakulam Kathakali Club,Ernakulam,Kerala,India,"Inchakkad Ramachandran Pillai, Karunapalli Divakaran, RLV Radhakrishnan, Pattu: Kala. Rajendran, Kala. Rajesh Babu, Chenda: Kalanilayam Kunjunni, Maddalam: Kala. Prakash",,Hari the Midget,archive2009-3q.asp
26-08-09,soon,Sri Vallabha Kshetram Thiruvalla,Alleppey,Kerala,India,Local artists,Sri Vallabha Kshetram,Hari the Midget,archive2009-3q.asp
26-08-09,"Bali Vadham (How 3days 26,27,28 same story? Any reasom?)",Ambalapuzha,Alleppey,Kerala,India,soon...,,Hari the Midget,archive2009-3q.asp
25-08-09,Nalacheritham 4,Kottarakkara,,Kerala,India,"Bahuka: Kala. Krishnakumar, Damayanthi: Mathoor Govindankutty, Kesini: Kudamaloor Muralikrishnan, Pattu: Kala. Vinod, Kala. RamMohan, Chenda: Kala. Krishnadas, Maddalam: Kalanilayam Babu",,Balankumar,archive2009-3q.asp
24-08-09,Nalacheritham 3,Kottarakkara,,Kerala,India,"Nala: Kala. Ravikumar, Bahuka: Kala. Krishnakumar, Sudeva: Mathoor Govindankutty, Damayanthi: Kudamaloor Muralikrishnan, Rithuparna: Kala. Myannad Rajeev, etc, Pattu: Kala. Vinod, Kala. RamMohan, Kala",,Balankumar,archive2009-3q.asp
23-08-09,Nalacheritham 2,Kottarakkara,,Kerala,India,"Nala: Kala. Krishnakumar, Damayanthi: Margi Vijayakumar, Pushkara: Kala. Ravikuamr, etc, Pattu: Kala. Vinod, Kala. RamMohan, Kala. Sudheesh, Chenda: Kala. Krishnadas, Ayamkudi Unnikrishnan, Maddalam: ",,Balankumar,archive2009-3q.asp
23-08-09,soon,Sri Vallabha Kshetram Thiruvalla,Alleppey,Kerala,India,Local artists,Sri Vallabha Kshetram,Hari the Midget,archive2009-3q.asp
23-08-09,Shishyanum Makhanum,Kottarakara,Pattanamthitta,Kerala,India,"Parasurama: Madavoor Vasudevan Nair, Mayyanad Rajeev etc",,Hari the Midget,archive2009-3q.asp
22-08-09,"Ramayana, Kiratham",Cherthala,Ernakulam,Kerala,India,"Kottakkal Chandrashekaran, Kottakkal Devadas, Kottakkal Kesavan, Kottakkal Vasudevan, etc, Pattu: Kottakkal Narayan, Kottakkal Madhu, Kottakkal V. Narayanan, Kottakkal Suresh, Kottakkal Santhosh, Chen",,Hari the Midget,archive2009-3q.asp
22-08-09,Santhana Gopalam,Parakadavu near Alway 11:00,Ernakulam,Kerala,India,"Kala. Kesavan Namboothiri, Kala. Balasubramaian, Narayanan Namboothiri, Pattu: Kala. Babu Namboothiri, Kalanilayam Rajeev, Chenda: Kala. Raman Namboothiri, Maddalam: Kala. Prakash",,Hari the Midget,archive2009-3q.asp
22-08-09,Kathakali pada kacheri,Parakadavu near Alway 9:00 pm to 11:00 pm,Ernakulam,Kerala,India,"Deepa Palanad, Ranjini",,Hari the Midget,archive2009-3q.asp
22-08-09,Subhadhraharanam (Swayamvaram) with Lecture Demonstration,Changampuzha Park Edapally 6 PM,Ernakulam,Kerala,India,"Padmasree Kal Gopi (Arjunan); Kal Shanmukhan (Subhadra); Kal Sucheendran (Sree Krishna); FACT Biju Bhaskar (Indran) ; Madambi Subrahmanian Namputhiri, Kal Babu Namputhiri, Kalanilayam Rajeevan (Music)",Edapally Kathakali Aswadakasadas 9447161980,Renjith R Ernakulam,archive2009-3q.asp
22-08-09,Nalacheritham 1,Kottarakkara,,Kerala,India,"Nala: Kala. Krishnakumar, etc, Pattu: Kala. Vinod, Kala. RamMohan, Chenda: Kala. Krishnadas, Maddalam: Kalanilayam Babu",,Balankumar,archive2009-3q.asp
21-08-09,"Subhadraharanam, Karna Shapadam",Sri Vallabha Kshetram Thiruvalla,Alleppey,Kerala,India,"Arjuna: Kala. Gopi, Subhadra: Kalakendram Muralidaran Namboothiri, Krishna: Thiruvalla Harikumar, Indra: Thiruvalla Sadashivan, Balarama: Thonnakkal Peethambaran, Karna: FACT Mohan, Duryodhana: Kala. ",Thiruvalla Radhakrishnan,Hari the Midget,archive2009-3q.asp
21-08-09,Karna Shapadam,Tamil Nadu (So please inform location),Tamil Nadu,Kerala,India,"Karna: Kala. Soman, Kunthi: Kala. Haridas, Duryodhana: Kala. Pradeep",,Hari the Midget,archive2009-3q.asp
20-08-09,Nalacharitham 4,Thripunithura Choice School 5:00 pm,Ernakulam,Kerala,India,"Bahuka: Kala. Gopi, Damayanthi: Margi Vijayakumar, Keshini: Kala. Shivadas, Pattu: Pathiyoor Shankarankutty, Kala. Babu Namboothiri, Kala. Hareesh Namboothiri, Chenda: Kala. Unnikrishnan, Maddalam: Ko",Kalamandalam Gopalakrishnan,Hareesh P,archive2009-3q.asp
20-08-09,Nalacharitham 4th day,Thripunithara,Ernakulam,Kerala,India,"Bahuka: Kala. Gopi, Damayanthi: Margi Vijayakumar, Kesini: Kala. Shivadas, Pattu: Pathiyoor Shankarankutty, Kala. Babu Namboothiri, Vinod, Chenda: Kala. Unnikrishnan, Maddalam: Kala. Raj Narayanan, Sa",Kalamandalam Gopalakrishnan,Hari the Midget,archive2009-3q.asp
20-08-09,Keechaka Vadham only up to Harinakshi,Ulalla on the way to Alapuzha,Alleppey,Kerala,India,"Kala. Venkitha Raman, Pattu: Kala. Balachandran",,Hari the Midget,archive2009-3q.asp
20-08-09,Kalakeya Vadham,Thripunithura Kalikotta Palace,Ernakulam,Kerala,India,"Kala. Krishnakumar, Kala. Gopinath, Pattu: Kottakkal Narayanan, Kottakkal V Narayanan, Chenda: Varanasi Moosh, Maddalam: Kala. Gopikuttan",,Hari the Midget,archive2009-3q.asp
19-08-09,soon,Sri Vallabha Kshetram Thiruvalla,Alleppey,Kerala,India,Local artists,Sri Vallabha Kshetram,Hari the Midget,archive2009-3q.asp
19-08-09,Nalacharitham 3,Thripunithura Choice School 5:00 pm,Ernakulam,Kerala,India,"Bahuka: Kala. Gopi, Nala: Kala. Balasubramanian, Damayanthi: Kala. Shanmukhan, Sudeva: Kala. Kesavan Namboothiri, Rithuparna: Kala. John, Karkodaka: Kala. Manoj, Pattu: Pathiyoor Shankarankutty, Kala.",Kalamandalam Gopalakrishnan,Hareesh P,archive2009-3q.asp
19-08-09,Nalacharitham 3rd day,Thripunithara,Ernakulam,Kerala,India,"Bahuka: Kala. Gopi, Nala: Kala. Balasubramaniam, Damayanthi: Margi Vijayakumar, Rithuparna: Kala. John, Sudeva: Kala. Kesavan Namboothiri, Pattu: Kala. Babu Namboothiri, Hareesh Namboothiri, Vinod, Ch",Kalamandalam Gopalakrishnan,Hari the Midget,archive2009-3q.asp
18-08-09,Nalacharitham 2nd day,Thripunithara,Ernakulam,Kerala,India,"Nala: Kala. Gopi, Damayanthi: Margi Vijayakumar, Pushkara: Sadanam Krishnankutty, Kali: Kala. Ramachandran Unnithan, Sudeva: Kala. Kesavan Namboothiri, Kattalan: Kala. Balasubramaniam, Pattu: Pathiyoo",Kalamandalam Gopalakrishnan,Hari the Midget,archive2009-3q.asp
18-08-09,BUDDHA CHARITHAM,"Epicentre, Gurgaon, Delhi",Delhi,Delhi,India,Script  Dr. Satabdhani R Ganesh and Mohan Krishnan Poduval Buddha - Prabal Gupta Music  Kalamandalam Mohan Krishnan (Vocal Support) Chenda  Kalamandalam Vijay Krishnan Poduval Maddalam Kalamandala,Innovation With Tradition,Probal,archive2009-3q.asp
18-08-09,Nalacharitham 2,Thripunithura Choice School 5:00 pm,Ernakulam,Kerala,India,"Nala: Kala. Gopi, Damayanthi: Margi Vijayakumar, Pushkara: Sadanam Krishnankutty, Kali: Kala. Ramachandran Unnithan, Indra: Kala. John, Kattalan: Kala. Balasubramanian, Dwaparan: Kala. Manoj, Pattu: P",Kalamandalam Gopalakrishnan,Hareesh P,archive2009-3q.asp
17-08-09,Nalacharitham 1,Thripunithura Choice School 5:00 pm,Ernakulam,Kerala,India,"Nala: Kala. Gopi, Damayanthi: Kala. Shanmukhan, Hamsa: Kala. Manoj, Narada: Kala. Kesavan Namboothiri, Pattu: Kottakkal Madhu, Kala. Vinod, Nedumballi RamMohan, Chenda: Kala. Unnikrishnan, Maddalam: K",Kalamandalam Gopalakrishnan,Hareesh P,archive2009-3q.asp
17-08-09,Nalacharitham 1st day,Thripunithara,Ernakulam,Kerala,India,"Nala: Kala. Gopi, Hamsa: Kala. Manoj, Damayanthi: Kala. Shanmukhan, Pattu: Kottakkal Madhu, Kala. Vinod, Chenda: Kala. Unnikrishnan, Maddalam: Kala. Raj Narayanan, Sasi, Kottakkal Ramesh",Kalamandalam Gopalakrishnan,Hari the Midget,archive2009-3q.asp
17-08-09,"Karna Shapadam, Daksha Yagam",Sri Vallabha Kshetram Thiruvalla,Alleppey,Kerala,India,"Sadanam Krishnankutty, Kala. Krishnakumar, Mathoor Govindankutty, Kala. Ramachandran Unnithan, Talavadi Aravindan, Kalanilayam Karunakara Kurup, FACT Mohan, Madhavan Namboothiri, Kudamaloor Muralikris",Sri Vallabha Kshetram,Hari the Midget,archive2009-3q.asp
17-08-09,Nalacheritham 1,Evoor,,Kerala,India,"Nala: Kala. Ratheeshan, Hamsa: Mayyannad Rajeev, Damayanthi: Chavaraparukutty, Pattu: Kala. Sajeev",,Hari the Midget,archive2009-3q.asp
17-08-09,"Nalacheritham 1, Krishna Leela, Poothana Mooksham, Sita Swayamvaram",Vijnanakalavedi Aranmula 7:00 pm,Pattanamthitta,Kerala,India,"Nala: Kala. Gopi, Hamsa: Kala. Balasubramanian, Damayanthi: RLV Radhakrishnan, Sakhimar: Thiruvalla Sadashivan, Thiruvalla Babu, Krishna: FACT Mohan, Yashoda: Thiruvalla Sadashivan, Devaki: Thiruvalla",Loba,Gautham Kalavedi,archive2009-3q.asp
16-08-09,Kuchella Vrittam,Oyoor,,Kerala,India,"Oyoor Ramachandran, Kala. Ratheeshan, Pattu: Kala. Balachandran",1 year since Oyoor Kochu Govindan Pillai's passing,Hari the Midget,archive2009-3q.asp
16-08-09,"Sita Swayamvaram, Kiratham",Karunagapalli 7:00 pm,,Kerala,India,"Parasurama: Kottayam Ramakrishnan, Rama: Mayyannad Rajeev, Kala. Ravikumar, Kala. Prasanth, Pattu: Kala. Sajeevan, Parimanam Madhu, Chenda: Kala. Sivadas, Maddalam: Evoor Madhu",,Hari the Midget,archive2009-3q.asp
16-08-09,"Bakavadham(Asari),Dakshayagam","MalliyoorMahaGanapathi Temple,Kuruppunthara,8pm",Kottayam,Kerala,India,"Vesham-Nelliyood Vasudevan Namboothiri(Asari),Kala:Gopi(Dakshan-1),Kala:Sasi,Kala:Shanmukhan(Vindhyavali),Kla:Prasanth(Dakshan-2),Periyanampatta Divakaran Namboothiri(Virabhadran),RLV:Sunil Pallipuram",MalliyoorKethraAdyadmikaPedam,"Mani,Vathukkodam",archive2009-3q.asp
16-08-09,Kirmeeravadham,"Vivekodayam HS, Thrissur 6:30 PM (Demonstration at 5PM)",Thrissur,Kerala,India,"Dharmaputhrar - Kala Pradeep,Panchali - Kala Kasinathan, Doumyan - Kala Ebin Babu, Sooryan - Kala Chinosh, Krishnan - Kala Neeraj, Sudarsanam - Sadnam Vishnu Prasad Pattu: Kottakkal Narayanan,Kala Jay",Vedika Thrissur (9495782916),Sreekanth,archive2009-3q.asp
16-08-09,"Kuchella Vrittam, Sri Rama Pattabhishekam",Sri Vallabha Kshetram Thiruvalla,Alleppey,Kerala,India,"Kuchella: Mathoor Govindankutty, Krishna: FACT Padmanabhan, Rama: Inchakkad Ramachandran Pillai, Hanuman: Kala. Ramachandran Unnithan, Bharatha: Thiruvalla Harikumar, Guha: Talavadi Aravindan, Vibhish",Sri Vallabha Kshetram Thiruvalla,Hari the Midget,archive2009-3q.asp
16-08-09,KIRMEERAVADHAM,"VEDIKA ,VIVEKODAYAM SCHOOL THRISSUR, 3 PM: DEMONST, 5 PM: Kathakali",THRISSUR,Kerala,India,"(3PM Demonstration on Kirmeeravadham) 5PM Kathakali: Dharmaputhrar: Kala.Pradeep, Panchali:Kasinathan,Dhoumyan:Ebin Babu, Adithyan: Chinosh,Sreekrishnan: Neeraj,Sudarsanam:Sadanam Vishnuprasad Sangeet","VEDIKA , THRISSUR 9744097441 Dileep N","ANIYAN M.K. ,",archive2009-3q.asp
15-08-09,"Santhana Gopalam,",Sri Vallabha Kshetram Thiruvalla,Alleppey,Kerala,India,"Mathoor Govindankutty, FACT Mohan, Talavadi Aravindan, Kudamaloor Muralikrishnan, Thiruvalla Harikumar, Thiruvalla Babu, Kalanilayam Karunakara Kurup, Pattu: Kala. Balachandran, Kalanilayam Sinu, Mang",Sri Vallabha Kshetram,Hari the Midget,archive2009-3q.asp
14-08-09,"Rukmini Swayamvaram, Kiratham",Sri Vallabha Kshetram Thiruvalla,Alleppey,Kerala,India,"Mathoor Govindankutty, FACT Mohan, Talavadi Aravindan, Thiruvalla Babu, Kudamaloor Muralikrishnan, Kalanilayam Karunakara Kurup, Pattu: Kala. Surendran, Kalanilayam Sinu, Mangalam Narayana Namboothiri",Sri Vallabha Kshetram,Hari the Midget,archive2009-3q.asp
14-08-09,"krishna leela,ktratham",naalppathenneswaram mahadevar temple(full night),alappuzha,Kerala,India,"kalamandalam sreekumar,kalanilayam rajasekharan,kalamandalam vijayan,kalamandalam shanmughan,kalamandalam mukundan, pallippuram sunil kalakendram saji, kalakendram aji r.l.v sunil maruthorvattom prave",sree nalppathenneswaram kdhakali sangham,amalraj.r(unni panavally),archive2009-3q.asp
14-08-09,"Lavanasura Vadham, Dhuryodhana Vadham","Kerala Kalamandalam, 07:00pm",,Kerala,India,"Sasikala,Shruthi,Renjini Suresh,Subhadra Varma,Geetha Ramesh,Archa Varma,Parvathi U Menon,Premila Vijayan Pattu: Deepa Palanad, Sreeranjini,Manjula",,Parvathi U Menon,archive2009-3q.asp
13-08-09,"Duryodhana Vadham, Santhana Gopalam",Sri Vallabha Kshetram Thiruvalla,Alleppey,Kerala,India,"Duryodhana: FACT Mohan, Roudra Bheema: Talavadi Aravindan, Dusassana: Thiruvalla Babu, Shakuni: Kalanilayam Karunakara Kurup, Bhanumathi: Madhavan Namboothiri, Panchali: Cheriyangeer Murugan, local ar",Sri Vallabha Kshetram,Hari the Midget,archive2009-3q.asp
12-08-09,Kandava Nandam,Near Trivandrum,Trivandrum,Kerala,India,Pattu: Kala. Balachandran,,Hari the Midget,archive2009-3q.asp
11-08-09,"Karna Shapadam, Daksha Yagam",Mangad Temple,Kollam,Kerala,India,"Karna: Kottakkal Chandrasekaran, Kunthi: Oyoor Ramachandran, Duryodhana: Kala. Ramachandran Unnithan, Dusassana: Chattanoor Narayana Pillai, Bhanumathi: Kala. Anil, Daksha 1: Madavoor Vasudevan Nair, ",,Hari the Midget,archive2009-3q.asp
09-08-09,Dakshayagam,"Ayodhya auditorium,Payyannoor, Kannur Dist- 4.30 pm",Kannur,Kerala,India,"Kala.Krishnakumar, Kala.Ramachandran Unnithan, Kott.Devadas, Champakkara Vijayan, Kala.Shanmukhan,Kottakkal Narayanan,Kala.Krishnadas, Kala.Rajanarayanan etc",Payyannoor Kathakaliyarangu,dr.pavithran,archive2009-3q.asp
08-08-09,Rukmini Swayamvaram,"Ernakulathappan Hall, 6.30 PM",ERnakulam,Kerala,India,"Brahmanan - FACT Padmanabhan, Krishnan - Kala. Balasubramanian, Rukmini - Chambakkara Vijayan, Pattu - Palanadu Divakaran etc.",Ernakulam Kathakali Club,Gopikrishnan,archive2009-3q.asp
08-08-09,Kalakeyavadham (sampoornam),kalanilayam Hall Irinjalakuda,Thrissur,Kerala,India,"Padmasree Kala:Gopi,Sadanam Krishnankutty, Nelliyode,Margi Vijayakumar,Kalanilayam Gopi,Narippatta,Pariyanampatta,Kala:Shanmughan,Sadanam Bhasi,Kalamandalam Pradeep, Chembakkara Vijayan,Kalamandalam S",,KESAVADAS.E,archive2009-3q.asp
06-08-09,soon,Sri Vallabha Kshetram Thiruvalla,Alleppey,Kerala,India,Local artists,Sri Vallabha Kshetram Thiruvalla,Hari the Midget,archive2009-3q.asp
05-08-09,soon,Sri Vallabha Kshetram Thiruvalla,Alleppey,Kerala,India,Local artists,Sri Vallabha Kshetram Thiruvalla,Hari the Midget,archive2009-3q.asp
05-08-09,"Santhana Gopalam, Ravanudhbhavam, Kiratham",Palakkad,Palakkad,Kerala,India,Kottakkal PSV Natya Sangham troup,,Hari the Midge,archive2009-3q.asp
05-08-09,"Rukmini Swayamvaram, Nizhal Kuthu",Sri Vallabha Kshetram Thiruvalla,Alleppey,Kerala,India,"Sundara Brahmana: Mathoor Govindankutty, Rukmini: Kudamaloor Muralikrishnan, Krishna: FACT Padmanabhan, Shishupala: FACT Mohan, Malayan: Thalavadi Aravindan, Malayathi: Ooyur Ramachandran, Duryodhana:",Sri Vallabha Kshetram Thiruvalla,Hari the Midget,archive2009-3q.asp
05-08-09,"Santhanagopalam, Ravanavijayam, Kiraatham","Panavally Naalppathenneeswaram Sree Mahadeva Temple, Cherthala,",Alappuzha,Kerala,India,"Vesham-Chandrasekhara Varier,Kesavankundlyer,Vsdvnkundlyer,Haridas,Devadas etc Pattu- K.Narayanan,Kottackal Madhu etc Chenda-Prasadkumar,Vijayaraghavan,Maneesh Ramanadhan Maddalam- Ravindran,Radhakris",Panavally Naalppathenneeswaram Sree Mahadeva Templ,knmadhu2@yahoo.com,archive2009-3q.asp
01-08-09,"Ten 'Kathi Veshams' of Utharaswayamvaram, Banayudham, Ulbhavam, Balivijayam, Ravana Vijayam etc","Kalikotta Palace, Tripunithura TIME: 6 PM to 6 AM",Ernakulam,Kerala,India,"1.Utharaswayamvaram (Ekalochanam) Duryodhanan by Kala.Gopi Asan; 2.Banayudhham (Gopuram) Banan by Madavoor Asan; 3.Keechakavadham (Harinaakshi) Keechakan by Kala.Pradeep, 4.Bali Vijayam (Kailasoddhara",Sasi Thamburan: Mobile 9048027872,Sasi Thamburan,archive2009-3q.asp
01-08-09,THORANA YUDHAM - Kathakali,"Sree Karthikathirunal Theatre, East Fort at 6 PM",Thiruvananthapuram,Kerala,India,"Hanuman - Sadanam Krishnankutty, Lankalakshmi & Prahasthan - Margi Suresh, Lankasree & Kinkaran - Margi Sukumaran, Seetha - Margi Harivalsan, Ravanan - Margi Balasubrahmanian, Pattu - Kala.Surendran &",,"Sasi, Tvm - 98463 20062",archive2009-3q.asp
26-07-09,Rukmangada Charitam,"Kalikotta Palace, Tripunithura. 6 p.m.",Ernakulam,Kerala,India,"Rukmangadan-R.V.Sasikumar,Mohini-Suma Varma Raju,Brahmanar-Ratheesh, Ranjith,Dharmangadan-Gopikavasantham,Sandyavali-Ratheesh,Mahavishnu-Puja Menon,Pattu-Kal.Harish, Kal.Vinod, Chenda-Rajiv Varma,Mada",Tripunithura Kathakali Club,"Biju Anand, North Paravur",archive2009-3q.asp
26-07-09,BHAKTA MEERA,"S D V BEASANT HYALL, ALLEPPEY",ALLEPPEY,Kerala,India,"KAL RAMACHANDRAN UNNITHAN, MARGI VIJAYAN, KAL PRASANTH, ARAVINDAN, PATHIYUR SANKARAN KUTTY, KAL RAJEEVAN, KAL KRISHNA DAS, KAL ACHUTA WARRIER",ALLEPPEY DISTRICT KATHAKALI CLUB,N M NAIR,archive2009-3q.asp
25-07-09,Narakasura Vadham,Trissur,Trissur,Kerala,India,Artists: Kala. Pradeep,,Swarup Gupta,archive2009-3q.asp
23-07-09,"Devayani Cheritham, Kiratham",Sri Vallabha Kshetram Thiruvalla,Alleppey,Kerala,India,"Kacha: FACT Mohan, Devayani: Kala. Shanmukhan, local artist, Pattu: Kala. Surendran, Chenda: Kalabharathi Unnikrishnan, Maddalam: Kalabharathi Jayashankar",Sri Vallabha Kshetram,Hari the Midget,archive2009-3q.asp
21-07-09,Keechakavadham - Monthly Performance,Sree Krishna Temple Natakalsala Ambalapuzha 6.30 pm,Alappuzha,Kerala,India,"Kal Vijayakumar (Syrandhri); Kalanilayam Vinod (Sudeshna) Kal Shanmughan(Keechakan); Kalanilayam Vinod (Valalan). Pathiyoor Sankarankutty, Kal Jayaprakash (Music); Kalnilayam Ratheesh ,Kal Sreekanth V",Sandarsan Kathakali Vidyalayam Ambalapuzha,Renjith R - 9447161980,archive2009-3q.asp
19-07-09,"Kalyana Saugandhikam, Daksha Yaga",Pattambi,Palakkad,Kerala,India,"Bheema: Kala. Vasu Pisharody, Hanuman: Kala. MPS Namboothiri, Panchali: Kala. Suchindran, Daksha: Kala. Krishnakumar, Vedavali: Kala. Suchindran, Shiva: Kala. Ravikumar, Sathi: Kala. Shanmugan, Veerab",KK,KK,archive2009-3q.asp
18-07-09,Nalacharitham Moonnam Divasam,Thonnakkal Natyagriham at 6:30 pm,Trivandrum,Kerala,India,"Nalan - Kala Rajeevan, Karkodakan - Kala Ramachandran Unnithan, Bahukan - Sadanam Krishnankutty, Rithuparnnan - Kala Rajeevan, Damayanthi - Kalabharathi Vasudevan, Sudevan - Kala Ramachandran Unnithan",9847797801,Gopakumar,archive2009-3q.asp
17-07-09,Dhuryodhana Vadham (Paripahi thott..........),"Bharatiya Vidya Bhavan, Near Kunjalus Hospital, Ernakulam",Ernakulam,Kerala,India,"Dhuryodhanan : Parvathi, Krishnan : Shruthi Devadas, Panchali : Sasikala Devadas, Roudra Bheeman : Geetha Ramesh, Dhritharashtrar and Mumukshu : Subhadra Varma, Arjunan : Archa Gowri Varma, Dushasanan",Ernakulam Kathakali Club,parvathi U Menon,archive2009-3q.asp
17-07-09,Ravanudbhavam,Challakudi,,Kerala,India,"Ravana: Kala. Krishnakumar, Kumbhakarna: Kala. Vipin, Vibhishana: Kala. Sucheendran, Mali: Nelliyodu Vasudevan Namboothiri, Saumali: Kala. Kesavadev, Malyavan: Kala. Hari R. Nair, Pattu: Kala. Vinod, ",Committee,Prasadkumar,archive2009-3q.asp
16-07-09,Nalacheritham 2,Payyanur,Payyanur,Kerala,India,"Nala: Kala. Krishnakumar, Damayanthi: Kala. Shanmugan, Pushkara: Kala. Harinarayanan, Kali: Kala. Hari R. Nair, Dwaparan: Kala. Arun Warrier, Kattalan: Kala. Ravikumar, Pattu: Kala. Gangadharan, Kala.",,Kumar,archive2009-3q.asp
15-07-09,Nalacheritham 1,Payyanur,,Kerala,India,"Nala. Kala. Krishnakumar, Hamsa: Kala. Myannad Rajeev, Damayanthi: Kudamaloor Muralikrishnan, Sakhimar: Kala. Suchindran, Kala. Arun Warrier, Pattu: Kala. Devakumar Varma, Kala. Vinod, Chenda: Kottakk",,Kumar,archive2009-3q.asp
15-07-09,"Krishna Leela, Sita Swayamvaram, Kuchella Vrittam, Karna Shapadam",Aranmula,Pattanamthitta,Kerala,India,"Krishna: FACT Mohan, Devaki: Thiruvalla Babu, Yashoda: Thiruvalla Sadashivan, Parasurama: Sadanam Krishnankutty, Rama: Kalanilayam Vinod, Laxmana: Thiruvalla Harikumar, Sita: Thiruvalla Babu, Dasharat",FACT Mohanan,Hari the Midget,archive2009-3q.asp
14-07-09,"Daksha Yaga, Sita Swayamvaram, Lavanasuravadham",Payyanur,Payyanur,Kerala,India,"Daksha: Kala. Vasu Pisharody, Sathi: Kudamaloor Muralikrishnan, Shiva: Kala. Ravikumar, Vedavali: Kala. Suchindran, Brahmin: Mathoor Govindankutty, Parasurama: Kala. Krishnakumar, Rama: Kala. Harinara",,Kumar,archive2009-3q.asp
13-07-09,"Poothana Mooksham, Nalacheritham 3, Nalacheritham 4",Payyanur,Payyanur,Kerala,India,"Poothana: Margi Vijayakumar, Nala: Kala. Ravikumar, Bahuka: Kala. Krishnakumar, Damayanthi: Kudamaloor Muralikrishnan, Sudeva: Mathoor Govindankutty, Rithuparna: Kala. Myannad Rajeev, Karkodaka: Kala.",,Kumar,archive2009-3q.asp
12-07-09,Rugmangadhacharitham - Part II,Vylopilli Samskrithi Bahavan Thiruvananthapuram 6:30 PM,Trivandrum,Kerala,India,Ettumanoor Kannan(Rugmangadhan); Margi Vijayakumar (Mohini) ; Kal Vijayakumar; Kal Shanmughan (Brahmins) Kal Sucheendran(Dharmangadan); Kalanilayam Vinod (Sandyavali); Kal prasanth (Mahavishnu) Kal Ba,Ettumanoor Kannan,Renjith R Ernakulam,archive2009-3q.asp
12-07-09,*KHAANDAVA DAHANAM [ by Shri.Pirappincode V Narayana Pillai],*Kazhakuttom - 6-30 pm.,*Thiruvananthapuram,*Kerala,*India,"*Aattom - Margi Vijayakumar, Kala. Balasubramanian, Kala. Rajeevan, Haripriya Namboothiri etc. *Paattu - Kala. Balachandran, Kalani. Sinu *Kottu - Kalabha. Unnikrishnan & Kala. Hari *Petti - Vallathol","*KALIYARANGU, KAZHAKUTTOM",*V.Madhukumar,archive2009-3q.asp
11-07-09,"Karna Shapadam, Santhana Gopalam",Shri Vallabha Kshetram Thiruvalla,Alleppey,Kerala,India,"Cheriyangeer Murugan, Kala. Krishnaprasad, Pattu: Kala. Surendran, Parimanam Madhu, Mangalam Narayanan Namboothiri",Shri Vallabha Kshetram Thiruvalla,Hari the Midget,archive2009-3q.asp
11-07-09,SUBADRAHARANAM,SIVAKSHETHRAM HALL CHUDUVALATHOOR SHORNUR,PALAKKAD,Kerala,India,SREEKRISHNAN1:JANABHERI ADARSH INDRAN:THRIPAYYA AJITH VARIYAR ARJUNAN:KOTTAKAL NANDAKUMARAN NAIR SREEKRISHNAN2:SADANAM KRISHNANDAS SUBADRA:THRIPAYYA PEETHAMBARAN BALABHADRAR:KALAMANDALAM ABHIMANYU SRE,"JANABHERI KATHAKALI KENDRAM, 9447995636",ABHIMANYU V,archive2009-3q.asp
11-07-09,Nalacharitham Nalam Divasam,Govt. U P S Pothencode at 5:30 pm,Trivandrum,Kerala,India,"Bahukan - Kala Krishnakumar, Damayanthi - Margi Vijayakumar, Kesini - Kala Shanmughan Pattu - Kottakkal Madhu, Kala Vinod Chenda - Kala Krishnadas Maddalam - MArgi Rethnakaran Avatharanam - Sri Dugra ",9847797801,Gopakumar,archive2009-3q.asp
11-07-09,Rugmangadhacharitham (Purva Rangam),Vylopilli Samskrithi Bahavan Thiruvananthapuram 6:30 PM,Trivandrum,Kerala,India,"Ettumanoor Kannan(Rugmangadhan); Kal Sucheendran (Sandyavali); Kal Vijayakumar, Kalanilayam Vinod (Devasthreekal); Kal Babu Namputhiri, Kalanilayam Rajeevan(Music); Kal Krishnandas ; Sadanam Ramakrish",Ettumanoor Kannan,Renjith R Ernakulam,archive2009-3q.asp
10-07-09,Nalacheritham 3,Payyanur,Payyanur,Kerala,India,"Nala: Kala. Krishnakumar, Bahuka: Kala. Vasu Pisharody, Sudeva: Mathoor Govindankutty, Damayanthi: Kudamaloor Muralikrishnan, Karkodaka: Kala. Hari R. Nair, Rithuparna: Kala. Myaanad Rajeev, Varshneya",,Kumar,archive2009-3q.asp
09-07-09,"Kuchella Vrittam, Rugmangada Cheritham, Lavanasuravadham, Kiratham",Payyanur,Payyanur,Kerala,India,"Kuchella: Mathoor Govindankutty, Krishna: Kala. Shanmugan, Rukmini: Kala. Myannad Rajeev, Rugmangada: Kala. Krishnakumar, Mohini: Kudamaloor Muralikrishnan, Dharmangada: Harikrishnan Krishnakumar, San",,Kumar,archive2009-3q.asp
09-07-09,"Kuchella Vrittam, Santhana Gopalam",Shri Vallabha Kshetram Thiruvalla,Alleppey,Kerala,India,"Cheriyangeer Murugan, Kala. Krishnaprasad,Pattu: Kala. Surendran, Parimanam Madhu, Mangalam Narayanan Namboothiri",Shri Vallabha Kshetram Thiruvalla,Hari the Midget,archive2009-3q.asp
08-07-09,"PoothanaMoksham and Narakasura vadham ( Nakrathundi,Jayanthan,Lalitha)","Melpathur Auditoriam at Guruvayur ,,,,8.30 pm",thrissur,Kerala,India,"Poothana moksham by Sri Thripoonithura Ratheesh, Nakrathundi:Pattanakkadu Muraleekrishnan,,,,Lalitha :Sri Thripunithura Renjith,,,,,, Jayanthan: Sri Thripunithura Vijayan,,,Chenda:Kalanilayam Ratheesh",nil,Muraleekrishnan,archive2009-3q.asp
08-07-09,Kiratham,Payyanur,Payyanur,Kerala,India,"Kattalan: Kala. Vasu Pisharody, Kattalastree: Mathoor Govindankutty, Arjuna: Kala. Krishnakumar, Pattu Kala. Devakumar Varma, Kala Vinod, Chenda: Ayamkudi Unnikrishnan, Maddalam: Kala. Shankara Warrie",,Kumar,archive2009-3q.asp
07-07-09,"Nalacheritham 3, Nalacheritham 4",Kottarakkara,,Kerala,India,"Nala: Kala. Ravikumar, Bahuka: Kala. Krishnakumar, Sudeva: Mathoor Govindankutty, Damayanthi: Kudamaloor Muralikrishnan, Rithuparna: Kala. Myannad Rajeev, Jivalan: Kala. Arun Ramesh, Varshneyan: Kalan",,Kumar,archive2009-3q.asp
06-07-09,"Kalyana Saugandhikam, Bana Yudham (Usha Chithralekha), Kiratham",Payyanur,Payyanur,Kerala,India,"Bheema: Kala. Vasu Pisharody, Panchali: Kala. Suchindran, Hanuman: Kala. MPS Namboothiri, Usha: Kala. Shanmugan, Chithralekha: Kala. K.G. Vasudevan, Kattalan: Kala. Krishnakumar, Kattalastree: Kudamal",,Kumar,archive2009-3q.asp
06-07-09,"Gurudakshina, Krishna Leela",Thirunakara Kottayam,Kottayam,Kerala,India,"Akrooran: Kalanilayam Gopalakrishnan, Vasudevan: Thonnakkal Peethambaran, Krishna: Thiruvalla Harikumar, Balarama: Thiruvalla Sadashivan, Kuchella: Talavadi Aravindan, Brahmins: Jayadev, Unni, Sandipi",Mohanan,Hari the Midget,archive2009-3q.asp
05-07-09,Nalacheritham 4,Payyanur,Payyanur,Kerala,India,"Bahuka: Kala. Krishnakumar, Damayanthi: Margi Vijayakumar, Kesini: Kala. Shanmugan, Pattu: Kala. Devakumar Varma, Kala. Vinod, Chenda: Kottakkal Prasad, Maddalam: Kala. Narayanan Nair",,Kumar,archive2009-3q.asp
05-07-09,Sampoorna Duryodhana vatham,"Puthur, 9 PM",Palakkad,Kerala,India,PSV Natyasangham Artists,PSV Natyasangham 0483-2743650,PSV Natyasangham,archive2009-3q.asp
05-07-09,"Kuchela Vrittam, Santhanagopalam",Tiruvella,,Kerala,India,"Artists: Chereeyangeer Murugan Singers: Kala. Surendran, Parimalam Madhu, Mangalam Narayanan Namboothiri",Sree Valabha Swami Temple,Swarup Gupta,archive2009-3q.asp
05-07-09,Rambha Pravesham,"Sree Rangam Hall - Kottayam,Tirunakkara",Kottayam,Kerala,India,"Ravanan Kalamandalam Soman(Kalamandalam Ramankutty Ashan's Shisyan (disciple) ,Rambha - Velinezhi Haridas(Son of Late Kalamandalam Unnikrishna Kurup Ashan) Pattu :Kalamandalam Mohana Krishnan & Kalani",Kaliarangu - Kottayam,Vivek.P,archive2009-3q.asp
04-07-09,Nalacheritham 3,Kottarakkara,,Kerala,India,"Nala. Kala. Krishnakumar, Bahuka: Kala. Vasu Pisharody, Sudeva: Mathoor Govindankutty, Damayanthi: Kudamaloor Muralikrishnan, Rithuparna: Kala. Myannad Rajeev, Karkodaka: Kala. Hari R. Nair, Jivalan: ",,Balankumar,archive2009-3q.asp
04-07-09,"Santhana Gopalam, Bali Vadham",Sri Vallabha Kshetram,Alleppey,Kerala,India,"Brahmana: Kala. Kesavan Namboothiri, Brahmana Patni: RLV Radhakrishnan, Arjuna: Ettumanoor Kannan, Krishna: Thiruvalla Harikumar, Bali: Talavadi Aravindan, Sugreeva: Thiruvalla Babu, Rama: Kala. Krish",,Hari the Midget,archive2009-3q.asp
03-07-09,Kiratham,Payyanur,Payyanur,Kerala,India,"Kattalan: Kala. Krishnakumar, Katalastree: Kala. Shanmugan, Arjuna: Kala. Ravikumar, Shiva: Kalanilayam Karunakara Kurup, Parvathi: Kudamaloor Muralikrishnan, Pattu: Kala. Devakumar Varma, Kala. Vinod",,Kumar,archive2009-3q.asp
03-07-09,Narakasura Vadham,"Sree Karthikathirunal Theatre, East Fort at 6 PM",Thiruvananthapuram,Kerala,India,"Lalitha-Kala.Vijayakumar, Jayanthan & Indran - Kala.Shanmughan, Narakasuran-Kala.Manoj (Olari), Narakasurapathni-Kala.Sucheendran, Pattu-Kala.Subrahmanian & Kala.Krishnankutty, Chenda-Kala.Krishnadas ","Margi,Thunchan Sm.Samithi and Visconsin University",Sasi - 98463 20062,archive2009-3q.asp
03-07-09,Narakasuravadham,"Karthikathirunal Theatre, Fort TVM 06 p.m.",Trivandrum,Kerala,India,"Kla> Vijayakumar-Lalitha,Kala> Shanmukhan-Jayanthan,Indran,Kala. Manoj (Olari)-Narakasuran,Kala. Subramanian and Krishnankutty-Pattu,Kala.Krishnadas,Margi Krishnankutty-Chenda,Kalanilayam Manoj,Margi ","Drisyavedi, TVM, 9447059240",Radhakrishnan. K,archive2009-3q.asp
02-07-09,Kalyanasoughandhikam,Vylopilli Samskrithi Bahavan Thiruvananthapuram,Trivandrum,Kerala,India,"Kalanilayam Vinod (Bhiman); Kal Vijayakumar (Panchali; Kal Shanmughan(Hanuman); Pathiyoor Sankarankutty, Kalanilayam Rajeevan (Music); Kal Krishnadas (Chenda); Kalanilayam Manoj (Maddalam); Kal Sukuma",Sandarsan Kathakali Vidyalayam Ambalapuzha,Renjith R - 9447161980,archive2009-3q.asp
02-07-09,"Karna Shapadam, Poothana Mooksham, Kiratham",Payyanur,Payyanur,Kerala,India,"Karna: Kala. Vasu Pisharody, Duryodhana: Kala. Kuttikrishnan, Dussassana: Kala. Hari R. Nair, Kunthi: Mathoor Govindankutty, Bhanumathi: Kudamaloor Muralikrishnan, Poothana: Margi Vijayakumar, Kattala",,Kumar,archive2009-3q.asp
02-07-09,"Nalacheritham 1, Krishna Leela, Sita Swayamvaram, Kuchella Vrittam, Poothana Mooksham",Sri Vallabha Kshetram Thiruvalla 7:00 pm,Alleppey,Kerala,India,"Nala: Kala. Gopi, Hamsa: Kala. Balasubramanian, Damayanthi: RLV Radhakrishnan, Sakhimar: Thiruvalla Harikumar, Thiruvalla Babu, Krishna: FACT Mohan, Devaki: Oyoor Ramachandran, Yashoda: Thiruvalla Bab",Thiruvalla Radhakrishnan,Hari the Midget,archive2009-3q.asp
01-07-09,"Lavanasuravadham, Nalacheritham 3, Nalacheritham 4",Payyanur,Payyanur,Kerala,India,"Hanuman: Kala. MPS Namboothiri, Sita: Kala. K.G. Vasudevan, Lava: Kala. Suchindran, Kusha: Kala. Arun Ramesh, Shathrugna: Kala. Myannad Rajeev, Brahmins: Kala. Arun Warrier, Kala Chinosh Balan, Chandr",,Kumar,archive2009-3q.asp
31-12-09,Duryodhana Vadham,"7.30 p.m. at Chinmayanjali Auditorium, Chinmaya Mission, Thondayad, Kozhikode",Kozhikode,Kerala,India,"THALOTSAVAM Inauguration at 10.00 a.m.# Seminar ""Keraleeya Vadya Parambaryam Kathakaliyil"" - Participants: S/Shri K.C.Narayanan, Mattanoor Sankarankutty Marar, N.P.Vijaya Krishnan at 11.30 p.m. # VARN",Thodayam Kathakaliyogam & Chinmaya Mission,Thodayam Kathakaliyogam,archive2009-4q.asp
31-12-09,Duryodhana Vadham,Calicut,,Kerala,India,"Kerala Kalamandalam troup, Kala. Vijayakrishnan, Mattanoor Shankarankutty seminar",,Hari the Midget,archive2009-4q.asp
30-12-09,Kiratham,Calicut,,Kerala,India,"Parvathi Menon, Haripriya Namboothiri, Pattu: Deepa Palanad, Meera, Chenda: Udayan Namboothiri, Maddalam: Kala. Hariharan",,Hari Balachandran,archive2009-4q.asp
30-12-09,"Utthara Swayamvaram, Daksha Yagam",Kollam,Kollam,Kerala,India,RLV Radhakrishnan,,Hari Bala-Simcoe,archive2009-4q.asp
30-12-09,"Navarasam Thiruvathira Event - Kaikottikkali, Kiratham Kathakali","Padmasree Kalyanamandapam, Thali, Chalappuram",Kozhikode,Kerala,India,"Arjunan-? Kattalan - Parvathy Menon, Kattalastree - Haripriya","Navarasam, Kozhikode.mob:918891799964",Radha Madhavan,archive2009-4q.asp
30-12-09,"Uttharaswayamvaram, Bakka Vadham",Kollam Bhagavathi Temple,Kollam,Kerala,India,"Thonnakkal Peethambaran, Kottayam Ramakrishnan, Haripad Kesavan Namboothiri, RLV Radhakrishnan, Kala. Myannad Rajeev, Kala. Prasanth, Kala. Anilkumar, Kottarakkara Pandra, Vetikal Gopan, Kala. Arun, P",,Hari the Midget,archive2009-4q.asp
30-12-09,Nalacheritham 4,Trivandrum,Thiruvananthapuram,Kerala,India,"Bahuka: Kala. Gopi, Damayanthi: Margi Vijayakumar, Pattu: Pathiyoor Shankarankutty, Chenda: Kala. Krishnadas",,Hari Bala-Simcoe,archive2009-4q.asp
29-12-09,Seetha swayam varam,Kudamalloor -Guru Kudamaloor Karunakaran Nair Memorial Hall- 9PM,Kottayam,Kerala,India,Parasuraman By Sri Kalamandlam Ramakrishnan in Connection with Sashtyabdapoorthi of Sri Kalamandlam (Kottayam ) Ramakrishnan,Sishyas of Sri Ramakrishnan,Raju,archive2009-4q.asp
29-12-09,Kiratham,Pakalkkuri- 6-30 PM In coonection with MMK Nayar Kathakali Award Danam,Trivandrum,Kerala,India,"Sri Chathanoor Kochu Narayana Pillai, Sri Vijaya Krishnan Unniththan etc",MKK Nayar Samskarika Kendram -0470 268 3883,Raju,archive2009-4q.asp
29-12-09,Sita Swayamvaram,Kottayam,Kottayam,Kerala,India,"Parasurama: Kottayam Ramakrishnan, Pattu: Kala. Balachandran",,Hari Balachandran-Simcoe,archive2009-4q.asp
28-12-09,Kalyana Saugandhikam,Manuwala,,Kerala,India,"Hanuman: Kala. Sreekumar, Bheema: FACT Mohan, Pattu: Kala. Rajendran, Chenda: Kuroor Vasudevan Namboothiri, Maddalam: Kala. Achutha Warrier",,Hari the Midget,archive2009-4q.asp
28-12-09,"Kalyana Saugandhikam, Daksha Yagam",Trivandrum,Thiruvananthapuram,Kerala,India,Cheriyankeer Murugan,,Hari Bala-Simcoe,archive2009-4q.asp
28-12-09,Karnasapatham,"Puthukalavattom Mahadeva Temple, Elamakkara",Ernakulam,Kerala,India,Kalanilayam Vinod (Duryodhanan); Kal Sucheendran(bhanumathi); Kal Shanmughan (karnan); FACT Biju(Dussasaanan); Kal Vijayakumar(Kunthi) ; Kal Jayaprakash; Kalanilayam Rajeevan(Music); Kalanilayam Manoj,Renjith R 9447161980,Renjith R,archive2009-4q.asp
27-12-09,Nalacheritham 3rd day,near Kottayam 8:00 pm,Kottayam,Kerala,India,"Kala. Gopi, Pattu: Pathiyoor Shankarankutty, Kalanilayam Rajeev, Chenda: Kala. Krishnadas, Maddalam: Kalanilayam Manoj",,Hari the Midget,archive2009-4q.asp
27-12-09,"Purappad,Melappadam,Mallayudham, Kiratham(Sampoornam)","Sree Mahadeva Temple Kandiyoor,Mavelikara",Alappuzha,Kerala,India,"Kalamandalam Sreekumar,Kottakkal Devadas,Margi Suresh,Kalamandalam Shanmughan,Kalanilayam Vinod,Madhu Varanasi,etc......... Pattu:Kottakkal Narayanan,Kalamandalam Jayaprakash,Kalanilayam Babu Chenda:K",Temple Commetee,Kalamandalam Sreekanth Varma,archive2009-4q.asp
27-12-09,Ayyappa Cheritham,Thudapura,,Kerala,India,Chenda: Kala. Sreekanth Varma,,Hari Bala-Simcoe,archive2009-4q.asp
26-12-09,"Usha Chithralekha, Ambareesha Cheritham",Evoor,,Kerala,India,Chenda: Kala. Sreekanth Varma,,Hari Bala-Simcoe,archive2009-4q.asp
26-12-09,Ambareesha Charitham,"Paramekkavu Agrasala, 6.30 PM",Thrissur,Kerala,India,"Ambareeshan - Klm.Haridas,Durvasavu- Klm.Balasubramaniyan,Bhramin- Klm Aravindan,Krithya-Klm.Neeraj,Sudarshanam Kln.Mohanavarrier,Sivan-Klm.Sreeram,Vishnu- Klm.Chinnosh Balan,Sangeetam:Sadanam Narayan",Kathakali Club Trichur,Nikhil,archive2009-4q.asp
26-12-09,"Nalacharitham 4, Nizhal Kuttu",Mavellikkara,Alleppey,Kerala,India,"Bahuka: Kala. Krishnakumar, Damayanthi: Margi Vijayakumar, Kesini: Cheriyankeer Murugan, Duryodhana: Madavoor Vasudevan Nair, Thiruvalla Babu, FACT Mohan, Muralidharan Namboothiri, Pattu: Kala. Balach",,Hari Bala-Simcoe,archive2009-4q.asp
26-12-09,"DAKSHAYAGAM,,KIRATHAM","NALPPATHENNEESWARAM MAHADEVAR TEMPLE ,09.00PM",KERALA,Kerala,India,Kottakkal PSV Natya Sangham troup,SREEKALA SHANMUGHAN SREYAS PANAVALLY,AMALRAJ.R.KAIMAL,archive2009-4q.asp
26-12-09,"DAKSHAYAGAM,,KIRATHAM",NALPPATHENNEESWARAM MAHADEVAR TEMPLE PANAVALLY.9.00PM,"CHERTHALA,,ALAPPUZHA",Kerala,India,Kottakkal PSV Natya Sangham troup,SREEKALA SHANMUGHAN SREYAS PANAVALLY,AMALRAJ.R.KAIMAL,archive2009-4q.asp
26-12-09,"FIRST ANNIVERSAERY OF KALIMANDALAM,TRIPRAYAAR--KATHAKALI UTSAVAM '09","PRIYADARSHINI AUDITORIUM, TRIPRAYAAR -",Thrissur,Kerala,India,5pm. AADARANEEYAM: Honouring Padmasree Kalamandalam Gopi and Padmasree Mattannur Sankarankutty Marar.Presentation of Kalimandalam Puraskaram to Padmasree Kalamandalam Gopi by Dr.K.Raveendra Raja.Felic,09744923625 - E.B.SADAANANDAN,M.K.ANIYAN,archive2009-4q.asp
26-12-09,Bali Vijayam,Maryapali Kottayam,Kottayam,Kerala,India,"Ravana: Kala. Ravikumar, Bali: Kala. Hari R. Nair, Pattu: Kala. Surendran, Parimanam Madhu, Chenda: Kidangoor Rajesh, Maddalam: Kalanilayam Manoj",,Hari the Midget,archive2009-4q.asp
26-12-09,"Karnasapadham, Kiraatham",Priyadarshini Hall Triprayar 7.30 pm,Thrissur,Kerala,India,"Sadanam Krishnankutty, Kalani.Gopalakrishnan,Kalani. Unnikrishnan & and artists from Unnayi warrier Kalanilayam","Kalimandalam Triprayar 4872393470,9744923625",Sadu Engoor,archive2009-4q.asp
26-12-09,"""Lasyam"" Selected Scence of Female Characters Poothanamoksham, Kirmeeravadham, Keechakavadam","Changampuzha Park, Edapally 6 .30 PM",Ernakulam,Kerala,India,Poothanamoksham : Radhika Varma (Lalitha) ; Keechakavadham (Sasimuki) Sadanam Vijayan (Syrandhri); Kal Sucheendran (Sudheshna):; Kirmeeravhadm : Kal Vijayakumar (Lalitha); Kal Sucheendran (Panchali) e,Edapally Kathakali Aswadaka Sadas,Renjith R,archive2009-4q.asp
25-12-09,Ippa- Bible story,Kumily,Idukki,Kerala,India,"Kerala Varma troup, Sadanam Krishnankutty, FACT Mohan",,Hari the Midget,archive2009-4q.asp
25-12-09,"Sita Swayamvaram, Kiratham",Konni,Pattanamthitta,Kerala,India,"Kala. Kesavan Namboothiri, etc",,Hari the Midget,archive2009-4q.asp
25-12-09,soon,Vayakada,,Kerala,India,PSV Natyasangham,,Hari the Midget,archive2009-4q.asp
25-12-09,kuchelavritham,pazhaveedu,alappuzha,Kerala,India,,,kalamandalam sreejith,archive2009-4q.asp
25-12-09,"Rukmini Swayamvaram, Duryodhana Vadham, Kiratham",Chirakarakavu Temple,Kottayam,Kerala,India,"Duryodhana: Sadanam Krishnankutty, Dussasana: Kala. Ramachandran Unnithan, Kala. Myannad Rajeev, Kala. Bhagyanathan, Mathoor Govindankutty, Kudamaloor Muralikrishnan, Kalakendram Muralidharan Nambooth",,Hari the Midget,archive2009-4q.asp
25-12-09,Nizhalkuthu,"Sri Thalathotta Mahadevar Temple(Near Rly Station) , Harippad, 7.30 to 10.30 Pm",Alappuzha,Kerala,India,Duryodhanan : Madavoor Vasudevan Nair; Doothan : RLV Mohan kumar; Thrigarthan : RLV Rajashekharan; Malayan: Kala. Krishna prasad; Malayathi: Ramachandran(Oyur); Manthravadi: Kalamandalam Balakrishnan;,,Rajneesh,archive2009-4q.asp
24-12-09,Santhana Gopalam,Nangiarkulangara sreekrishna swami temple(In between Harippad & Cheppad),Alappuzha,Kerala,India,Arjunan: Adv.Mozhur Rajendra gopinath; Srikrishnan: RLV Mohan Kumar; Brahmanan: Kala: Balakrishnan; patni: Kalanilayam Raveendranatha pai; Pattu: Haripad Damu & Party,,Rajneesh,archive2009-4q.asp
24-12-09,"Santhanagopalam, Daksha Yagam","Trikka Temple(opp.Changapuzha Park), Edappally 9PM",Ernakulam,Kerala,India,"Kala Balasubramanian, Kala Ramachandran(TVS), Sadanam Vijayan, Kala Vinod, FACT BIju Baskar, Adish, Chenda: Kala Raman Namboodiri, Kalavedi Murali, etc.",Trikkayil Temple Edappally,Srikumar,archive2009-4q.asp
24-12-09,Kalyana Saugandhikam,Karalmanna,PALAKKAD,Kerala,India,"Kala. Pradeep, Sadanam Bhasi, Vellinezhi Haridas",,Hari the Midget,archive2009-4q.asp
24-12-09,"USHA CHITHRALEKHA,","Public Library, Near railway station Kollam. 7 PM",KOLLAM,Kerala,India,"Margi Vijayakumar-Usha, Kala.Shanmugan-Chithralekha Pattu-Kala.Balachandran,Kala.Sajeevan Chenda-Kala.Sivadasan,Maddalam-Kala.Venukuttan",Public Library Vikasana Samithi,"Suresh.V,Kollam",archive2009-4q.asp
24-12-09,soon,Kuttinad,,Kerala,India,PSV Natyasangham,,Hari the Midget,archive2009-4q.asp
23-12-09,Kiratham,Tiringal Trissur,Trissur,Kerala,India,"Kala. Abhimanyu, Kala. Vipin, Kala. Bajio, Pattu: Vellinezhi Achuthankutty, Puralipuram Lakshmanan, Chenda: Kala. Krishnapraveen Poduval, Maddalam: Kala. Aneesh",,Hari the Midget,archive2009-4q.asp
22-12-09,"Sita Swayamvaram, Duryodhanavadham","Thonnal Devi Kshethram, Pallipuram.",Trivandrum,Kerala,India,"Parasuraman-Kottayam Ramakrishnan Duryodhanan - Kala Krishnakumar, Dussasanan - Kala Ramachandranunnithan, Roudra Bheeman - Thonnakkal Peethambaran, Panchali - Kala Shanmughan Pattu - KalaBalachandran",9495493205,Biju,archive2009-4q.asp
22-12-09,"Santhanagopalam vazhipadu, By Pradeep Karingalethu Veedu, Kaipuzha","Kaipuzha sreekrishna swami temple, Pandalam. 9 pm",Pathanamthitta,Kerala,India,"Fact Jayadeva varma, Kala Kesavan Namboothiri, Raveendranadapai, Kala Anilkumar, Kalavedi Suresh,Parimanam Madhu, Kala Sreekanth Varma, Kala Manoj Purushothaman Chingoly Kaliyogam Sree Parthasarathi A",Jayadeva Varma 9496950919,Devamrutham Pandalam,archive2009-4q.asp
21-12-09,NALACHARITHA MELA (Nalacharitham Naalam Divasam - Nalacharitham 4th Day),Anamangad Temple Hall (Anamangad is between Cherplassery and Perinthalmanna),Malappuram,Kerala,India,"S/Shri Ettumanoor Kannan, Peesapalli Rajeevan, Haripriya Namboothiri. Vocal: Kottakkal Madhu, Nedumpalli Raman & Vengeri Narayanan. Chenda: Sadanam Ramakrishnan, Kala.Nandakumar etc. Maddalam: Sadanam",Anamangad Kathakali Club,Anamangad Kathakali Club,archive2009-4q.asp
21-12-09,Kiratham,"Mullackal temple, Alleppey, 7 pm",Alleppey,Kerala,India,"Kal Ramachandran unnithan- Kattalan, Margi Vijayakumar- Kattalathi, Kal Shanmugan- Arjuna Pathiyur Sankaran kutty & Kalavedi Suresh. Kal Krishna das, kal Achuta Warrier",Monthly programme- The Alleppey District Kathakali,Kalarcode murali,archive2009-4q.asp
20-12-09,Sathyavathi Parinayam,"Sopanam Auditorium, Kollam",Kollam,Kerala,India,"Kottakkal Chandrashekara Warrier, Kala. Ramachandran Unnithan, Kala. Rajashekaran, Kala. Krishnakumar, Kala. Biju, Pattu: Pathiyoor Shankarankutty, Kala. Sajeev, Chenda: Kala. Raman Namboothiri, Kala.",Thonakkal Peethambaran's 70th Birthday celebration,Jaya Parithamma Mohanan,archive2009-4q.asp
20-12-09,NALACHARITHA MELA (Nalacharitham Noonam Divasam - Nalacharitham 3rd Day),Anamangad Temple Hall (Anamangad is between Cherplassery and Perinthalmanna),Malappuram,Kerala,India,"S/Shri Kala.Manoj, Peesapalli Rajeevan, Kala.Shanmugan, Kala.Harinarayanan etc. Vocal: Nedumpalli Raman & Vengeri Narayanan. Chenda: Sadanam Ramakrishnan, Kala.Nandakumar etc. Maddalam: Sadanam Barath",Anamangad Kathakali Club,Anamangad Kathakali Club,archive2009-4q.asp
20-12-09,Kuchella Vrittam,Ernakulam Durbar hall 7:00 pm,Ernakulam,Kerala,India,"Krishna: Kala. Balasubramanian, Kuchella: Nelliyod Vasudevan Namboothiri, Rukmini: RLV Radhakrishnan",,Hari Bala-Simcoe,archive2009-4q.asp
20-12-09,Kuchella Vrittam,Ernakulam,Ernakulam,Kerala,India,"Kala. Gopi, RLV Radhakrishnan",,Hari the Midget,archive2009-4q.asp
19-12-09,Devayani Cheritham,Palakkad,Palakkad,Kerala,India,"Kala. Balasubramanian, Kala. Vijayan",,Hari Bala-Simcoe,archive2009-4q.asp
19-12-09,Devayani Cheritham,Palakkad,Palakkad,Kerala,India,"Kala. Balasubramanian, Kala. Vijayan, Pattu: Pathiyoor Shankarankutty",,Hari Bala-Simcoe,archive2009-4q.asp
19-12-09,soon,Sree Krishnapuram,,Kerala,India,"Madavoor Vasudevan Nair, Vellinezhi Haridas, Kala. Pradeep, Kalanilayam Madhumohan,",,Hari the Midget,archive2009-4q.asp
19-12-09,Bharathantham,"Sopanam Auditorium, Kollam",Kollam,Kerala,India,"Thonakkal Peethambaran, Oyoor Ramachandran, Kala. Manoj, Kala. Myannad Rajeev, Kala. Prasanth, Kala. Anilkumar, Pattu: Kala. Surendran, Kalavedi Suresh, Parimanam Madhu, Chenda: Kala. Narayanan Namboo",Thonakkal Peethambaran's 70th Birthday celebration,Jaya Parithamma Mohanan,archive2009-4q.asp
19-12-09,NALACHARITHA MELA (Nalacharitham Randam Divasam - Nalacharitham 2nd Day),Anamangad Temple Hall (Anamangad is between Cherplassery and Perinthalmanna),Malappuram,Kerala,India,"S/Shri Kala.Soman, Kala.Vijayakumar (Chambakkara), Kala.Harinarayanan, Kala.Hari R. Nair etc. Vocal: Kala.Mohana Krishnan, Nedumpalli Raman & Vengeri Narayanan. Chenda: Sadanam Ramakrishnan, Kala.Nand",Anamangad Kathakali Club,Anamangad Kathakali Club,archive2009-4q.asp
18-12-09,NALACHARITHA MELA (Nalacharitham Onnam Divasam - Nalacharitham 1st Day),Anamangad Temple Hall (Anamangad is between Cherplassery and Perinthalmanna),Malappuram,Kerala,India,"S/Shri Kala.Pradeep, Sadanam Bhasi, Haripriya Namboothiri etc. Vocal: Nedumpalli Raman & Vengeri Narayanan. Chenda: Sadanam Ramakrishnan, Kala.Nandakumar etc. Maddalam: Sadanam Baratharajan, Kala.Hari",Anamangad Kathakali Club,Anamangad Kathakali Club,archive2009-4q.asp
18-12-09,Thorana Yuddham,"on 6.45 p.m. at Shree Swathi Thirunal Sangeetha College, Thycaud, Trivandrum",Trivandrum,Kerala,India,"Hanuman-Ratheesan, Lanka-Lakshmi: Murali, Ravanan-Attingal Peethambaran. Vocal: Nandakumar & Damu. Chenda: Venugopal. Maddalam: Raveendran. Chutti: Somadass, Raveendran Pillai, Sreekumar. Avatharanam:",http://www.sooryaindia.com/filmfest23.html,Radhakrishnan Kanjangad,archive2009-4q.asp
18-12-09,"Daksha Yaga, Kalyanasaugandhikam",Chakulathukavu,Alleppey,Kerala,India,"Daksha: FACT Mohan, Sathi: Mathoor Govindankutty, Shiva: Kalabharathi Harikumar, Veerabhadra: Thiruvalla Babu, Bhadrakali: Kalanilayam Karunakara Kurup, Hanuman: Talavadi Aravindan, Bheema: FACT Padma",Thiruvalla Radhakrishnan,Hari Bala-Simcoe,archive2009-4q.asp
18-12-09,Keechaka Vadham,Mulakura Ernakulam,Ernakulam,Kerala,India,"Keechaka: Sadanam Krishnankutty, Syrandri: RLV Radhakrishnan, Pattu: Kala. Rajendran, Kalanilayam Rajeev, Chenda: Kala. Raman Namboothiri, Maddalam: Kala. Shankara Warrier",,Hari the Midget,archive2009-4q.asp
16-12-09,Ravana Vijayam (Rambha Pravesam),"on 6.45 p.m. at Shree Swathi Thirunal Sangeetha College, Thycaud, Trivandrum",Trivandrum,Kerala,India,"Ravanan-Injakkattu Ramachandran Pillai, Rambha-Vijaya Kumar, Doothan-Balasubramonian, Vocal: Krishnan Kutty, Damu, Nandakumar. Chenda: Krishnadass. Maddalam: Rathnakaran. Chutti: Somadass, Raveendran ",http://www.sooryaindia.com/filmfest23.html,Radhakrishnan Kanjangad,archive2009-4q.asp
15-12-09,Duryodhanavadham,Airoli Ayyappa Kshethram,Mumbai,Maharashtra,India,"Kal.C.Gopalakrishnan, Kal Kuttikrishnan, Priya Namboodiri, Renjish Rajan, Sneha.",Airoli Ayyappa Ksehthram,Priya,archive2009-4q.asp
14-12-09,Nalacharitham Naalam Divasam (Nalacharitham 4th Day),"on 6.45 p.m. at Shree Swathi Thirunal Sangeetha College, Thycaud, Trivandrum",Trivandrum,Kerala,India,"Bahukan-Injakkattu Ramachandran Pillai, Damayanthi-Vijaya Kumar, Kesini-Harivalsan, Vocal: Krishnan Kutty, Damu, Nandakumar. Chenda: Krishnadass. Maddalam: Rathnakaran. Chutti: Somadass, Raveendran Pi",http://www.sooryaindia.com/filmfest23.html,Radhakrishnan Kanjangad,archive2009-4q.asp
14-12-09,"Kuchella Vrittam, Santhana Gopalam",Sri Vallabha Kshetram Thiruvalla,Alleppey,Kerala,India,Sri Vallabha troup,Thiruvalla Radhakrishnan,Hari Bala-Simcoe,archive2009-4q.asp
13-12-09,Usha chithralekha,Ayodhya Auditorium.Payyannoor. 6 pm,Kannur,Kerala,India,"Margi Vijayakumar, champakkara Vijayan, Kottakkal Madhu, Kala.Rajnarayan etc",Payyannor kathakaliarangu,P.Pavithran,archive2009-4q.asp
13-12-09,Seethaswayamvaram,Kalikkotta Palace. Tripunithura.,Ernakulam.,Kerala,India,"Parasuraman:KottakkalKesavan,SreeRaman:R.L.V.Radhakrishnan etc....Chenda:Kala:Krishnadas,GopikrishnanThampuran,Maddalam:Kala:Kuttinarayanan,Kala:Vineeth etc.......",Tripunithura Kathakali Club.,Gauthami.,archive2009-4q.asp
12-12-09,RAAVANAPUTHRI,"Kalanilayam Hall , Irinjalakuda 6pm",Thrissur,Kerala,India,"Klm.Soman, Klm.Mukundan,Klm.Sucheendranathan,Haripriya Namboothiri,Bagio, Ktl.Madhu,Netumpally Rammohan,Klm.Nandakumar,Klm.Venu","KATHAKALI CLUB,IRINJALAKUDA 9249800700",M.K.ANIYAN,archive2009-4q.asp
12-12-09,Rukmini Swayamvaram,Sri Vallabha Kshetram Thiruvalla,Alleppey,Kerala,India,"Sundara Brahmana: Mathoor Govindankutty, Sri Vallabha troup",Thiruvalla Radhakrishnan,Hari the Midget,archive2009-4q.asp
12-12-09,"Karna Shapadam, Keechaka Vadham, Daksha Yagam",Pudalkavu,,Kerala,India,"Sadanam Krishnankutty, Kalanilayam Gopinathan, Kala. Pradeep, Kalanilayam Madhumohan, Panamatta Soman, Vellinezhi Haridas, Kottakkal Devadas, Pattu: Palanad Divakaran, Kala. RamMohan, Chenda: Kala. Na",,,archive2009-4q.asp
12-12-09,"Kuchella Vrittam, Santhana Gopalam",Sri Vallabha Kshetram Thiruvalla,Alleppey,Kerala,India,Sri Vallabha Troup,Thiruvalla Radhakrishnan,Hari Bala-Simcoe,archive2009-4q.asp
12-12-09,Seetha Swayamvaram,"on 6.45 p.m. at Shree Swathi Thirunal Sangeetha College, Thycaud, Trivandrum",Trivandrum,Kerala,India,"Parasuraman-Ratheesan, Sree Raman-Ravi Kumar, Seetha-Sukumaran, Lakshmanan-Balasubramonian. Vocal: Damu & Mohanan. Chenda: Venugopal. Maddalam: Raveendran. Chutti: Somadass, Raveendran Pillai, Sreekum",SOORYA Kathakali Festival,Radhakrishnan Kanjangad,archive2009-4q.asp
12-12-09,Karna Shapadam,Cherthala,Ernakulam,Kerala,India,"Kala. Sreekumar, Kudamaloor Muralikrishnan, Chenda: Kala. Sreekanth Varma",,Hari Bala-Simcoe,archive2009-4q.asp
11-12-09,Santhanagopalam,"Kaithapram, Pilathara, Payyannoor, 5.30pm",Kannur,Kerala,India,"Sadanam Balakrishnan, Kala.Balasubramanian, Kala.Shanmughan, Kalanilayam Unnikrishnan, Kala.Babu Namboodiri etc",,P.Pavithran,archive2009-4q.asp
11-12-09,Rugmangadacharitham,Ernakulam,Ernakulam,Kerala,India,"Rugmangada: Thonnakkal Peethambaran, Mohini: Margi Vijayakumar, Brahmin: Damodara Pisharody, Thripunithura Ratheesh, Dharmangada: RLV Pramod, Sandhyavali: Thripunithura Ratheesh, Vishnu: Kumari Ponnu,",www.kalyanakrishna.org,Hari Bala-Simcoe,archive2009-4q.asp
09-12-09,"Daksha Yaga, Duryodhana Vadham, Kiratham",Payyanur,Kannur,Kerala,India,"Daksha: Kala. Vasu Pisharody, Vedavali: Kala. Anilkumar, Sathi: Kala. Shanmugan, Shiva: Kudamaloor Muralikrishnan, Krishna: Kala. K.G. Vasudevan, Panchali: Kala. Suchindran, Duryodhana: Kala. Ravikuma",,Babu,archive2009-4q.asp
08-12-09,Seethaswayamvaram,"Trippulikkal Mahadeva Temple,Vellinezhi",Palakkad,Kerala,India,"Ko Nandakumaran Nair(Parasuraman),Kala Ramakrishnan,TruppayyaPeethambaran,TruppayyaAjith,Janabheri Adarsh Vocal: Kala Mohanakrishnan & Vellinezhi Achuthan kutty Chenda: Kala Vijayakrishnan & Krishnapr","Janabheri Kathakali Vidyalayam, 9447995636",Vellinezhi Achuthan kutty,archive2009-4q.asp
08-12-09,Sita Swayamvaram,Vellinezhi,Palakkad,Kerala,India,"Kottakkal Nandakumar, Kala. Ramakrishnan, Pattu: Kala. Mohanakrishnan, Vellinezhi Achuthankutty, Chenda: Kala. Vijayakrishnan, Kala. Krishnapraveen Poduval, Maddalam: Kala. Aneesh",,Hari the Midget,archive2009-4q.asp
07-12-09,Keechaka Vadham,Chengannaserry,Alleppey,Kerala,India,"Madavoor Vasudevan Nair, Mathoor Govindankutty, Cheriyankeer Murugan, Pattu: Kala. Balachandran, Kalanilayam Sinu, Chenda: Ayamkudi Unnikrishnan, Maddalam: Kalabharathi Jayashankar",,Hari Balachandran,archive2009-4q.asp
06-12-09,RUKMINISWAYAMVARAM,ChottathHouse Vadakkummuri Pattambi -630 PM Chottath house,Palakkad,Kerala,India,VESHAM KalamandalamGuruvayoorHaridasan Kala Kuttikrishnan Kala Mukundan Pattu Kala Mohanakrishnan VellinezhiAchuthankutty Chenda KalaVijayakrishnan Maddalam KalaAneesh ChuttyKalanilayamRajeev Koppu Ka,KalaGuruvayoorHaridasan 0488 4235565,ChottathChandrankutty,archive2009-4q.asp
06-12-09,"Prappadu,Melappadam,Durodhanavadham(Sampoornam)","Vaikom mahadeva temple,Vaikom,11pm",Kottayam,Kerala,India,"Vesham-Kumari Chithra Menon(purappad),Thottakam Aniraj(purappad&Nakulan),Master Harigovind(purappad&Sahadevan),Kumari Ramyakrishnan(Purappad),Kala:Srekumar(durodhanan),Kalabhavanam Gireesh(Bhanumathi&","Kerala Kathakali Senter, Fortkochi","Mani, vathukkodam",archive2009-4q.asp
06-12-09,Santhanagopalam,Sreekrishna Swamy Temple Ambalappuzha,Alappuzha,Kerala,India,"Kalamandalam Shanmughan,Kalamandalam Vijayakumar,Kalanilayam Vinod,Kalamandalam Arun Kumar Pattu: Pathiyoor Sankarankutty ,Kalamandalam Jayaprakash Chenda:Kalamandalam Sreekanth Varma,Kalanilayam Rath",Sandarsan Kathakali Vidyalayam,Kalamandalam Sreekanth Varma,archive2009-4q.asp
05-12-09,Nalacharitham 4th Day &Kalyanasougandhikam Cholliyattam,SD College Alappuzha Morning 9.30,Alappuzha,Kerala,India,"Kalamandalam Shanmughan,Kalamandalam Vijayakumar,Kalanilayam Vinod Pattu:Pathiyoor Sankarankutty,Kalamandalam Jayaprakash Chenda:kalamandalam Sreekanth Varma Maddalam :Kalanilayam Manoj Presentation;S",Malayalam Department SD College Alappuzha,Kalamandalam Sreekanth Varma,archive2009-4q.asp
05-12-09,"Subhadraharanam, Kiratham","Vaikom mahadeva temple,Vaikom",Kottayam,Kerala,India,"Vesham-Master Harikrishnan(purappadu&Sivan),Kumari Sivalkshmi(Purappadu&Parvathi),Sadanam Vijayan(Krishnan),Kalabhavanam Umesha(Indran),Kala:Gopi(arjunan),Kala:Vijayan(Subhadra),Kala:jayaprakash naray","Kerala Kathakali Senter, Fortkochi","Mani, vathukkodam",archive2009-4q.asp
05-12-09,Nalacharitham 3,Kudamaloor,Kottayam,Kerala,India,"Kottayam Ramakrishna, Kala. Bhagyanathan, Pattu: Kala. Balachandran, Kalanilayam Sinu, Chenda: Kuroor Vasudevan Namboothiri, Maddalam: Kalanilayam Manoj",,Hari Bala-Simcoe,archive2009-4q.asp
05-12-09,Nalacheritham 1,Parassinikadavu,Kannur,Kerala,India,"Nala: Sadanam Krishnankutty, Damayanthi: RLV Radhakrishnan",,Hari the Midget,archive2009-4q.asp
04-12-09,Keechakavadham,"Ayappa Temple ,VAshi, Navi Mumbai",Navi Mumbai,Maharashtra,India,"Rammohan,Pradeep(Keechakan).Narayanan",,suhas,archive2009-4q.asp
04-12-09,Karna Shapadam,Ernakulam Kathakali Club,Ernakulam,Kerala,India,"Karna: Kala. Balasubramanian, Kunthi: Margi Vijayakumar, Duryodhana: Kottakkal Kesavan, Bhanumathi: Kala. Shanmugan, Dussassana: Pallipuram Divakaran, Pattu: Kalanilayam Unnikrishnan, Chenda: Kala. Ra",Ernakulam Kathakali Club,Hari Balachandran,archive2009-4q.asp
04-12-09,"Bali Vadham, Karna Shapadam",Ernakulam Kathakali club,Ernakulam,Kerala,India,soon,Ernakulam Kathakali Club,Hari Bala-Simcoe,archive2009-4q.asp
03-12-09,Puthanamoksham & Subadraharanam,"Ayappa Temple ,VAshi, Navi Mumbai",Navimumbai,maharashtra,India,"Pradeep ,Rammohan",,suhas,archive2009-4q.asp
03-12-09,Duryodhana Vadham,Payyanur,Kannur,Kerala,India,"Krishna: Mathoor Govindankutty, Panchali: Kudamaloor Muralikrishnan, Yudhishthira: Kala. Myannad Rajeev, Bheema: Kala. Neeraj, Arjuna: Kala. Kasinathan, Nakula: Kala. Suchindran, Sahadeva: Kala. Arun ",,Babu,archive2009-4q.asp
02-12-09,"Kalyana Saugandhikam, Sita Swayamvaram, Bali Vijayam",Payyanur,Kannur,Kerala,India,"Bheema: Kala. Vasu Pisharody, Hanuman: Kala. MPS Namboothiri, Panchali: Kala. Suchindran, Parasurama: Kala. Krishnakumar, Rama: Kudamaloor Muralikrishnan, Lakshmana: Kala. Arun Ramesh, Sita: Kala. Suc",,Babu,archive2009-4q.asp
01-12-09,Sri Vallabha Charitham,Sri Vallabha Kshetram Thirvualla,Alleppey,Kerala,India,"FACT Mohan, Thiruvalla Babu, Thiruvalla Harikumar, Thiruvalla Sadashivan, Thadayil Unnikrishnan, Kalanilayam Gopalakrishnan, Kala. Ramachandran Unnithan, Cheriyankeer Murugan, Pattu: Kala. Surendran, ",,Hari the Midget,archive2009-4q.asp
01-12-09,"Nalacharitham 3, Nalacharitham 4",Payyanur,Kannur,Kerala,India,"Nala: Kala. Ravikumar, Bahuka: Kala. Krishnakumar, Rithuparna: Kala. Myannad Rajeev, Damayanthi: Kala. Shanmugan, Sudeva: Kala. MPS Namboothiri, Jivalan: Kalanilayam Karunakara Kurup, Varshneyan: Kala",,Babu,archive2009-4q.asp
30-11-09,"Daksha Yagam, Lavanasura Vadham, Subhadraharanam",Payyanur,Kannur,Kerala,India,"Daksha: Kala. Vasu Pisharody, Vedavali: Kudamaloor Muralikrishnan, Sathi: Mathoor Govindankutty, Shiva: Kala. Ravikumar, Brahmin: Kala. Myannad Rajeev, Indra: Kala. Chinosh Balan, Hanuman: Kala. MPS N",,Babu,archive2009-4q.asp
30-11-09,Sandanagopalam,"Udayanapuram Sree Subrahmanyasvami Temple, Vaikom",Kottayam,Kerala,India,"Vesham:R.L.V.Gopi(Brahmanan),Kala:jayaprakash(arjunan),kalabhavanam sunil kumar(krishnan),Kalabhavanam giresh(Brahmana pathni),Kalabhavanam anuraj(Vridha). Pattu:Kala:Babu naboothiri,Kala:hareesh Mana","Kerala Kathakali Senter, Fortkochi","Mani, vathukkodam",archive2009-4q.asp
30-11-09,"Kuchella Vrittam, Santhana Gopalam",Sri Vallabha Kshetram Thiruvalla,Alleppey,Kerala,India,Sri Vallabha troup,Thiruvalla Radhakrishnan,Hari the Midget,archive2009-4q.asp
29-11-09,Santhanagopalam,"Darmasasth Kshethram,Puzhakkal,Thrissur 6-30pm",Thrissur,Kerala,India,"VESHAM:Kottal Nandakumaran Nair,Kala.Ramakrishnan,Kala.Abhimanyu,Thrippayya Peethambaran MUSIC:Nedumpilly Ram Mohan,Puralippuram Lakshmanan Nambhoodiri Chenda:Kala.Vijayakrishnan Madhalam:Kala.Aneesh,",JANABHERI KATHAKALI KENDRAM 9447995636,m.n.vinayakumar,archive2009-4q.asp
29-11-09,Daksha Yagam,"PT Science College, Athwa Lines, Surat",Surat,Gujarat,India,Sadanam Troupe,"Arangu, Surat. 09998963415",VK Satheesan Unni,archive2009-4q.asp
29-11-09,"Kacha Devayani, Sitaswayamvaram",Dubai,Dubai,Dubai,UAE,"Kala. Gopi, Nelliyod Vasudevan Namboothiri, Sadanam Krishnankutty, Sadanam Balakrishnan, Margi Vijayakumar, Sadanam Basi, Pattu: Kottakkal Narayanan, Kala. Jayaprakash, Kala. Vinod, Chenda: Kala. Rama",Dubai Tiranottam,Hari the Midget,archive2009-4q.asp
29-11-09,Ramayanam,Palakkad,Palakkad,Kerala,India,Kottakkal PSV Natyasangam artists,,Hari Bala-Simcoe,archive2009-4q.asp
29-11-09,Santhana Gopalam,"Manavedan Auditorium, Thrissala Bhagavathi temple,Mankave Palace, Calicut",Calicut,Kerala,India,"Brahmin was played by knilayam.vasudevan brahmin's wife was played by kala. jishnu ravi. Kala Sajan as Brahamanan, Sadanam Sadanandan as Krishnan,Kala Pradeep Kumar as Arjunan, Kala Kasinathan as Brah","Sangeetha Sabha, Mankave 9847140063",Vijayarajan T Mankave,archive2009-4q.asp
29-11-09,Purappadu- 2 mudi,"Manavedan Auditorium, Thrissala Bhagavathi temple,Mankave Palace, Calicut",Calicut,Kerala,India,"Master Vaishnav and Master Kashyap, students of Kalamandalam Sajan will perform Purappadu.After watching Santhanagopalam in 2007 in the same venue, these two young students were among the 8 or so youn","Sangeetha Sabha, Mankave 9847140063",Vijayarajan T Mankave,archive2009-4q.asp
29-11-09,"INTERNATIONAL KOOTIYATTOM AND KATHAKALI FESTIVAL,DUBAI 2009 NOVEMBER 26 TO 29","HRH PRINCESS HAYA BLNT AL HUSSEIN THEATRE ( WIS ) , DUBAI",,Kerala,India,"9.30am.:DOUBLE THAAYAMPAKA:Kalloor Ramankutty Marar,Kln.Udayan Namboothiri. 11.30:LECTURE AND DEMONSTRATION ON KOOTOYAATTAM AND KATHAKALI: Venu G and Sdn Balakrishnan.1.30pm:KOOTIYAATTAM:BAALIVADHAM. ",THIRANOTTAM DUBAI 971507760410,M.K.ANIYAN,archive2009-4q.asp
28-11-09,"Kuchella Vrittam, Duryodhana Vadham",Palakkad,Palakkad,Kerala,India,Kottakkal PSV Natyasangam artists,,Hari Bala-Simcoe,archive2009-4q.asp
28-11-09,"INTERNATIONAL KOOTIYAATTAM AND KATHAKALI FESTIVAL,DUBAI 2009 NOVEMBER 26 TO 29","HRH PRINCESS HAYA BLNT AL HUSSEIN THEATRE ( WIS ) , DUBAI",,Kerala,India,"9.30am: THAAYAMPAKA:Kalloor Ramankutty Marar,11.00:LECTURE AND DEMONSTRATION ON KOOTIYAATTAM AND KATHAKALI:Venu G and Sdn Balakrishnan,1.00pm: KOOTIYAATTAM JATAAYUVADHAM.Raavanan:Amnr.Kuttan Chaakyaar",THIRANOTTAM DUBAI 971507760410,M.K.ANIYAN,archive2009-4q.asp
28-11-09,"Rugmangathacharitham, Duryodhanavadham","Kumaranalloor Devi Temple, Kottayam",kottayam,Kerala,India,"VESHAM:Thiruvanchur Subhash(Purapad&Kuttibheman), Kala:Krishnakumar(Rugmangathan), Kalani:Gopalakrishnan(Mohini), Kudamaloor Appukuttan(Brahmanan&Mumukshu), Panamattam Soman(Brahmanan&Sakuni), Kala:Pr","Srgakshethram, Mevelloor","Mani,Vathukkodam",archive2009-4q.asp
28-11-09,DAKSHAYAAGAM ( Utharabhaagam ),"Paaramekkaavu Temple premises , Thrissur 7pm",Thrissur,Kerala,India,"Dakshan : Klm. Sreekumar , Indran : Klm. Chinosh , Nandikeswaran : Klm.Neeraj, Dadheechi : Klm. Vipin , Sivan : Klm. Ravikumar , Sathi : Sdn. Vijayan , Veerabhadran : Pariyanampatta Divakaran , Bhadra","Paaramekkavu Dewaswam & Kathakali Club,TSR",M.K..ANIYAN,archive2009-4q.asp
28-11-09,Nalacheritham 2,Dubai,Dubai,Dubai,UAE,"Kala. Gopi, Nelliyod Vasudevan Namboothiri, Sadanam Krishnankutty, Sadanam Balakrishnan, Margi Vijayakumar, Sadanam Basi, Pattu: Kottakkal Narayanan, Kala. Jayaprakash, Kala. Vinod, Chenda: Kala. Rama",Dubai Tiranottam,Hari the Midget,archive2009-4q.asp
28-11-09,Kuchela Vrittam,"Ayyappa Temple, Pandesara, Surat",Surat,Gujarat,India,Sadanam Troupe,"Arangu, Surat. 09998963415",VK Satheesan Unni,archive2009-4q.asp
28-11-09,"Rukmini Swayamvaram, Nalacahritham 2nd day (Kattalan Damayanthi)","Pallithrikkovil Bhagavathy Temple, Ponnuruni, Vytilla 6.30 PM",Ernakulam,Kerala,India,"Kal Vijayakumar (Rukmini); Kal kesavan namputhiri (sundara Brahmin); Kal Shanmughan (Sri Krishna); KAl Hari R Nair (Kattalan); Kal sucheendranath (Damayanthi) Pathiyoor Sankarankutty, Nedumpilli Rammo",Renjith R 9447161980,Renjith R Ernakulam,archive2009-4q.asp
28-11-09,Nalacharitham 2,Vytilla,Ernakulam,Kerala,India,Kattalan: Kala. Kesavan Namboothiri,,Hareesh P,archive2009-4q.asp
28-11-09,kathakali pda kacheri,"thiruvannur bhagavathy temple,calicut at 7pm",calicut,Kerala,India,sreerag varma and naveen rudran,naveen rudran-9847363928,naveen rudran,archive2009-4q.asp
28-11-09,Dakshayagam (Uthara Bhagam),Inside Paramekkavu Temple 6.00 PM,Thrissur,Kerala,India,"Artist are Dakshan-Kala.Sreekumar,Sivan-Kala. Ravi Kumar,Sathi- Sadanam Vijayan, Veerabhadran-Pariyarmapatta Divakaran and Nandhikeshwaran & Bhadrakali-Kala.Neeraj",Kathakali Club Trichur + Paramekkavu Devaswom,Nikhil,archive2009-4q.asp
27-11-09,Nalacheritham 2,Kudamanaloor Kottayam,Kottayam,Kerala,India,"Nala: Kottakkal Chandrashekara Warrier, Pattu: Pathiyoor Shankarankutty, Kala. Balachandran, Kalanilayam Rajeev, Chenda: Kala. Krishnadas, Maddalam: Kottakkal Ravi",,Hari Bala-Simcoe,archive2009-4q.asp
27-11-09,"Nalacheritham 2, Saryu Pravesham by Kerala Varma",P.S. College Kottayam 11:00 am,Kottayam,Kerala,India,"Nala: Kala. Krishnakumar, Pushkara: FACT Mohan, Damayanthi: Mathoor Govindankutty, Kali: Talavadi Aravindan, Pattu: Palanad Divakaran, Kala. Surendran, Kalanilayam Rajeev, Chenda: Kuroor Vasudevan Nam",,Hari the Midget,archive2009-4q.asp
27-11-09,"Subhadraharanam, Bali Vijayam",Dubai,Dubai,Dubai,UAE,"Kala. Gopi, Nelliyod Vasudevan Namboothiri, Sadanam Krishnankutty, Sadanam Balakrishnan, Margi Vijayakumar, Sadanam Basi, Pattu: Kottakkal Narayanan, Kala. Jayaprakash, Kala. Vinod, Chenda: Kala. Rama",Dubai Tiranottam,Hari the Midget,archive2009-4q.asp
27-11-09,"Othello, Nalacheritham 4, Surya Pravesham by Kerala Varma",Kottayam,Kottayam,Kerala,India,"Othello: FACT Mohan, Kerala Varma troup",,Hari the Midget,archive2009-4q.asp
27-11-09,"Nalacharitham-II, Kiratham","Kumaranalloor Devi Temple, Kottayam",kottayam,Kerala,India,"VESHAM:Thiruvanchur Subhash(Purapad,Indran&Sivan), Abhinav Asok(Purapad), Kotta:Chandrasekhara Varyar(Nalan), Kudamaloor Muralekrishnan(Damayanthi), Kotta:Devadas(Kali), Kalakendram Balu(Dwaparan), Pe","Srgakshethram, Mevelloor","Mani,Vathukkodam",archive2009-4q.asp
27-11-09,"INTERNATIONAL KOOTIYAATTAM AND KATHAKALI FESTIVAL,DUBAI 2009 NOVEMBER 26 TO 29","HRH PRINCESS HAYA BLNT AL HUSSEIN THEATRE ( WIS ) , DUBAI",,DUBAI,UNITED ARAB EMIRATS,"9.3oam :DOUBE KELI,11.00 :CHAAKYAARKOOTHU (HANUMADDOOTHU): Ammannoor Kuttan Chaakyaar,2.30: KATHAKALI: PURAPPATU, MELAPPADAM ,SUBHADRAAHARANAN, BALIVIJAYAM Arjunan:Klm.Gopi,Subhadra:Margi Vijayakumar,",THIRANOTTAM DUBAI 971507760410,M.K.ANIYAN,archive2009-4q.asp
26-11-09,"INTERNATIONAL KOOTIYAATTAM AND KATHAKALI FESTIVAL,DUBAI 2009 NOVEMBER 26 TO 29","HRH PRINCESS HAYA BLNT AL HUSSEIN THEATRE ( WIS ) , DUBAI",,DUBAI,UNITED ARAB EMIRATS,"6pm :MADDALAKELI,6.30 :INAUGURAL CEREMONY,7.oo :NANGYAARKOOTHU(NARASIMHAAVATHAARAM): miss Kapila 9.00 :THAAYAMPAKA : Kalloor Ramankutty Marar.",THIRANOTTAM DUBAI 971507760410,M.K.ANIYAN,archive2009-4q.asp
26-11-09,"Rugmangadacharitham, Duryodhana Vadham, Kiratham",Payyanur,Kannur,Kerala,India,"Kala. Vasu Pisharody, Kala. K.G. Vasudevan, Kala. Harikrishnan Krishnakumar, Kala. Anilkumar, Kala. Suchindran, Kala. Neeraj, Kala. Kasinath, Kala. Chinosh Balan, Kala. Hari Narayanan, Kudamaloor Mura",,Babu,archive2009-4q.asp
26-11-09,"Nalacheritham 1, Kiratham",Karavurchar,,Kerala,India,PSV Natyasangham,,Hari the Midget,archive2009-4q.asp
25-11-09,Daksha Yaga,Kadavalur,TRICHUR,Kerala,India,"Dakshan - Klm.Soman,Sivan - Klm.Pradeep",,Hari Bala-Simcoe,archive2009-4q.asp
25-11-09,NARAKASURAVADHAM(Ninathotukooti),"Sree Subrahmaniaswami Kshethram, Kuzhur 6.30pm",Thrissur,Kerala,India,"Nakrathundi:Ktl.Devadasan, Lalitha:Kln.Gopalakrishnan, Narakasuran: Ktl.Kesavan, Devasthree & Narakasurapathni:Klm. Sucheendranathan ,Jayanthan & Indran: Kln.Vinodkumar, Samgeetham: Palanad Divakaran,",Utsavaghosham 09495333046 ( Anil P.Menon ),M.K.ANIYAN,archive2009-4q.asp
25-11-09,soon,Alway,,Kerala,India,"Chenda: Kala. Krishnadas, etc",,Babu,archive2009-4q.asp
24-11-09,Kiratham,Payyanur,Kannur,Kerala,India,"Arjuna: Kala. Krishnakumar, Kattalan: Kala. Vasu Pisharody, Kattalastree: Mathoor Govindankutty, Shiva: Kalanilayam Karunakara Kurup, Parvathi: Kala. Myannad Rajeev, Pattu: Kala. Gangadharan, Kala. De",,Babu,archive2009-4q.asp
23-11-09,Poothana Mooksham,Trivandrum,Thiruvananthapuram,Kerala,India,"Inchakkad Ramachandran PIllai, Mathoor Govindankutty, Margi Suresh, Kala. Vijayakumar, Pattu: Thiruvalla Gopikuttan Nair, Kalanilayam Rajeev, Chenda: Ayamkudi Unnikrishnan, Maddalam: Kalanilayam Manoj",,Babu,archive2009-4q.asp
22-11-09,Narakasuravadham,Trivandrum,Thiruvananthapuram,Kerala,India,"Narakasura: Kala. Krishnakumar, Kala. Mukundan, Kala. Prasanth, Madhu Varanasi, Pattu: Pathiyoor Shankarankutty, Kala. Hareesh, Chenda: Kala. Krishnadas, Kala. Sreekanth Varma, Maddalam: Kalanilayam M",,Babu,archive2009-4q.asp
22-11-09,Duryodhana Vadham,Paliyoor,,Kerala,India,PSV Natya Sangham,,Hari Bala-Simcoe,archive2009-4q.asp
22-11-09,"Rukmini Swayamvaram, Kiratham",Thripunithura Temple 12 midnight,Ernakulam,Kerala,India,"sadanam vijayan, rlv sasikumar, kalani sasi, sreekanth sarma, pattu nn kolathapilli,manoj pullur, kala vasudevan, chenda sadanam divakaran, kalani ratheesh,sadanam rajeesh, maddalam rlv damodaran namb",poornathrayeesha seva sangham,Hari the Midget,archive2009-4q.asp
22-11-09,KALAMANDALAM NEELAKANDTAN NAMBEESAN ANUSMARANAM,"SAMOOHAMANDAPAM, PERUMBAVOOR",Ernakulam,Kerala,India,"10am:INAUGURATION continued by PUSHPARCHANA.10.30:KALARIYUTE ORMAYIL...... (THOTAYAM,PURAPPATU & MELAPPADAM CHOLLIYATTAM): Arun Ganesh & Chinosh Balan THOTAYAM: Samgeetham: Klm.Narayanan Embranthiri,K",NAMBEESAN ANUSMARANASAMITHI,M.K.ANIYAN,archive2009-4q.asp
21-11-09,"SanthanaGopalam, Dakshayagam 12 midnight","Poornathreysha Temple, Tripunithura",Ernakulam,Kerala,India,"Geetha Ramesh,Renjini Suresh, suma varma, Gayathri, Premila Vijayan, Radhika Ajayan,Parvathi U Menon, Aarcha Gowri Varma, Subhadra Varma,shyama, pattu kala gopalakrishnan, kala rajesh babu, Kumari Var",poornathrayeesha seva sangham,Parvathi U Menon,archive2009-4q.asp
21-11-09,Duryodhana Vadham,near Vaikom,Ernakulam,Kerala,India,"Duryodhana: Kottakkal Chandrasekaran, Dusassana: Kottakkal Devadas, Roudra Bheema: Sadanam Krishnankutty, Panchali: Margi Vijayakumar, Krishna: Mathoor Govindankutty, Muralikrishnan, Pattu: Pathiyoor ",,Hari the Midget,archive2009-4q.asp
21-11-09,Kirmeera Vadham,Trivandrum,Thiruvananthapuram,Kerala,India,"Nelliyod Vasudevan Namboothiri, Kala. Rajashekaran, Kala. Vaishak, Margi Balasubramanian, Kalanilayam Ravindranath Pai, Pattu: Kala. Jayaprakash, Kala. Vinod, Margi Somadas, Margi Venugopal, Maddalam:",,Babu,archive2009-4q.asp
20-11-09,Kalakeya Vadham,Trivandrum,Thiruvananthapuram,Kerala,India,"Sadanam Krishnankutty, Margi Vijayakumar, Margi Sukumaran, Kalanilayam Vinod, Margi Ravikumar, Kala. Sudeep,Kalanilayam Ravindranath Pai, Pattu: Kottakkal Narayanan, Kottakkal Nandakumaran, Kalanilaya",,Babu,archive2009-4q.asp
20-11-09,"Kalyana Sougandhikam , Duryodanavadam",Thripunithura Temple,Ernakulam,Kerala,India,"Kala. Sreekumar, Kottakkal Kesavan, biju baskar, kala haridas, rlv gopi, kala e vasudevan, rlv rajasekharan, rlv sunil, chengarapilli anujan, pattu kala gopalakrishnan, vijaya varma, kala rajesh babu,",poornathrayeesha seva sangham,Hari the Midget,archive2009-4q.asp
20-11-09,Duryodhana Vadham,Payyanur,Kannur,Kerala,India,"Kala. Krishnakumar, Kala. Ravikumar, Kala. Anilkumar, Kala. Prasanth, Kala. Shanmugan, Kala. Suchindran, Kala. Kasinathan, Kala. Arun Ramesh, Kala. Chinosh Balan, Mathoor Govindankutty, Kala. Myannad ",,Babu,archive2009-4q.asp
20-11-09,Nizhal Kuttu,Ernakulam Kathakali Club,Ernakulam,Kerala,India,"Margi troup, Inchakkad Ramachandran Pillai, Margi Vijayakumar, Pattu: Kala. Rajendran, Margi Damu, Kala. Krishnankutty, Chenda: Sadanam Ramakrishnan",,Hari Bala-Simcoe,archive2009-4q.asp
19-11-09,Nizhal Kuttu,Palakkad,Palakkad,Kerala,India,"Duryodhana: Kala. Soman, Doothan: Sadanam Sadanandan, Trigarthan: Pariyanampatta Divakaran, Malayan: Kala. Pradeep, Malayathi: Kala. Haridas, Krishna: Gopika, Pattu: Kala. Mohanakrishnan, Kala. Shivad",,Hari the Midget,archive2009-4q.asp
19-11-09,Karnasapadham,"7.00 p.m. at Arpukkara Subramonya Swami Temple, Kottayam",Kottayam,Kerala,India,"Duryodhanan:Kala.Bhagyanath; Bhanumathi:Kala.Hareesh; Dussasanan: Balu Nair, Karnan:Kala.Prasanth; Kunthi Devi:Kala.Vijayakumar. Vocal: Kala.Gopalakrishnan. Chenda: Kidangoor Rajesh, Maddalam: Kottakk","Arpukkara Subramonya Swami Temple, Kottayam",Balu Nair,archive2009-4q.asp
19-11-09,Nalacharitham 4,Thripunithura Temple,Ernakulam,Kerala,India,"Kala. Vasu Pisharody, Margi Vijayakumar, sadanam vijayan,pariyanampatta divakaran, kala radhakrishnan,kala ramachandran unnithan,rlv akhil, sreekanth sarma, pattu kalani unnikrishnan,kalani rajeevan,k",poornathrayeesha seva sangham,Hari the Midget,archive2009-4q.asp
19-11-09,Baka Vadham,Trivandrum,Thiruvananthapuram,Kerala,India,"Kala. Balasubramanian, Kala. Shanmugan, Margi Suresh, Margi Ravindranath, Kala. Myannad Rajeev, Pattu: Kala. Babu Namboothiri, Kalanilayam Babu, Chenda: Kala. Varanasi Narayanan, Maddalam: Margi Naray",,Babu,archive2009-4q.asp
19-11-09,Arjuna Vishada Vrittam,"Viswambhara atemple, Kottack al 7.30 PM",Malappuram,Kerala,India,Kottackal Chandrasekhara Varrier,"Arangu, Kottackal",Annan,archive2009-4q.asp
18-11-09,Khara Vadham,Trivandrum,Thiruvananthapuram,Kerala,India,"Kottakkal Ravikumar, Thonnakal Peethambaran, Margi Vijayakumar, Margi Murali, Pattu: Kala. Krishnankutty, Margi Damu, Chenda: Margi Mohan, Margi Venugopal, Maddalam: Margi Ravi, Eddakka. Kalanilayam K",,Hari Bala-Simcoe,archive2009-4q.asp
18-11-09,Nalacharitham 3,Thripunithura Temple 12.0 midnight,Ernakulam,Kerala,India,"Kala. Krishnakumar, FACT Padmanabhan, Kottakkal Chandrashekara Warrier , rlv rangan, kala pramod, rlv akhil, rlv radhakrishnan, rlv sunil, pattu palanad divakaran, kottakkal madhu, kala jayaprakash, k",poornathrayeesha seva sangham,Hari the Midget,archive2009-4q.asp
18-11-09,Nalacheritham 3,Thripunithura Temple,Ernakulam,Kerala,India,Damayanthi: RLV Radhakrishnan,,Hari the Midget,archive2009-4q.asp
18-11-09,'Lalitha' (Sthree Vesham) of all the Kathakali Attakathas (From 18.11.2009 to 23.11.2009),"6.00 p.m. at Sree Karthika Thirunal Theatre or Theerthapada Mandapam,Trivandrum",Trivandrum,Kerala,India,"This year's ""Kerala Natyolsavam"" of Drisyavedi will be celebrated from 18.11.2009 to 23.11.2009 (six days). This year's importance will be given to the 'Lalitha' (Stree Vesham) Character in Khara vadh","DRISHYAVEDI, Trivandrum",Radhakrishnan Kanjangad,archive2009-4q.asp
17-11-09,Nalacharitham 2,Thripunithura Temple 12 midnight,Ernakulam,Kerala,India,"Sadanam Krishnankutty, Chambakkara Vijayan, Nelliyod Vasudevan Namboothiri, Kala. Pradeep, More details_ Dwaparan & pakshi-rlv:sunil, indran-rlv: pallipuram sunil, pushkaran-kala:shanmukhan pattu-kott",thripunithura kathakalikendram & sreepurnathrayesa,Hari the Midget,archive2009-4q.asp
17-11-09,Subhadraharanam (Balabhadran & Krishnan),"Thekkekkavu,Chunangad,Ottapalam",Palakkad,Kerala,India,"Kalanilayam Mohanan Varier, Kala.Narayankutty, Kalluvazhi Gopi. Vocal: Vellinezhi Achuthankutty & Sadanam Jyothishbabu Chenda: Sa Ramakrishnan",Vellinezhi Nanunair Smaraka Kalakendram. 0466-2285,Vellinezhi Achuthankutty,archive2009-4q.asp
17-11-09,Nalacheritham 2,Thripunithura Temple,Ernakulam,Kerala,India,"Nala: Sadanam Krishnankutty, Damayanthi: Chambakara Vijayan, Kali: Nelliyod Vasudevan Namboothiri, Kattalan: Kala. Pradeep, Pushkaran - Klm.Shanmugan,Dwaparamn Rlv Sunilkumar Pattu: Kottakkal Narayana",,Hareesh,archive2009-4q.asp
16-11-09,"Baka Vadham, Kalyana Saugandhikam, Rukmini Swayamvaram",Pattanamthitta,Pattanamthitta,Kerala,India,"Kala. Kesavan Namboothiri, Pattu: Mangalam Narayanan Namboothiri, Chenda: Kalabharathi Peethambaran, Maddalam: Kalabharathi Jayashankar",Kathakali Youth competition,Kesavan Namboothiri,archive2009-4q.asp
16-11-09,Nalacheritham 1,Thripunithura Temple,Ernakulam,Kerala,India,"Nala: Kala. Gopi, Damayanthi: RLV Radhakrishnan, Hamsam: FACT Padmanabhan, RLV Damodara Pisharody, TPN Ratheesh, TPN Ranjith, Kala Sreekumar, kala. rajeevan, Pallipuram sunil, rlv akhil, kala pramod, ",poornathrayeesha seva sangham,Hari the Midget,archive2009-4q.asp
16-11-09,Kalakeyavadham(Porinuvili vare),Sreekrishna Swamy Temple Ambalappuzha,Alappuzha,Kerala,India,"Kalamandalam Shanmughan,Kalamandalam Vijayakumar,Kalanilayam Vinod,Kalamandalam Arun Pattu:Pathiyoor Sankaran Kutty,Kalamandalam Jayaprakash Chenda:Kalamandalam Sreekanth Varma,Kalanilayam Ratheesh Ma",Sandarsan Kathakali Vidyalayam,Kalamandalam Sreekanth Varma,archive2009-4q.asp
15-11-09,Santhana Gopalam,Sri Vallabha Kshetram Thiruvalla,Alleppey,Kerala,India,"Sri Vallabha troup, Thonnakkal Peethambaran, Mathoor Govindankutty, Pattu: Kala. Balachandran",Thiruvalla Radhakrishnan,Hari Bala-Simcoe,archive2009-4q.asp
15-11-09,Santhana Gopalam,Sri Vallabha Kshetram Thiruvalla,Alleppey,Kerala,India,"Sri Vallabha troup, Mathoor Govindankutty",Thiruvalla Radhakrishnan,Hari Bala-Simcoe,archive2009-4q.asp
15-11-09,"Gitopadesham, Santhana Gopalam",Aranmula Parthasarathy Temple 6:30 pm,Pattanamthitta,Kerala,India,"Kala. Kesavan Namboothiri, FACT Mohan, FACT Jayadev Varma, Kalanilayam Vinod, Kala. Madhavan Namboothiri, Thiruvalla Sadashivan, Kala. Prasanth, Pattu: Kala. Surendran, Kalavedi Suresh, Parimanam Madh",Kesavan Namboothiri,Hari the Midget,archive2009-4q.asp
15-11-09,"Gitopadesham, Santhana Gopalam",Aranmula Parthasarathy Temple,Pattanamthitta,Kerala,India,"Krishna: Thiruvalla Harikumar, Arjuna: Kala. Prasanth, 2nd story: Brahmana: Kala. Kesavan Namboothiri, Arjuna: FACT Mohan, Krishna: FACT Jayadev Varma, Brahmana patni: Thiruvalla Madhavan Namboothiri,","Njan thane, Kesavan Namboothiri",Kesavan Namboothiri,archive2009-4q.asp
15-11-09,Santhana Gopalam,Sri Vallabha Ksteram Thiruvalla,Alleppey,Kerala,India,Sri Vallabha troup,,Hari Bala-Simcoe,archive2009-4q.asp
15-11-09,Kalakeya Vadham,Ambalapuzha,Alleppey,Kerala,India,"Kala. Shanmugan, Kalanilaym Vinod, Kala. Vijayakumar, etc, Pattu: Pathiyoor Shankarankutty, Kala. Jayaprakash, Chenda: Kala. Sreekanth Varma, Maddalam: Kalanilayam Manoj",,Hari Bala-Simcoe,archive2009-4q.asp
15-11-09,Santhanagopalam,Sri Vallabha Kshetram Thiruvalla,Alleppey,Kerala,India,"Mathoor Govindankutty, Thonnakal Peethambaran, Thalavadi Aravindan, Kalakendram Murali Namboothiri, Thiruvalla Babu, Thiruvalla Sadashivan, Kala. Pradeep, Kalanilayam Karunakara Kurup, Kalanilayam Rav",Thiruvalla Radhakrishnan,Parithamma,archive2009-4q.asp
14-11-09,Kiratham,Manarpali,,Kerala,India,"Kala. Sreekumar, Chenda: Kala. Sreekanth Varma",,Hari Bala-Simcoe,archive2009-4q.asp
14-11-09,Ravana Vijayam,Thonnakkal,Thiruvananthapuram,Kerala,India,"Madavoor Vasudevan Nair, Margi Vijayakumar, Pattu: Pathiyoor Shankarankutty, Kala. Vinod",,Hari Bala-Simcoe,archive2009-4q.asp
13-11-09,"Poothana Mooksham, Kalyana Saugandhikam, Bali Vijayam, Kiratham",Payyannur,Kannur,Kerala,India,"Poothana: Kala. K.G. Vasudevan, Bheema: Kala. Krishnakumar, Hanuman: Kala. Balasubramanian, Panchali: Kala. Suchindran, Bali: Kala. Hari R. Nair, Narada: Mathoor Govindankutty, Ravana: Kala. Ravikumar",,Babu,archive2009-4q.asp
13-11-09,"Poothana Mooksham, Sita Swayamvaram, Ambareesha Charitham, Gitopadesham, Prahalada Cheritham",Sri Vallabha Kshetram Thiruvalla,Alleppey,Kerala,India,"Poothana: Oyoor Ramachandran, Parasurama: FACT Mohan, Rama: Kalanilayam Vinod, Sita: Thiruvalla Sadashivan, Dasharatha: Thiruvalla Babu, Lakshmana: Thiruvalla Harikumar, Ambareesha: Kottakkal Chandras",Thiruvalla Radhakrishnan,"Hari the Midget,",archive2009-4q.asp
13-11-09,Banayudham(Usha Chitralekha),"Changampuzha Park, Edapally",Ernakulam,Kerala,India,"Kal Sankaran Embranthiri Anusmarana Dinam. KALAMNDALAM SANKARAN EMBRANTHIRI AWARD to be presented to KALAMANDALAM BABU NAMBODIRI, Kathkali Musician, followed by the play Margi Vijayakumar(Chitralekha)",Edapally Kathakali Aswadaka Sadas,Renjith R,archive2009-4q.asp
12-11-09,"Nalacheritham 3, Nalacheritham 4, Kuchella Vrittam",Payyannur,Kannur,Kerala,India,"Nala: Kala. Krishnakumar, Bahuka: Kala. Balasubramanian, Sudeva: Kala. MPS Namboothiri, Damayanthi: Kala. Shanmugan, Jivalan: Kalanilayam Karunakara Kurup, Varshneyan: Kaddappara Chellapan Pillai, Kar",,Babu,archive2009-4q.asp
12-11-09,"Kuchella Vrittam, Santhana Gopalam",Sri Vallabha Ksteram Thiruvalla,Alleppey,Kerala,India,Sri Vallabha troup,,Hari Bala-Simcoe,archive2009-4q.asp
11-11-09,Duryodhana Vadham,Payyanur,Kannur,Kerala,India,"Yudhishthira: Kala. Mukundan, Bheema: Kala. Chinosh Balan, Arjuna: Kala. Neeraj, Nakula: Kala. Suchindran, Sahadeva: Kala. Arun Ramesh, Krishna: Kala. Hari Narayanan, Panchali: Kudamaloor Muralikrishn",,Babu,archive2009-4q.asp
10-11-09,"Nalacheritham 2, Bali Vijayam",Payyanur,Kannur,Kerala,India,"Nala: Kala. Vasu Pisharody, Damayanthi: Kala. K.G. Vasudevan, Pushkara: Kala. Krishnakumar, Kali: Kala. Hari R. Nair, Dwaparan: Kalanilayam Karunakara Kurup, Kattalan: Kala. MPS Namboothiri, Bali: Kav",,Babu,archive2009-4q.asp
10-11-09,Karthikeya Vijayam,Trivandrum,Thiruvananthapuram,Kerala,India,"FACT Mohan, Pattu: Kala. Surendran",,Hari Bala-Simcoe,archive2009-4q.asp
09-11-09,Harishchandra Cheritham,Kerala Kalamandalam,Thrissur,Kerala,India,"Kalamandalam artists, Pattu: Pathiyoor Shankarankutty etc",,Hari the Midget,archive2009-4q.asp
08-11-09,Rugminiswayamvaram,"Ayodhya auditorium, Payyannoor, 5 pm",Kannoor,Kerala,India,"Kala.Kesavan Namboodiri, Kala.Manoj, Champakkara Vijayan, Kala.GopalaKrishnan, kala.Nandakumar, Kala.Rajanarayanan",Payyannoor Kathakaliyarangu,Dr.Pavithran,archive2009-4q.asp
08-11-09,Kalyana Saugandhikam,Payyanur,Kannur,Kerala,India,"Bheema: Kala. Krishnakumar, Hanuman: Kala. MPS Namboothiri, Panchali: Kala. Suchindran, Pattu: Kala. Vinod, Kala. RamMohan, Chenda: Ayamkudi Unnikrishnan, Maddalam: Kala. Narayana Nair, Chutti: Neelam",,Babu,archive2009-4q.asp
08-11-09,"Kacha Devayani, soon",Manarshala,,Kerala,India,"Kala. Gopi, Margi Vijayakumar, Sadanam Krishnankutty, Pattu: Pathiyoor Shankarankutty, Kala. Babu Namboothiri, Kala. Hareesh, Chenda: Kala. Krishnadas, Kuroor Vasudevan Namboothiri, Maddalam: Kala. Sh",,Hari the Midget,archive2009-4q.asp
08-11-09,Karnasapatham,"Kalikotta Palace, Tripunithura. 6pm",Ernakulam,Kerala,India,"Duryodhanan-Smt.Parvathy U Menon, Bhanumaathy-Smt.Sushama Suresh, Karnan-Smt.Radhika Varma, Dushasanan-Smt.Geetha N, Kunthi-Smt.Chavara Parukutty. Vocal-Smt.Kumari Varma, Smt.shylaja Varma, Sri.Kalani",Tripunithura Kathakali Kendram & Malli Foundation,Viewfinder,archive2009-4q.asp
08-11-09,Bali Vijayam,Sreerangam Hall Kottayam 4:00 pm,Kottayam,Kerala,India,"Ravana: Kala. Sasindran, Narada: Mathoor Govindankutty, Bali: Talavadi Aravindan, Pattu: Kala. Rajendran, Kalanilayam Babu, Chenda: Kala. Raman Namboothiri, Maddalam: Kalanilayam Manoj",,Hari the Midget,archive2009-4q.asp
07-11-09,Bali Vadham,Mannoorkavu Mynagappally. Kollam,Kollam,Kerala,India,"Kal.Ramachandran Unnithan,Hari R Nair,Kal.Rajeev,Kal.Prasanth,Kal.Anilkumar Kal,Balachandran,",9446816016.,t.k.sreekumar,archive2009-4q.asp
07-11-09,Nalacheritham 2,Payyanur,Kannur,Kerala,India,"Nala: Kala. Vasu Pisharody, Damayanthi: Kala. K.G. Vasudevan, Pushkara: Kala. Krishnakumar, Kali: Kala. Hari R. Nair, Dwaparan: Kalanilayam Karunakara Kurup, Kattalan: Kala. MPS Namboothiri, Pattu: Ka",,Babu,archive2009-4q.asp
06-11-09,"Kuchella Vrittam, Kiratham",Payyanur,Kannur,Kerala,India,"Kuchella: Mathoor Govindankutty, Krishna: Kudamaloor Muralikrishnan, Rukmini: Kala. Suchindran, Arjuna: Kala. Vasu Pisharody, Kattalan: Kala. MPS Namboothiri, Kattalastree: Mathoor Govindankutty, Shiv",,Babu,archive2009-4q.asp
06-11-09,Kalakeyavadham (Swargavarnana Vare),Sree Krishna Swamy Temple Ambalappuzha,Alappuzha,Kerala,India,"Kala:Shanmughan,Kala:Vijayakumar,Kalanilayam Vinod,Kala:Arun Pattu: Pathiyoor Sankarankutty,Kalamandalam Jayaprakash Chenda: Kalamandalam Sreekanth Varma,Kalanilayam Ratheesh Maddalam:Kalanilayam Mano","Sandarsan kathakali Vidyalayam,Ambalappuzha",Kalamandalam Sreekanth Varma,archive2009-4q.asp
05-11-09,Kalyana Saugandhikam,Payyanur,Kannur,Kerala,India,"Bheema: Kala. Krishnakumar, Hanuman: Kala. MPS Namboothiri, Panchali: Kala. Suchindran, Pattu: Kala. Devakumara Varma, Kala. Vinod, Chenda: Kala. Krishnadas, Ayamkudi Unnikrishnan, Maddalam: Kala. Nar",,Babu,archive2009-4q.asp
04-11-09,Kiratham,Payyanur,Kannur,Kerala,India,"Arjuna: Kala. Krishnakumar, Kattalan: Kala. MPS Namboothiri, Kattalastree: Mathoor Govindankutty, Shiva: Kalanilayam Karunakara Kurup, Parvathi: Kudamaloor Muralikrishnan, Pattu: Kala. Vinod, Kala. Ra",,Babu,archive2009-4q.asp
04-11-09,Nalacheritham 3,Vellinezhi,Palakkad,Kerala,India,"Bahuka: Kala. Gopi, Sudeva: Kala. Kesavan Namboothiri",,Hari the Midget,archive2009-4q.asp
03-11-09,"Poothana Mooksham, Duryodhana Vadham, Kuchella Vrittam, Kiratham",Payyanur,Kannur,Kerala,India,"Poothana: Kala. K.G. Vasudevan, Krishna: Kala. Hari Narayanan, Dharmaputhra: Kala. Mukundan, Panchali: Kudamaloor Muralikrishnan, Duryodhana: Kala. Ravikumar, Dussasana: Kala. Hari R. Nair, Mumukshu: ",,Babu,archive2009-4q.asp
02-11-09,"Kuchella Vrittam, Daksha Yaga",Payyanur,Kannur,Kerala,India,"Kuchella: Mathoor Govindankutty, Krishna: Kala. Hari Narayanan, Rukmini: Kudamaloor Muralikrishnan, Daksha: Kala. Krishnakumar, Vedavali: Kudamaloor Muralikrishnan, Sathi: Kala. Shanmugan, Brahmin: Ka",,Babu,archive2009-4q.asp
01-11-09,"Nalacheritham 1, Rugmangadacheritham",Payyanur,Kannur,Kerala,India,"Nala: Kala. Krishnakumar, Hamsa: Kala. MPS Namboothiri, Damayanthi: Mathoor Govindankutty, Sakhi: Kalanilayam Karunakara Kurup, Kadappara Chellappan Pillai, Rugmangada: Kala. Vasu Pisharody, Mohini: K",,Babu,archive2009-4q.asp
01-11-09,AMBAREEKSHACHARITHAM,"Panchayathu community hall, Chennithala, (Mavelikara)","Alappuzha , 18:30 Hrs .",Kerala,India,"Sri.Kalamandalam Krishnaprasad,Sri.Mozhoor Rajendragopinath, Sri.RLV Mohankumar, Sri. Kalanilayam Raveendranatha pye, Sri. Thiruvalla Gopikuttan Nair(Vocal), Sri. Kalabharathi Murali(Chenda), Sri.Evur",Sri. Chennithala Chellappan Pillai smaraka Samithi,C.AMBUJAKSHAN NAIR,archive2009-4q.asp
01-11-09,Potari Vijayam,Trivandrum,Thiruvananthapuram,Kerala,India,"Kalabharathi troup, Madavoor Vasudevan Nair, Kottakkal Chandrashekara Warrier, Cheriyankeer Murugan",,Hari Bala-Simcoe,archive2009-4q.asp
01-11-09,Nalacheritham 3,Karakuttam,,Kerala,India,"Bahuka: Kala. Vasu Pisharody, Pattu: Pathiyoor Shankarankutty, Kalanilayam Rajeev, Chenda: Kala. Krishnadas",,Hari Bala-Simcoe,archive2009-4q.asp
01-11-09,Santhana Gopalam,Thripunithura,Ernakulam,Kerala,India,"Pattu: Kala. Ramachandran Kuttan Pillai, Kottakkal Santhosh",,Hari the Midget,archive2009-4q.asp
01-11-09,Nalacheritham 4th day,Karakuttam,,Kerala,India,"Kala. Vasu Pisharody, Pattu: Pathiyoor Shankarankutty, Kalanilayam Rajeev, Chenda: Kala. Krishnadas",,Hari the Midget,archive2009-4q.asp
31-10-09,Purappadu melappadam & kiratham.,"Panavally Temple,Cherthala.",,Kerala,India,"Arjunan:Kala:Pradeep,Kattalan:Kal:Rajasekharan,Kattalasthree:RLV:Sunil,Pattu:PathiyurSankarankutty,Maddalam:Kala:Manoj,Chenda:GopikrishnanThampuran etc....",,Gauthami.,archive2009-4q.asp
31-10-09,Rukmani Swayamvaram of Aswathi Thirunal Ramavarma,"6.00 p.m. at Sree Karthika Thirunal Theatre, East Fort, Trivandrum",Trivandrum,Kerala,India,"Sundara Brahmanan: Kalamandalam Vasu Pisharody, Rukmani: Margi Vijaya Kumar, Sree Krishnan: Kalamandalam Mukundan, Sisupalan: Kottakkal Ravi Kumar, Bheeru: Margi Raveendran Pillai, Vocal: Kottakal Mad",DRISHYAVEDI Monthaly Programme,Radhakrishnan Kanjangad,archive2009-4q.asp
31-10-09,Kiratham,Payyanur,Kannur,Kerala,India,"Arjuna: Kala. Krishnakumar, Kattalan: Kala. MPS Namboothiri, Kattalastree: Mathoor Govindankutty, Shiva: Kalanilayam Karunakara Kurup, Parvathi: Kudamaloor Muralikrishnan, Pattu: Kala. Vinod, Kala. Ra",,Babu K,archive2009-4q.asp
30-10-09,"Nalacheritham 1, Nalacheritham 2",Payyanur,Kannur,Kerala,India,"Nala: Kala. Ravikumar, Hamsa: Kala. MPS Namboothiri, Damayanthi: Mathoor Govindankutty, Sakhi: Kudamaloor Muralikrishnan, Kala. Suchindran, Nala: Kala. Vasu Pisharody, Damayanthi: Kala. K.G. Vasudevan",,Babu K,archive2009-4q.asp
29-10-09,"Kuchella Vrittam, Santhana Gopalam",Sri Vallabha Kshetram Thiruvalla,Alleppey,Kerala,India,Sri Rangam troup,Sreedharan Pillai,Hari the Midget,archive2009-4q.asp
29-10-09,"Nalacheritham 2, Nalacheritham 3",Kottayam,Kottayam,Kerala,India,"Mathoor Govindankutty, Kala. Shanmugan, Kala. Mukundan, Kala. Pradeep, Pattu: Pathiyoor Shankarankutty, Chenda: Kidangoor Rajesh, Kottakkal Vijayaragavan",,Hari the Midget,archive2009-4q.asp
28-10-09,"Daksha Yagam, Subhadraharanam, Lavanasuravadham",Payyanur,Kannur,Kerala,India,"Daksha: Kala. Vasu Pisharody, Vedavali: Kala. Anilkumar, Sathi: Kala. Shanmugan, Shiva: Kudamaloor Muralikrishnan, Vritha Brahmana: Mathoor Govindankutty, Balarama: Kala. Krishnakumar, Krishna: Kala. ",,Babu,archive2009-4q.asp
27-10-09,"Nalacheritham 3, Nalacheritham 4",Kottarakkara,,Kerala,India,"Nala: Kala. Ravikumar, Bahuka: Kala. Krishnakumar, Damayanthi: Kudamaloor Muralikrishnan, Sudeva: Mathoor Govindankutty, Varshneyan: Kala. Chinosh Balan, Jivalan: Kalanilayam Karunakara Kurup, Karkoda",,Balankumar,archive2009-4q.asp
27-10-09,DAKSHA YAGAM,SREE PADMANABHA SWAMY TEMPLE,TRIVANDRUM,Kerala,India,"NELLIYODU VISHNU NAMBOOTHIRI, MARGI SURESH, NATYASALA RAMAKRISHNAN, KAL. VASUDEVAN, ATTINGAL MANU, PULI HARIPRASAD, VENU UNNITHAN, NATYASALA KRISHNAN PATTU: KAL. RADHAKRISHNAN, KAL. BABU, NEDU. NARAYA","NATYASALA KATHAKALI SANGHAM, TRIVANDRUM",NATYASALA SURESH,archive2009-4q.asp
26-10-09,KIRATHAM,SREE PADMANABHA SWAMY TEMPLE,TRIVANDRUM,Kerala,India,"NELLIYODU VISHNU NAMBOOTHIRI, NATYASALA RAMAKRISHNAN, KAL. VASUDEVAN, PULI HARIPRASAD, VENU UNNITHAN PATTU: KAL. RADHAKRISHNAN, NEDUMENGADU NARAYANAN NAIR CHENDA: KAL. SREEKANT VARMA, KAL. RATHEESH MA","NATYASALA KATHAKALI SANGHAM, TRIVANDRUM",NATYASALA SURESH,archive2009-4q.asp
26-10-09,Nalacharitham 1st Day (Part II),Sreekrishna Temple Natakasala Ambalapuzha 6 :30 PM,Alappuzha,Kerala,India,"Kalanilayam Vinod (Nalan) Kal Mukundan (Indran); Kal Jishu Ravi, RLV Pramod, Vishnu (Indran, Agni, Yaman) Kal Vijayakumar (Damayanthi); Madhu Varanasi(Saraswathi) Pathiyoor Sankaran Kutty, Kal Jayapra",Sandarsan Ambalapuzha 9447161980,Renjith R Ernakulam,archive2009-4q.asp
26-10-09,Kiratham,Kottarakkara,,Kerala,India,"Kattalan: Kala. MPS Namboothiri, Kattalastree Mathoor Govindankutty, Arjuna: Kala. Krishnakumar, Shiva: Kala. Prasanth, Parvathi: Kala. Anilkumar, Pattu: Kala. Vinod, Kala. RamMohan, Chenda: Ayamkudi ",,Balankumar,archive2009-4q.asp
25-10-09,Nalacheritham 1,Sri Vallabha Kshetram,Alleppey,Kerala,India,"Nala: Ettumanoor Kannan, Hamsa: FACT Mohan, Damayanthi: Oyoor Ramachandran, Sakhimar: Thiruvalla Harikumar, Thiruvalla Sadashivan, Pattu: Kottakkal P.D. Namboothiri, Kala. Balachandran, Chenda: Kuroor",,Hari the Midget,archive2009-4q.asp
25-10-09,"Poothanamoksham , Nalacharitham 1st Day (Part I )",Sandarsan & Sreekrishna Temple Ambalapuzha Natakasala 11 AM & 6.30 PM,Alappuzha,Kerala,India,"Poothanamoksham - Kal Vijayakumar (At Sandarsan Kathakali Vidyalayam Premises, Southern Gate Ambalapuzha at 11 AM ) Nalacharitham 1st Day Natakasala Ambalapuzha at 6.30 PM : Kal Mukundan (Nalan); Madh",Sandarsan Ambalapuzha 9447161980,Renjith R Ernakulam,archive2009-4q.asp
25-10-09,Santhanagopalam,Poornathrayisha temple-Otuppura Hall -Time - 6.45 PM,Ernakulam,Kerala,India,"Brahmanan-FACT Padmanabhan, Arjunan - Kala. Sankaranarayanan, Patni - Sadanam Vijayan, Krishna - Pooja Menen, Pattu - Kala. Rajeev, Rajesh Menon, Chenda - Gopikrishnan Tamburan, Maddalam - Angadippura",Vazhipadu by Menon family,Srikumar,archive2009-4q.asp
25-10-09,SANTHANA GOPALAM,SREE PADMANABHA SWAMY TEMPLE,TRIVANDRUM,Kerala,India,"NELLIYODU VASUDEVAN NAMBOOTHIRI, VISHNU NELLIYODU, NATYASALA RAMAKRISHNAN, VENU UNNITHAN, PULIYOORKODU HARIPRASAD PATTU: PARIMANAM MADHU, KAL. RADHAKRISHNAN, CHENDA: KAL. THAMPI, MADDALAM. KAL. REMANA","NATYASALA KATHAKALI SANGHAM, TRIVANDRUM",NATYASALA SURESH,archive2009-4q.asp
24-10-09,NALACHARITHAM ONNAM DIVASAM,SREE PADMANABHA SWAMY TEMPLE,TRIVANDRUM,Kerala,India,"NELLIYODU VISHNU NAMBOOTHIRI, ATTINGAL MANU, PANDALAM UNNIKRISHNAN, KAL. VASUDEVAN, VENU UNNITHAN PATTU: KAL. SURENDRAN, KAL. BABU, KAL. RADHAKRISHNAN CHENDA: KAL. THAMPI, MADDALAM. KAL. REMANAN, SAMB","NATYASALA KATHAKALI SANGHAM, TRIVANDRUM",NATYASALA SURESH,archive2009-4q.asp
24-10-09,Nalacharitham 2nd Day( Utthara Bhagam From Kattalan to end ),"Changampuzha Park, Edapally 6 PM",Ernakulam,Kerala,India,"Kal Manoj (Kattalan ); Kal Vijayakumar (Damayanthi); Kalanilayam Vinod(Sarthavhanan, Bhima Rajavu); Kal Kesavan Namputhiri (Sudevan); Madhu Varanasi (Rajamathavu). Kottackal Madhu , Kottackal Narayana",Edapally Kathakali Aswadakasadas 9447161980,Renjith R Ernakulam,archive2009-4q.asp
24-10-09,Dakshayagam,Paramekkavu Agrasala,Thrissur,Kerala,India,Dakshan - Kalamandalam Vasu Pisharody,Trichur Kathakali Club,Nikhil,archive2009-4q.asp
24-10-09,"Nizhal Kuthu, Santhana Gopalam",Sri Vallabha Kshetram Thiruvalla,Alleppey,Kerala,India,"Sri Vallabha troup, Kala. Ramachandran Unnithan, FACT Mohan, Oyoor Ramachandran, Pattu: Kala. Balachandran",,Hari the Midget,archive2009-4q.asp
24-10-09,Santhana Gopalam,Evoor near Kayamkulam,,Kerala,India,"RLV Rajashekaran, Kala. Balakrishnan, RLV Mohankumar, Kala. Anilkumar, Kala. Vishak, Pattu: Haripad Damu, Thiruvalla Suresh, Chenda: Kalavedi Murali, Maddalam: Evoor Madhu",,Hari the Midget,archive2009-4q.asp
24-10-09,Kathakali lecture and demonstration,Georgia USA,,,USA,"Kala. Shanmugan, Kala. Kaladharan",,Hari the Midget,archive2009-4q.asp
23-10-09,Hidumbi,"Ernakulam Kathakali Club, ERNAKULATHAPPAN HALL, 6 PM",Ernakulam,Kerala,India,Sadanam troup,"Ernakulam Kathakali Club, Sadanam troup",Hari the Midget,archive2009-4q.asp
23-10-09,"Nalacheritham 3, Nalacheritham 4",Sri Vallabha Kshetram Thiruvalla,Alleppey,Kerala,India,"Nala: Ettumanoor Kannan, Bahuka: Thonnakkal Peethambaran, Sudeva: Kala. Kesavan Namboothiri, Damayanthi: FACT Mohan, Rithuparna: Thiruvalla Harikumar, Varshneyan: Thiruvalla Sadashivan, Jivalan: Thada",Thiruvalla Radhakrishnan,Hari the Midget,archive2009-4q.asp
23-10-09,"Kalyana Saugandhikam, Kuchella Vrittam",Payyanur,Kannur,Kerala,India,"Bheema: Kala. Vasu Pisharody, Hanuman: Kala. MPS Namboothiri, Panchali: Kala. Suchindran, Krishna: Kudamaloor Muralikrishnan, Rukmini: Kala. Suchindran, Kuchella: Mathoor Govindankutty, Pattu: Kala. M",,Babu,archive2009-4q.asp
22-10-09,"Nalacheritham 4, Kiratham",Payyanur,Kannur,Kerala,India,"Bahuka: Kala. Vasu Pisharody, Damayanthi: Mathoor Govindankutty, Kesini: Kudamaloor Muralikrishnan, Arjuna: Kala. Krishnakumar, Kattalan: Kala. MPS Namboothiri, Katalastree: Kala. Shanmugan, Pattu: Ka",,Babu,archive2009-4q.asp
22-10-09,BAKA VADHAM,SREE PADMANABHA SWAMY TEMPLE,TRIVANDRUM,Kerala,India,"NELLIYODU VASUDEVAN NAMBOOTHIRI, KAL. VIJAYAKRISHNAN UNNITHAN, PANDALAM UNNIKRISHNAN, ATTINGAL MANU, KAL. VASUDEVAN, PULIYOORKODU HARIPRASAD, NATYASALA RAMAKRISHNAN. PATTU. KALA. SURENDRAN, PARIMANAM ","NATYASALA KATHAKALI SANGHAM, TRIVANDRUM",NATYASALA SURESH,archive2009-4q.asp
22-10-09,DURYODHANA VADHAM,SREE PADMANABHA SWAMY TEMPLE,TRIVANDRUM,Kerala,India,"NELLIYODU VISHNU NAMBOOTHIRI, ATTINGAL MANU, KALABHARATHI VASUDEVAN, KALAMANDALAM PARTHASARATHI, NATYASALA RAMAKRISHNAN, PULIYOORKODU HARIPRASAD, VENU UNNITHAN PATTU: KAL. SURENDRAN, PARIMANAM MADHU, ","NATYASALA KATHAKALI SANGHAM, TRIVANDRUM",NATYASALA SURESH,archive2009-4q.asp
22-10-09,"Kuchella Vrittam, Santhana Gopalam",Sri Vallabha Kshetram Thiruvalla,Alleppey,Kerala,India,"Sri Vallabha troup, Kottakkal Achuthankutty, Mathoor Govindankutty",,Hari the Midget,archive2009-4q.asp
22-10-09,"Nalacheritham 1, Nalacheritham 2",Sri Vallabha Kshetram Thiruvalla,Alleppey,Kerala,India,"Nala: FACT Mohan, Hamsa: Thiruvalla Babu, Damayanthi: RLV Radhakrishnan, Sakhimar: Kalanilayam Vinod, Thiruvalla Sadashivan, Nala: Thonnakkal Peethambaran, Damayanthi: Oyoor Ramachandran, Pushkara: Et",Thiruvalla Radhakrishnan,Hari the Midget,archive2009-4q.asp
21-10-09,Deshamukha Ravana,Kerala Kalamandalam,Thrissur,Kerala,India,"Kala. Krishnakumar, etc",Kala. Krishnakumar,KK,archive2009-4q.asp
21-10-09,SEETHA SWAYAMVARAM,SREE PADMANABHA SWAMY TEMPLE,TRIVANDRUM,Kerala,India,"VISHNU NELLIYODU, NATYASALA RAMKRISHNAN, ATTINGAL MANU, VENUGOPALAN UNNITHAN, PULIYOORKODU HARIPRASAD, NATYASALA KRISHNAN PATTU: PARIMANAM MADHU, KAL. RADHAKRISHNAN, NEDUMENGADU NARAYANAN NAIR CHENDA:",N,NATYASALA SURESH,archive2009-4q.asp
21-10-09,SEETHA SWAYAMVARAM,SREE PADMANABHA SWAMY TEMPLE,TRIVANDRUM,Kerala,India,"VISHNU NELLIYODU, NATYASALA RAMKRISHNAN, ATTINGAL MANU, VENUGOPALAN UNNITHAN, PULIYOORKODU HARIPRASAD, NATYASALA KRISHNAN PATTU: PARIMANAM MADHU, KAL. RADHAKRISHNAN, NEDUMENGADU NARAYANAN NAIR CHENDA:","NATYASALA KATHAKALI SANGHAM, TRIVANDRUM",NATYASALA SURESH,archive2009-4q.asp
21-10-09,Ambareeshacheritham,Sri Vallabha Kshetram,Alleppey,Kerala,India,"Ambareesha: Ettumanoor Kannan, Durvasa: FACT Mohan, Vishnu: Thiruvalla Babu, Brahma: Thiruvalla Sadashivan, Shiva: Thiruvalla Harikumar, Brahmin: Oyoor Ramachandran, Pattu: Kala. Balachandran, Kala. H",,Hari the Midget,archive2009-4q.asp
20-10-09,Duryodhana Vadham,Kerala Kalamandalam,Thrissur,Kerala,India,"Krishna: Kala. Harinarayanan, Panchali: Kudamaloor Muralikrishnan, Yudhishthira: Kala. Mukundan, Bheema: Kala. Arun Warrier, Arjuna: Kala. Chinosh Balan, Nakula: Kala. Suchindran, Sahadeva: Kala. Arun",,Balankumar,archive2009-4q.asp
20-10-09,"Nalacheritham 4, Krishna Leela, Seetha Swayamvaram, Poothana Mooksham",Sri Vallabha Kshetram,Alleppey,Kerala,India,"Bahuka: Thonnakkal Peethambaran, Damayanthi: Oyoor Ramachandran, Kesini: FACT Padmanabhan, Krishna: Ettumanoor Kannan, Yashoda: Kalanilayam Vinod, Devaki: Kalanilayam Gopalakrishnan, Parasurama: FACT ",FACT Mohan,Hari the Midget,archive2009-4q.asp
20-10-09,"Rugmangadacheritham, Kalyana Saugandhikam, Bali Vijayam",Kottarakkara,,Kerala,India,"Rugmangada: Kala. Vasu Pisharody, Mohini: Kala. K.G. Vasudevan, Dharmangada: Kala. Suchindran, Sandhyavali: Kala. Arun Warrier, Vishnu: Kala. Chinosh Balan, Bheema: Kala. Krishnakumar, Hanuman: Kala. ",,Balankumar,archive2009-4q.asp
20-10-09,AMBAREESHA CHARITHAM,SREE PADMANABHA SWAMY TEMPLE,TRIVANDRUM,Kerala,India,"NELLIYODU VASUDEVAN NAMBOOTHRI, VISHNU NELLIYODU, ATTINGAL MANU, PULIYOORKODU HARI, NATYASALA RAMAKRISHNAN, NATYASALA KRISHNAN PATTU: KAL. SURENDRAN, PARIMANAM MADHU, KAL. RADHAKRISHNAN CHENDA: KAL. T","NATYASALA KATHAKALI SANGHAM, TRIVANDRUM",NATYASALA SURESH,archive2009-4q.asp
20-10-09,Kuchella Vrittam,Ernakulam,Ernakulam,Kerala,India,"Kala. Gopi, RLV Radhakrishnan",,Hari the Midget,archive2009-4q.asp
19-10-09,PRAHLADA CHARITHAM,SREE PADMANABHA SWAMY TEMPLE,TRIVANDRUM,Kerala,India,"NELLIYODU VASUDEVAN NAMBOOTHIRI, KALAMANDALAM RATHEESAN, KALABHARATHI VASUDEVAN, ATTINGAL MANU, NATYASALA RAMA KRISHNAN PATTU: KAL. SURENDRAN, CHENDA: KAL. KRISHNADAS, MARGI VENU, MADDALAM. KAL. RAVIN","NATYASALA KATHAKALI SANGHAM, TRIVANDRUM",NATYASALA SURESH,archive2009-4q.asp
19-10-09,Kiratham,Payyanur,Kannur,Kerala,India,"Arjuna: Kala. Vasu Pisharody, Kattalan: Kala. MPS Namboothiri, Kattalastree: Mathoor Govindankutty, Shiva: Kalanilayam Karunakara Kurup, Parvathi: Kudamaloor Muralikrishnan, Pattu: Kala. Devakumara Va",,Babu,archive2009-4q.asp
19-10-09,"Nalacheritham 1, Krishna Leela, Bali Vadham",Sri Vallabha Kshetram,Alleppey,Kerala,India,"Nala: Ettumanoor Kannan, Hamsa: Thiruvalla Babu, Damayanthi: RLV Radhakrishnan, Sakhimar: Thiruvalla Harikumar, Thiruvalla Sadashivan, Krishna: FACT Mohan, Devaki: Kalanilayam Gopalakrishnan, Yashoda:",Thiruvalla Radhakrishnan,Hari the Midget,archive2009-4q.asp
19-10-09,Kuchella Vrittam,Sri Vallabha Kshetram,Alleppey,Kerala,India,"Kuchella: FACT Mohan, Krishna: Thiruvalla Harikumar, Rukmini: Thiruvalla Sadashivan, Pattu: Kottakkal P.D. Namboothiri, Kala. Balachandran, Chenda: Kuroor Vasudevan Namboothiri, Maddalam: Kala. Venuku",,FACT Mohan,archive2009-4q.asp
18-10-09,Karna Shapadam,Payyanur,Kannur,Kerala,India,"Karna: Kala. Krishnakumar, Duryodhana: Kala. Ravikumar, Dussassana: Kala. Hari R. Nair, Kunthi: Mathoor Govindankutty, Bhanumathi: Kudamaloor Muralikrishnan, Pattu: Kala. Devakumara Varma, Kala. Vinod",,Babu,archive2009-4q.asp
18-10-09,Nalacheritham 1,Chertala,Ernakulam,Kerala,India,"Chenda: Kala. Sreekanth Varma, Maddalam: Kalanilayam Manoj",,Hari the Midget,archive2009-4q.asp
18-10-09,Nalacharitham 1st day (From Hamsam),Cherthala Irayimman Thambi Smarakam at varanadu,Alappuzha,Kerala,India,Kala;Sreekumar Varanadu sanal etc..... pattu:kala babu Namboothiri Chenda;kalamandalam Sreekanth Varma Maddalam;Kalanilayam Manoj,,Kalamandalam Sreekanth Varma,archive2009-4q.asp
18-10-09,NARAKASURA VADHAM,SREE PADMANABHA SWAMY TEMPLE,TRIVANDRUM,Kerala,India,"KALAMANDALAM RATHEESAN, NELLIYODU VISHNU NAMBOOTHIRI, KALARANGAM GIREESAN, ATTINGAL MANU PATTU: KALAMANDALAM SURENDRAN & PARTY CHENDA: KALAMANDALAM KRISHNA DAS, KALAMANDALAM THAMPI","NATYASALA KATHAKALI SANGHAM, TRIVANDRUM",NATYASALA SURESH,archive2009-4q.asp
18-10-09,Nalacheritham 4th day,Keralacherry,,Kerala,India,"Kala. Gopi, etc",,Hari the Midget,archive2009-4q.asp
18-10-09,"Rukmini Swayamvaram, Santhana Gopalam",Sri Vallabha Kshetram Thiruvalla,Alleppey,Kerala,India,Sri Vallabha troup,Thiruvalla Radhakrishnan,Hari the Midget,archive2009-4q.asp
17-10-09,Santhana Gopalam,Evoor near Kayamkulam 7:00 pm,,Kerala,India,"Brahmin: Kottakkal Chandrashekara Warrier, Brahmin wife: Kala. Krishnaprasad, Arjuna: Sadanam Krishnankutty, Krishna: Kala. Balasubramanian, Pattu: Pathiyoor Shankarankutty, Kottakkal Madhu, Kottakkal",,Balan,archive2009-4q.asp
17-10-09,Buddha Cheritham,Kozhikode,Kozhikode,Kerala,India,PSV Natyasangham,,Hari the Midget,archive2009-4q.asp
17-10-09,"Purapad, Melapadam, Santhana Gopalam",Evoor near Kayamkulam 7:00 pm,,Kerala,India,"Purapad: Kalanilayam Ravindranatha Pai, Brahmana: Kottakkal Chandrashekara Warrier, Brhamana pathni: Kala. Krishnaprasad, Arjuna: Sadanam Krishnankutty, Krishna: Kala. Balasubramanian, Maid: Thiruvall",,Govind Bala-Simcoe,archive2009-4q.asp
17-10-09,"Narakasura Vadham, Santhana Gopalam",Sri Vallabha Kshetram Thiruvalla,Alleppey,Kerala,India,Sri Vallabha troup,Thiruvalla Radhakrishnan,Hari the Midget,archive2009-4q.asp
17-10-09,Santhana Gopalam,Evoor near Kayamkulam,,Kerala,India,"Arjuna: Sadanam Krishnankutty, Brahmana: Kottakkal Chandrashekara Warrier, Krishna: Kala. Balasubramanian, Pattu: Pathiyoor Shankarankutty, Kottakkal Madhu, Suresh, Chenda: Kuroor Vasudevan Namboothir",,Hari the Midget,archive2009-4q.asp
17-10-09,"Kuchella Vrittam, Sita Swayamvaram",Payyanur,Kannur,Kerala,India,"Kuchella: Kala. Vasu Pisharody, Krishna: Kala. Hari Narayanan, Rukmini: Kudamaloor Muralikrishnan, Parasurama: Kala. Krishnakumar, Rama: Kala. Shamugan, Lakshmana: Kala. Vipin, Sita: Kala. Suchindran,",,Babu,archive2009-4q.asp
16-10-09,Narakasura Vadham,Pondychery 6pm,,Pondichery,India,"Kala Balakrishnan, Kala Vijayan,Kala Vinod,Madhu Varanasi,Margi Ravindran Pillai,Kala Arun Pattu Kalavedi Suresh ,Kala Sreejith Chenda Kalamandalam Sreekanth Varma Maddalam Kalanilayam Manoj Presentat",,Kalamandalam SreekanthVarma,archive2009-4q.asp
16-10-09,"Santhana Gopalam, Kuchella Vrittam",Sri Vallabha Kshetram Thiruvalla,Alleppey,Kerala,India,Sri Vallabha troup,Thiruvalla Radhakrishnan,Hari the Midget,archive2009-4q.asp
16-10-09,"Kalyana Saugandhikam, Duryodhana Vadham",Payyanur,Payyanur,Kerala,India,"Bheema: Kala. Vasu Pisharody, Panchali: Kala. Suchindran, Hanuman: Kala. MPS Namboothiri, Krishna: Kala. Harinarayanan, Panchali: Kala. Shanmugan, Yudhishthira: Kala. Mukundan, Bheena: Kala. Arun Warr",,Kumar,archive2009-4q.asp
16-10-09,"Nalacheritham 1, Nalacheritham 2",Sri Vallabha Kshetram Thiruvalla,Alleppey,Kerala,India,"Nala: Kala. Gopi, Hamsa: Madavoor Vasudevan Nair, Damayanthi: Oyoor Ramachandran, Sakhi: FACT Mohan, Thiruvalla Babu, Nala: Sadanam Krishnankutty, Damayanthi: Margi Vijayakumar, Kali: Talavadi Aravind",,Hari the Midget,archive2009-4q.asp
15-10-09,"Kuchella Vrittam, Santhana Gopalam",Sri Vallabha Kshetram Thiruvalla,Alleppey,Kerala,India,Sri Vallabha troup,Thiruvalla Radhakrishnan,Hari the Midget,archive2009-4q.asp
15-10-09,"Subhadraharanam 1st part, Narakasura Vadham, Kiratham",Alapuzha,Alleppey,Kerala,India,"Arjuna: Kala. Gopi, Narakasura: Kottakkal Chandrashekara Warrier, Kattalan: Kala. Ramachandran Unnithan",,Hari the Midget,archive2009-4q.asp
15-10-09,"Subhadraharanam, Lavanasuravadham",Alapuzha,Alleppey,Kerala,India,"Kala. Gopi, Kala. Ramachandran Unnithan, Kottakkal Chandrashekara Warrier, Margi Vijayakumar, Pattu: Pathiyoor Shankarankutty, Varanasi Madhu, Kala. Sajeev, Chenda: Kala. Krishnadas, Kuroor Vasudevan ",,Hari the Midget,archive2009-4q.asp
15-10-09,Nalacheritham 3,Payyanur,Kannur,Kerala,India,"Nala: Kala. Ravikumar, Bahuka: Kala. Krishnakumar, Rithuparna: Kala. Myannad Rajeev, Sudeva: Mathoor Govindankutty, Damayanthi: Kudamaloor Muralikrishnan, Karkodaka: Kala. Hari R. Nair, Jivalan: Kalan",,Babu,archive2009-4q.asp
14-10-09,"Rugmangadacheritham, Bali Vijayam",Payyanur,Kannur,Kerala,India,"Rugmangada: Kala. Vasu Pisharody, Mohini: Mathoor Govindankutty, Dharmangada: Kala. Suchindran, Sandhyavali: Kala. Arun Warrier, Brahmins: Kala. Kasinathan, Kala. Vipin, Kala. Chinosh Balan, Bali: Kal",,Babu,archive2009-4q.asp
14-10-09,Nalacheritham 2,Alapuzha,Alleppey,Kerala,India,"Nala: Kala. Gopi, Damayanthi: Margi Vijayakumar, Pushkara: Kottakkal Chandrashekara Warrier, Pattu: Pathiyoor Shankarankutty, Varanasi Madhu, Kala. Sajeev, Chenda: Kala. Krishnadas, Kuroor Vasudevan N",,Hari the Midget,archive2009-4q.asp
14-10-09,"Santhana Gopalam, Kiratham",Sri Vallabha Kshetram Thiruvalla,Alleppey,Kerala,India,Sri Vallabha troup,Thiruvalla Radhakrishnan,Hari the Midget,archive2009-4q.asp
14-10-09,Bheeshmaprathimja ( by Kalamandalam Krishnan Kutty Pothuval),"N0.1, Elliots Beach Road, Besant Nagar, Chennai.Time:19:40hrs (7.40 PM)",Chennai,Kerala,India,"Sri.Sadanam Balakrishnan, Kalamandalam Blasubramaniyan,Kalamandalam Vijayakumar Kala: Mohanakrishnan, Vijaya Krishnan, Harinarayanan, Mukundan, Harish, Anish and Balan. ( for story details visit:http:","for details : Mr. Rajan poduval , 9283109995",C.Ambujakshan Nair,archive2009-4q.asp
13-10-09,HARICHANDRACHARITHAM,"THURAVOOR MAHASKHETRAM, N.H. 47, CHERTHALA TALUK,",ALLEPPEY,Kerala,India,MAJOR SET - BY KOTTAKKAL P.S.V. NATYASANGAM,"THIRUUTSAVA COMMITTEE, THURAVOOR","B. MURALEEDHARAN, THURAVOOR",archive2009-4q.asp
13-10-09,"Rukmangada Cheritham, Bali Vadham",Pathanapuram near Adoor,,Kerala,India,"Rugmangada: Kala. Gopi, Mohini: Margi Vijayakumar, Kala. Ramachandran Unnithan, Pattu: Pathiyoor Shankarankutty, Kala. Balachandran, Kala. Sajeev, Kalanilayam Rajeev, Chenda: Kala. Krishnadas, Kuroor ",,Hari the Midget,archive2009-4q.asp
13-10-09,Kiratham,Payyanur,Kannur,Kerala,India,"Arjuna: Kala. Vasu Pisharody, Kattalan: Kala. MPS Namboothiri, Kattalastree: Mathoor Govindankutty, Shiva: Kalanilayam Karunakara Kurup, Parvathi: Kudamaloor Muralikrishnan, Pattu: Kala. Vinod, Kala. ",,Babu,archive2009-4q.asp
12-10-09,"Kalyana Saugandhikam, Daksha Yagam",Payyanur,Kannur,Kerala,India,"Bheema: Kala. Vasu Pisharody, Hanuman: Kala. MPS Namboothiri, Panchali: Kudamaloor Muralikrishnan, Daksha: Kala. Krishnakumar, Vedavali: Kudamaloor Muralikrishnan, Sathi: Kala. Shanmugan, Shiva: Kala.",,Babu,archive2009-4q.asp
12-10-09,Utharaswayamvaram,Vettikod Kayamkulam,,Kerala,India,"Madavoor Vasudevan Nair, Kala. Krishnaprasad, Kottakkal Chandrashekara Warrier, Pattu: Pathiyoor Shankarankutty, Kalanilayam Rajeev",,Hari the Midget,archive2009-4q.asp
11-10-09,Duryodhana Vadham,Kottakkal,,Kerala,India,PSV Natyasangham,,Hari the Midget,archive2009-4q.asp
11-10-09,Kacha Devayani,Thripunithura Kalikotta Palace,Ernakulam,Kerala,India,"Kalamandalam Rajeev(Kachan), Kalanilayam Rajeev, Champakara Vijayan, Pattu: Kottakkal Madhu, Nedumpally RamMohan, Chenda: Kurur Vasudevan Namboothiri, Maddalam: Kala. Raj Narayanan",,Hari the Midget,archive2009-4q.asp
11-10-09,Bheeshmaprathijna,"Ayodhya Auditorium,Payyannoor, 5 pm",Kannur,Kerala,India,"Kala.Soman, Vellinezhi Haridas, Kalani.MadhuMohan, Kala.Pradeepan, Palanad Divakaran, Panayoor Kuttan, Kala Nandakumar, Kala.Venu",Payyannoor Kathakaliarangu,Dr.Pavithran,archive2009-4q.asp
11-10-09,Kiratham,Kumily,Idukki,Kerala,India,"FACT Mohan, Mathoor Govindankutty, Kala. Pradeep, Pattu: Palanad Divakaran, Kala. Surendran, Kalanilayam Rajeev, Parimanam Madhu, Chenda: Kuroor Vasudevan Namboothiri, Varanasi Madhu, Maddalam: Kala. ",,Hari the Midget,archive2009-4q.asp
11-10-09,"Daksha Yaga, Subhadraharanam, Thorana Yudham",Payyannur,Kannur,Kerala,India,"Daksha: Kala. Vasu Pisharody, Vedavali: Kudamaloor Muralikrishnan, Sathi: Mathoor Govindankutty, Shiva: Kala. Mukundan, Brahmin: Kala. Myannad Rajeev, Balarama: Kala. Krishnakumar, Krishna: Kala. Hari",,Babu,archive2009-4q.asp
10-10-09,"Kuchella Vrittam,Kalyana Saugandhikam, Kiratham",Payyannur,Kannur,Kerala,India,"Kuchella: Kala. Vasu Pisharody, Krishna: Kala. Hari Narayanan, Rukmini: Kala. Suchindran, Bheema: Kala. Ravikumar, Hanuman: Sadanam Krishnankutty, Panchali: Kala. Suchindran, Kattalan: Kala. MPS Nambo",,Babu,archive2009-4q.asp
10-10-09,"Kuchella Vrittam, Santhana Gopalam",Sri Vallabha Kshetram Thiruvalla,Alleppey,Kerala,India,Sri Vallabha troup,Sri Vallabha Kshetram,Hari the Midget,archive2009-4q.asp
09-10-09,Kathakali Demonstration by Kottakkal Nandakumaran Nair,"CMS School,Trissur",Trissur,Kerala,India,"Ko Nandakumaran Nair, Ka Ananthanarayanan, Vellinezhi Achuthan Kutty, Ka Vijayakrishnan, Ka Aneesh","JanabheriKathakaliKendram,MNVinayakum,944 799 5636",Dr Vellinezhi Achuthan Kutty,archive2009-4q.asp
09-10-09,KALAMANDALAM UNNIKRISHNAKKURUPPU ANUSMARANAM,"KALANILAYAM HALL , IRINJALAKUDA",THRISSUR,Kerala,India,9am : Kathakalisamgeethamalsaram then: Kathakalippadakkacherikal 6pm : Anusmaranasammelanam Kalamandalam Unnikrishnakkuruppu smarakaprabhashanam :Prof.Nhayathu Balan Kottakkal Parameswaran Nampoothiri,"KATHAKALI CLUB , IRINJALAKUDA 9249800700",M.K.ANIYAN,archive2009-4q.asp
08-10-09,soon,Sri Vallabha Kshetram Thiruvalla,Alleppey,Kerala,India,Local artists,Sri Vallabha Kshetram,Hari the Midget,archive2009-4q.asp
08-10-09,Nalacheritham 2,Kalamandalam,Thrissur,Kerala,India,"Kala. Gopi, Pattu: Pathiyoor Shankarankutty",,Hari the Midget,archive2009-4q.asp
08-10-09,"Nalacheritham 4, Daksha Yagam",Sri Vallabha Kshetram Thiruvalla,Alleppey,Kerala,India,"Bahuka: Kottakkal Chandrashekara Warrier, Damayanthi: Mathoor Govindankutty, Kesini: Kudamaloor Muralikrishnan, Daksha: FACT Mohan, Shiva: Thiruvalla Harikumar, Veerabhadra: Talavadi Aravindan, Badrak",,Hari the Midget,archive2009-4q.asp
08-10-09,"Nalacheritham 2, Thorana Yudham",Kerala Kalamandalam,Thrissur,Kerala,India,"Nala: Kala. Gopi, Damayanthi: Margi Vijayakumar, Pushkara: Kala. Krishnakumar, Kattalan: Kala. Balasubramanian, Hanuman: Sadanam Krishnankutty, Lankalakshmi: Kala. Hari R. Nair, Pattu: Pathiyoor Shank",,Balan,archive2009-4q.asp
07-10-09,Uttharaswayamvaram,Kerala Kalamandalam,Thrissur,Kerala,India,"Uttharan: Kala. Suryanarayanan, Brinhala: Kottakkal Chandrashekara Warrier, etc",,Balan,archive2009-4q.asp
06-10-09,,"KALANILAYAM HALL , IRINJALAKUDA",Thrissur,Kerala,India,"GURUSMARANADINAM 9am :KATHAKALISAMGEETH - CHOLLIYATTA MATSARANGAL, 5pm :ANUSMARANASAMMELANAM Presentation of UNNAYI WARRIER SAMMANM to veteran Chenda Artist Kalamandalam Kesava Pothuval by Dr.Prabhaka",UNNAYI WARRIER SMARAKA KALANILAYAM,M.K.ANIYAN,archive2009-4q.asp
06-10-09,Karna Shapadam,Payyannur,Kannur,Kerala,India,"Karna: Kala. Krishnakumar, Duryodhana: Kala. Ravikumar, Dussassana: Kala. Hari R. Nair, Kunthi: Mathoor Govindankutty, Bhanumathi: Kudamaloor Muralikrishnan, Pattu: Kala. Devakumara Varma, Kala. Vinod",,Babu,archive2009-4q.asp
05-10-09,Kiratham,Payyannur,Kannur,Kerala,India,"Arjuna: Kala. Vasu Pisharody, Kattala: Kala. MPS Namboothiri, Kattalastree: Kala. K.G. Vasudevan, Pattu: Kala. Vinod, Kala. RamMohan, Chenda: Kala. Krishnadas, Maddalam: Kala. Narayanan Nambeesan, Chu",,Babu,archive2009-4q.asp
05-10-09,"Karna Shapadam, Bali Vadham",Sri Vallabha Kshetram Thiruvalla,Alleppey,Kerala,India,"Karna: Ettumanoor Kannan, Duryodhana: Kala. Vijayakrishnan Unnithan, Dussassana: Thalavadi Aravindan, Kunthi: Oyoor Ramachandran, Bhanumathi: Cheriyankeer Murugan, Ravana: FACT Mohan, Sanyasi Ravana: ",,Hari the Midget,archive2009-4q.asp
04-10-09,Nalacheritham 4,Ernakulam Appan Hall,Ernakulam,Kerala,India,"Bahuka: Sadanam Krishnankutty, Damayanthi: RLV Radhakrishnan, Pattu: Kala. Babu Namboothiri, Kala. Hareesh, Chenda: Kala. Raman Namboothiri, Maddalam: Kalanilayam Manoj",,Hari the Midget,archive2009-4q.asp
04-10-09,Nalacheritham 4,Ernakulam Appan Hall,Ernakulam,Kerala,India,"Bahuka: Sadanam Krishnankutty, Damayanthi: RLV Radhakrishnan, Kesini: Sadanam Vijayan, Pattu: Kala. Babu Namboothiri, Kala. Hareesh, Chenda: Kala. Raman Namboothiri, Maddalam: Kalanilayam Manoj, Chutt",,Josekutty,archive2009-4q.asp
04-10-09,SUBHADRAHARANAM,"Centre Mandapa, 6 rue Wurtz, Paris at 5 pm",Paris,Kerala,India,Kala Karunakaran P. Rajeesh,,Kala Karunakaran,archive2009-4q.asp
03-10-09,Rajasooyam ( Jarasandha Vadham),Dombivilli. 6.30 PM,"Thane ,Mumbai",Maharashtra,India,Kalamandalam Ramachandran Unithan Kal. Krishnakumar Sucheendran Arun Warrier Neeraj Parvathi Menon Arun Ramesh Bhasi .. Palanad Divakaran & Nedumbully Ram Mohan,Srusti,Suhas,archive2009-4q.asp
03-10-09,"Nalacheritham 2, Santhana Gopalam",Sri Vallabha Kshetram Thiruvalla,Alleppey,Kerala,India,"Sadanam Krishnankutty, Kottakkal Chandrashekara Warrier, Kala. Rajashekaran, FACT Mohan, Talavadi Aravindan, Cheriyankeer Murugan, Thiruvalla Harikumar, Thiruvalla Babu, Thiruvalla Sadashivan, Kalabha",,Hari the Midget,archive2009-4q.asp
03-10-09,"Guru Dakshina, Prahalada Cheritham",Sri Vallabha Kshetram Thiruvalla,Alleppey,Kerala,India,"Vasudevan: Thonnakkal Peethambaran, Akrooran: Kalanilayam Gopalakrishnan, Krishna: Madhu Varanasi, Balaraman: Kalanilayam Vinod, Sandipini: Kala. Ramachandran Unnithan, Sandipini Patni: Oyoor Ramachan",FACT Mohanan,Hari the Midget,archive2009-4q.asp
02-10-09,Kuchelavrutham.,Kalikkotta Palace. Tripunithura.,Ernakulam.,Kerala,India,"Kuchela:Nelliypdu Vasudevan Namboothiri,Krishnan:FACT Padmanabhan,Pattu:Kottakkal Madhu,Kala:Jayaprakash,Chenda:Gopikrishnan Thampuran,Maddalam:Kala:Sasi etc......",,Gauthami.,archive2009-4q.asp
02-10-09,Dhuryodhana Vadham,"Mulund,Bakthasangam hall",Mumbai,Maharashtra,India,"Kalamandalam Ramachandran Unithan ,Kal. Krishnakumar,Sucheendran,Arun Warrier,Neeraj,Parvathi Menon,Arun Ramesh,Bhasi .. Palanad Divakaran & Nedumbully Ram Mohan",Layam,Suhas,archive2009-4q.asp
02-10-09,Kuchella Vrittam,Near Trivandrum,Trivandrum,Kerala,India,Cheriyankeer Murugan,,Hari the Midget,archive2009-4q.asp
01-10-09,Nalacharitham 3,Karakuttam,,Kerala,India,"Bahuka: Kala. Vasu Pisharody, Nala: Mayyanad Rajeev, Rithuparna: Mayyanad Rajeev",,Hari the Midget,archive2009-4q.asp
01-10-09,"Santhana Gopalam, Kiratham",Sri Vallabha Kshetram Thiruvalla,Alleppey,Kerala,India,Sri Vallabha troup,Sri Vallabha Troup,Hari the Midget,archive2009-4q.asp
31-03-10,Nalacheritham 4,Kayamkulam,,Kerala,India,"Kala. Krishnaprasad, RLV Radhakrishnan, Pattu: Kala. Sajeev, etc",,Hari,archive2010-1q.asp
31-03-10,"Bakka Vadham, Rambha Pravesham, Daksha Yagam","Chuduvalathur temple hall, Shoranur, Palakkad dt",PALAKKAD,Kerala,India,"Kottakkal Chandrashekara Warrier, Kottakkal Kesavan, Kottakkal Vasudevan, Kottakkal Devadas, Kottakkal Unnikrishnan, Kottakkal Unnikrishnan Jr., Kottakkal Sudheer, Kottakkal RajMohan, etc, Pattu: Kott",,Hari,archive2010-1q.asp
31-03-10,"Bakavadham(Aasaari to Ghatolkachan-inclusive),Rambha Pravesham & Dakshayagam","Chuduvalathur Shiva Temple,Shornur 2100",Palakkad,Kerala,India,"Kotkl ChandrasekharaVarier,Kotkl NandakumaranNair,Ka BalakrishnaPillai, Ka Ramakrishnan,Kotkl Devadas,Kotkl Kesavan,Kotkl Vasudevan. Paattu: Kotkl Narayanan, Kotkl Madhu Chenda:Kothl Prasad Maddlm: Ko","9745144373,9961663 773,krishnamudra@gmail.com",dr Vellinezhi Achuthan Kutty,archive2010-1q.asp
31-03-10,Subhadraharanam,"Lasyaotsavam 2010, Regional Theater, Trichur 6.30 PM",Trichur,Kerala,India,"Padmasrî Kala. Gopi (Arjunan), Kala Balasubramanian, Kala. Unnikrishnan (Chenda), Kala. Sivaraman (Chutti) + more artists of Kala. troupe",Lasya Foundation,"Chakori, Trichur",archive2010-1q.asp
31-03-10,"Purapad, Melapadam, Sita Swayamvaram, Bhagavaddootha",Kottarakkara,Pandalam,Kerala,India,"Parasurama: Kala. MPS Namboothiri, Rama: Kala. Shanmugan, Sita: Kala. Suchindran, Lakshmana: Kala. Arun Ramesh, Dasharatha: Kalanilayam Karunakara Kurup, Krishna: Kudamaloor Muralikrishnan, Panchali: ",,Babu,archive2010-1q.asp
30-03-10,"Nalacheritham 3, Nalacheritham 4",Malapuram,,Kerala,India,"Nala: Kottakkal Kesavan, Karkodakan: Kala. Ramachandran Unnithan, Bahuka: Kottakkal Chandrashekara Warrier, Sudeva: Kala. Ramachandran Unnithan, Damayanthi: RLV Radhakrishnan, Jivalan: Kottakkal Unnik",,Madhavan,archive2010-1q.asp
29-03-10,"Santhana Gopalam, Bali Vijayam, Gitopadesham",Sri Vallabha Kshetram,Thiruvalla,Kerala,India,"Krishna: Kala. Pradeep, Arjuna: Sadanam Krishnankutty, Brahmana: Kala. Kesavan Namboothiri, Brahmana patni: Kalanilayam Vinod, Bali: Kavumkal Divakara Paniker, Ravana: Kottakkal Nandakumar Nair, Narad",,Hari,archive2010-1q.asp
29-03-10,Nalacheritham 3,Kilimanoor,,Kerala,India,"Nala: Kala. Balasubramanian, Karkodakan: Kala. Hari R. Nair, Bahuka: Kala. Gopi, Sudeva: Mathoor Govindankutty, Damayanthi: Kudamaloor Muralikrishnan, Rithuparna: Kala. Arun Warrier, Jivalan: Kala. Ar",,Baburaj,archive2010-1q.asp
28-03-10,Kathakali pada kacheri,Vaidyamedham Palakkad,Palakkad,Kerala,India,"Pattu: Kottakkal Madhu, Kala. RamMohan, Meera RamMohan, Chenda: Sadanam Ramakrishnan, Maddalam: Kala. Raj Narayanan, Eddakka: Periyanoor Sreedharan",,Hari,archive2010-1q.asp
28-03-10,"Rugmangada Cheritham, Ayyappa Cheritham",Punaloor,Kollam,Kerala,India,"Thonnakkal Peethambaran, Oyoor Ramachandran, Kala. Biju, Kalirangam Biju Lal, Kalabharathi Gireeshan, Pattu: Kala. Sajeev, Parimanam Madhu, Kalavedi Suresh, Chenda: Kala. Raman Namboothiri, Maddalam: ",,Hari,archive2010-1q.asp
28-03-10,(Purappadu & Melappadom) UTHARASWAYAMWARAM,Elavoor Puthankavu Bhagavathy Temple------7-30 pm,Ernakulam,Kerala,India,PSV NATYA SANGHOM KOTTAKKAL.,"Temple Advisory Committee-04842473102,9961633453",NANDAKUMAR,archive2010-1q.asp
28-03-10,Nalacharitham2nd day Duryodhanavadham,ThelampattaSashtypoorthy RohinyMandapam Guruvayur 8pm,trichur,Kerala,India,PadmasreeKalaGopi KalanilayamUnnikrishnan,ThelampattaKrishnan Namboodiri,NarayananR,archive2010-1q.asp
27-03-10,Krishnaleela( By Dr P Venugopalan),"Changampuzha Park, Edapally 6.30 PM",Ernakulam,Kerala,India,"Kal Vijayakumar (Devaki) ; Kal Mukundan (Sree Krishnan) Kal Shanmughan (Yasoda) Kal Hareesh; Kalanilayam Rajeevan(Music); Kal Sreekanth Varma, Kalanilayam Ratheesh (Chenda/Edakka); Kalanilayam Manoj (",Edapally Kathakali Aswadaka Sadas,Renjith R 9447161980,archive2010-1q.asp
27-03-10,1. Keechaka Vadham 2. Nizhalkuthu,"Karthiyayani Devi Temple, Manickamangalam",Ernakulam,Kerala,India,Will updated soon,9447458610,Anil.C,archive2010-1q.asp
27-03-10,"Karnasapatham, Lavanasuravadham, Dakshayagam",Vaidyamadham Mezhathur 8 PM,Palakkad,Kerala,India,"Vesham : Padmasree Kala Gopi, Vasu Pisharody, K G Vasu, Sadanam Krishnankutty, Mathur Govindankutty, Naripatta Narayanan Nambudiri, Kala Ramachandra Unnithan, Pattu : Madambi Subramanian Nambudiri, Pa",aseethyaghoshacommittee,K M Narayanan,archive2010-1q.asp
27-03-10,KRISHNALEELA (Written By Dr.P.Venugopal,CHANGAMPUZHA PARK at 6 PM,ERNAKULAM,Kerala,India,"Kala.Vijayakumar( DEVAKI ), Kala.Mukundan (SREEKRISHNAN), Kla.Shanmukhan (YASODA)PATTU by Kalanilayam Rajeevan & Kala. Ajesh, Chenda / Edakka by Kala.Sreekanth Varma, Maddalam by Kalanilayam Manoj","EDAPPALLY KATHAKALI ASWADAKA SADAS, 0484 233162",RAMDAS,archive2010-1q.asp
27-03-10,Santhana Gopalam,Kottayam,Kottayam,Kerala,India,"Kalanilayam Vijayan, Kala. Kesavan Namboothiri, etc",,Hari,archive2010-1q.asp
27-03-10,Lavanasura Vadham,Chambakkara Thripunithura 8:30 pm,Ernakulam,Kerala,India,"Sita: RLV Radhakrishnan, Kusha: RLV Sunil, etc, Pattu: Kottakkal P.D. Namboothiri, Thripunithura Sasi, Chenda: Kalanilayam Ratheesh",,Hari,archive2010-1q.asp
27-03-10,Ayyappa Cheritham,Sri Vallabha Kshetram Thiruvalla,Alleppey,Kerala,India,"Cheriyankeer Murugan, Thiruvalla Harikumar, Chattanoor Kochu Narayana Pillai, Arakanoor Gopalakrishnan, Kalanilayam Madhavan Namboothiri, Kala. Sudeep, Pattu: Kala. Surendran, Parimanam Madhu, Chenda:",,Hari,archive2010-1q.asp
27-03-10,Devayani Cheritham,Puthiyakavu Temple Kollam,Kollam,Kerala,India,"Kala. Balasubramanian, Margi Vijayakumar, Chattanoor Kochu Narayana Pillai, Kala. Ravikumar, Pattu: Pathiyoor Shankarankutty, Margi Nandakumar, Kalanilayam Rajeev, Chenda: Kala. Krishnadas, Margi Venu",,Hari,archive2010-1q.asp
27-03-10,"Karna Shapadam, Lavanasura Vadham, Daksha Yagam",Vaidyamedham Mezhathur Palakkad,Palakkad,Kerala,India,"Karna: Kala. Gopi, Duryodhana: Kala. Vasu Pisharody, Dussassana: Pariyanampatta Divakaran, Kunthi: Mathoor Govindankutty, Bhanumathi: Kala. Arun Warrier, Sita: Kala. K.G. Vasudevan, Hanuman: Sadanam N",,Hari,archive2010-1q.asp
26-03-10,Santhana Gopalam,Ernakulam,Ernakulam,Kerala,India,"Pattu: Kottakkal Narayanan, Kottakkal Narayanan V, Kottakkal Santhosh, Maddalam: Kottakkal Radhakrishnan, etc",,Hari the Midget,archive2010-1q.asp
26-03-10,"Poothana Mooksham, Kara Vadham",Purovilakad after Ettumanoor,Kottayam,Kerala,India,"Kala. Devadas, Kala. Bhagyanathan, Kala. Prasanth, Kala. Pradeep, Pattu: Kottakkal P.D. Namboothiri, Kala. Surendran, Kala. Jayaprakash, Parimanam Madhu, Chenda: Kala. Raman Namboothiri, Kidanganoor R",,Hari,archive2010-1q.asp
25-03-10,Nalacheritham 4,Kollam,Kollam,Kerala,India,"RLV Radhakrishnan, etc",,Hari,archive2010-1q.asp
25-03-10,SUBADRAHARANAM,"Puthur Temple, 8.30 p.m",Palakkad,Kerala,India,"Arjunan - Padmashri Kal Gopi, Krishnan - Ranjini Nair (Dubai), Subadra - Sucheendran. Pattu - Maadampi. Chenda - Unnikrishnan, etc",Puthur Temple Committee,Anand,archive2010-1q.asp
25-03-10,"Rugmangada Cheritham, Thorana Yudham",Puthiyakavu Temple Kollam,Kollam,Kerala,India,"Sadanam Krishnankutty, Margi Vijayan, Margi Harivalsan, Margi Suresh, Kottakkal Ravikumar, Kala. Ravikumar, Kala. Balasubramanian, Inchakkad Ramachandran Pillai, Kalanilayam Muralidharan Pillai, Margi",,Hari,archive2010-1q.asp
25-03-10,Thoranayudham,"Ernakulam Gramajana Samooham Hall, 6.30 p.m.",Ernakulam,Kerala,India,"Kala. Soman, Kalanilayam Gopinathan, Dr. A.K.Sabhapathi, RLV Pramod, FACT Biju Bhaskar, RLV Sunil Accompaniment: Kala.N.N.Kolathappally, Kala. Ajesh Prabhakar (vocal), Kala.Balasundaran (chenda), Kala",Ernakulam Kathakali Club,Renu,archive2010-1q.asp
25-03-10,Thorana Yudham,"Ernakulam Kathakali Club- GRAMAJANA SAMOOHAM Hall, 6PM",Ernakulam,Kerala,India,"Kala. Soman, Kalanilayam Gopinath, Dr.A.K.Sabhapati, RLV Pramod, RLV Sunil, FACT Biju Baskar, Pattu: Kala. Narayana Namboothiri Kolathapalli, Kala. Ajesh Prabhakar, Chenda: Kala. Balasundaran, Maddala",Ernakulam Kathakali Club,Hari,archive2010-1q.asp
25-03-10,Nalacheritham 4,Variyanoor,,Kerala,India,"Kala. Shanmugan, Kala. Mukundan, Kala. Vijayan, Pattu: Pathiyoor Shankarankutty, Kala. Jayaprakash, Chenda: Kala. Sreekanth Varma, Maddalam: Kalanilayam Manoj",,Hari,archive2010-1q.asp
25-03-10,Prahlaada Charitham,"Brahmakulangara Temple, Irinjalakuda",Thrissur,Kerala,India,"Hiryanan - Kaln. Gopi, Sukran - Kaln. Raghavan, Narasimham - Vinod Warrier, Kln. Embrandiri, Kala Rajendran, Kln. Sivadas, Kln. Prakashan, Kln. Prasanth(Chutti)",Brahmakulangara Temple,Vinod Warrier,archive2010-1q.asp
24-03-10,Ramayana,Paravoor Temple Kollam,Kollam,Kerala,India,"Kottakkal Chandrashekara Warrier, Kala. Vijayakrishnan Unnithan, Kottayam Ramakrishnan, Thonakkal Peethambaran, Chattanoor Kochu Narayana Pillai, Kala. Ramachandran Unnithan, Biju Lal, Sadanam Naripat",,Hari Bala-Simcoe,archive2010-1q.asp
24-03-10,"Karna Shapadam, Duryodhana Vadham",Atingal,Thiruvananthapuram,Kerala,India,"Kottakkal Devadas, etc, Pattu: Pathiyoor Shankarankutty, Kala. Jayaprakash, Kottakkal Santhosh, etc",,Hari the Midget,archive2010-1q.asp
24-03-10,"Karna Shapadam, Duryodhana Vadham",Atingal,,Kerala,India,"Sadanam Krishnankutty, Margi Vijayakumar, Kottakkal Devadas, Pattu: Pathiyoor Shankarankutty, Kala. Jayaprakash, Kottakkal Santhosh, Chenda: Kala. Raman Namboothiri",,Hari,archive2010-1q.asp
24-03-10,"Keechaka Vadham, Kiratham",Aranmula,Pattanamthitta,Kerala,India,"Keechaka: FACT Mohan, Syrandri: Kala. Kesavan Namboothiri, Sudeshna: Kala. Arun, Thiruvalla Babu, Talavadi Aravindan, Kala. Krishnaprasad, Pattu: Kala. Surendran, Kalavedi Suresh, Chenda: Kidanganoor ",,Hari,archive2010-1q.asp
24-03-10,"Keechaka Vadham, Kiratham",Puthiyakavu Temple Kollam,Kollam,Kerala,India,"Madavoor Vasudevan Nair, Mathoor Govindankutty, Margi Sukumaran, Kalanilayam Muralidharan Pillai, Atingal Peethambaran, Kala. Rajeev, Kala. Ratheesh, Mari Harivalsan, Kalanilayam Gopan, Pattu: Kala. K",,Hari,archive2010-1q.asp
24-03-10,KUCHELAVRITHAM,Kalarikkal temple Vilayoor near Pattambi 0645pm,Palakkad,Kerala,India,VeshamKalaArunVarier KalaSacheendranath Pattu NedumpillyRammohan ChendaKalaHareesh MaddalamKalaVenu,Temple committee,LICNarayanankutty,archive2010-1q.asp
23-03-10,"POOTHANAMOKSHAM (LALITHA)-By School of Kathali, Palace, Pandalam","PALATHUBHAGHAVATHI TEMPLE, NEAR CHIRAKKADAVU-PONKUNAM",KOTTAYAM,Kerala,India,"FACT JAYADEVA VARMA,KALAVEDI SURESH,KALA SREEKANTH VARMA,KALA ACHUTHA VARIER, Program dedicated to kalamandalam (vaikom) Karunakaran Asan",JD varma :- 9496950919,"DEVAMRUTHAM,PANDALAM",archive2010-1q.asp
23-03-10,"Nalacharitham Randam Divasam, Kiratham","Thamarakkulam Sri Durga Bhagavathy Temple, Pallipuram",Trivandrum,Kerala,India,"Nala - Padmasree Kala Gopi, Damayanthi - Kala Shanmughan, Pushkara - Kala Krishnakumar, Kali - Kala Ramachandranunnithan, Dwaparan - Kala Hari R Nair, Kattalan - Kala Ramachandranunnithan, Kattalan(Ki",09847797801,Gopakumar,archive2010-1q.asp
23-03-10,Rambha Pravesham,Puthoor,Palakkad,Kerala,India,"Madavoor Vasudevan Nair, RLV Radhakrishnan, etc",,Hari,archive2010-1q.asp
23-03-10,KARNA SHAPADHAM & DHAKSHAYAGAM,"THIRUMANTHAMKUNNU BHAGAVATHY TEMPLE ANGADIPPURAM, 9 PM",MALAPPURAM,Kerala,India,P.S.V NATYASANGHAM KOTTAKKAL,,RAJU,archive2010-1q.asp
23-03-10,Nalacheritham 2,Puthiyakavu Temple Kollam,Kollam,Kerala,India,"Nala: Kottakkal Chandrashekara Warrier, Damayanthi: Margi Vijayakumar, Kali: Nelliyod Vasudevan Namboothiri, Dwaparan: Margi Suresh, Indra: Margi Sukumaran, Pushkara: Kottakkal Kesavan, Kattalan: Inch",,Hari,archive2010-1q.asp
22-03-10,Daksha Yagam,Cherthala,Ernakulam,Kerala,India,"Kala. Shankaranarayanan, FACT Padmanabhan, Sadanam Vijayan, Kala. Kaladasan, Pattu: Kala. Rajesh Babu, Kala. Sreejith, Chenda: Gopikrishnan Thampuran, Maddalam: Sadanam Sreejesh",,Hari,archive2010-1q.asp
22-03-10,UTHARA SWAYAMVARAM,SANKARANKULANGARA TEMPLE PUNKUNNAM,TRICHUR,Kerala,India,"Brihannala - Kala. Pradeepkumar, Utharan - Kalanilayam Vinod(Thiruvalla)Syrandri- Vellinezhi Haridas Utharapathni- Kala.Suchindran, Pattu:Kottakal Madhu & Nedumpilly Rammohan Chenda : Kottakal Vijayar",,VIVEK PUTHIYEDATH,archive2010-1q.asp
22-03-10,,Trivandrum,Thiruvananthapuram,Kerala,India,RLV Radhakrishnan,,Hari the Midget,archive2010-1q.asp
22-03-10,"Kuchella Vrittam, Uthara Swayamvaram",Varkala,,Kerala,India,"Kala. Vijayan, etc",,Hari,archive2010-1q.asp
22-03-10,"Sita Swayamvaram, Narakasura Vadham",Near Chattanoor - Kollam,Kollam,Kerala,India,"Parasurama: Kala. Kesavan Namboothiri, Narakasura: Sadanam Krishnankutty, Nakratundi: Arkanoor Gopalakrishnan, Lalitha: Kala. Shanmugan, Rama: Arkanoor Gopan, Pattu: Kala. Mohanakrishnan, Kala. Sajeev",,Hari,archive2010-1q.asp
22-03-10,Sita Swayamvaram,Kolambara Kollam,Kollam,Kerala,India,"Sadanam Krishnankutty, Kottakkal Kesavan, etc, Chenda: Kala. Raman Namboothiri",,Hari,archive2010-1q.asp
21-03-10,"KARNASAPADHAM,NARAKASURAVADHAM",NJANGATTIRI BHAGAVATHY TEMPLE. Pattambi,Palakkad,Kerala,India,P S V NATYASANGHAM,Njangattiri NIRAMALA Aghosham,Ranjith skm,archive2010-1q.asp
21-03-10,"Rukhmangathacharitham, Kiratham","Thrikkariyoor Mahadeva kshethram, Thrikkariyoor, Kothamangalam",Ernakulam,Kerala,India,"Artists of both 20th and 21st were shown commonly in the notice are- Nelliyodu vasudevan namboothiri, Sadanam Krishnankutti, chathanoor narayanapillai, RV Sasikumar, RLV Radhakrishnan, kalanilayam Raj",TDB & Kshethropadesaka samithi,Nandakishor pookote,archive2010-1q.asp
21-03-10,DakshaYagam 7.30 PM,"RAVIPURAM TEMPLE, Near South Ekm",Ernakulam,Kerala,India,"Kala Balasubramanian, Chenda: Gopikrishnan Tamburann",Tmple,Srikumar,archive2010-1q.asp
21-03-10,Duryodhana Vadham,Trivandrum,Thiruvananthapuram,Kerala,India,"Nelliyod Vasudevan Namboothiri, etc, Chenda: Kala. Raman Namboothiri",,Hari,archive2010-1q.asp
20-03-10,"Nalacheritham 4, Nizhal Kuttu",Pandalam,,Kerala,India,"Bahuka: Kala. Vasu Pisharody, Damayanthi: FACT Padmanabhan, Kesini: Kalakendram Muralidharan Namboothiri, Duryodhana: FACT Mohan, Dhoothan: Pandalam Unnikrishnan, Thrigarthan: Thatta Unnikrishnan, Mal",,Sureshkumar,archive2010-1q.asp
20-03-10,"Kuchelavrutham, Duryodhanavadham","Thrikkariyoor Mahadeva kshethram, Thrikkariyoor, Kothamangalam",Ernakulam,Kerala,India,"Artists of both 20th and 21st were shown commonly in the notice are- Nelliyodu vasudevan namboothiri, Sadanam Krishnankutti, chathanoor narayanapillai, RV Sasikumar, RLV Radhakrishnan, kalanilayam Raj",TDB & Kshethropadesaka samithi,Nandakishor Pookote,archive2010-1q.asp
20-03-10,"Nalacheritham 4, Nizhal Kuttu",Pandalam,,Kerala,India,"Kala. Vasu Pisharody, FACT Padmanabhan, FACT Mohan, Talavadi Aravindan, Oyoor Ramachandran, Pattu: Kalanilayam Unnikrishnan, Kala. Balachandran, Kala. Sajeev, Chenda: Ayamkudi Unnikrishnan, Kuroor Vas",,Hari,archive2010-1q.asp
20-03-10,"Nala.Onnam Divasam, Rajasooyam (Vatakkan)",PARAMEKKAVU AGRASALA,Thrissur,Kerala,India,"Kalanilayam Unnikrishnan (will be awarded Suvarna Mudra) , Nalan - Kala. Gopi, Shishupalan - Kotta. Nandakumar, Jarasandhan - Kala. Ramachandran Unnithan, Singer - Kalanilayam Unnikrishnan, Chenda - K","Kathakali Club, Trichur",Nikhil,archive2010-1q.asp
19-03-10,Karna Shapadam,Alway,Ernakulam,Kerala,India,"Karna: Kala. Balasubramanian, Kunthi: Kala. Kesavan Namboothiri, etc",,Hari the Midget,archive2010-1q.asp
19-03-10,,Kollam,Kollam,Kerala,India,Pattu: Pathiyoor Shankarankutty,,Hari the Midget,archive2010-1q.asp
19-03-10,Keechaka Vadham,Pathanamthitta,Pathanamthitta,Kerala,India,"FACT Padmanabhan, Chattanoor Rajeev, Bijukumar, Pattu: Kala. Sajeev, Chenda: Kala. Raman Namboothiri, Maddalam: Kala. Achutha Warrier",,Hari,archive2010-1q.asp
19-03-10,kiratham,"chikkabellpura,bangalore",,karnataka,India,"sadanam vijayan,kala.vipin,thrippyya peethambharan,kalluvazhi gopi(vesham) kala.sukumaran, kala.viswas(singers) kala.vijayakrishnan(chenda) kala.venu(madhalam),kala.sivaraman(chutti) kuttan,mohanan(gr","M.N.VINAYAKUMAR, JANABHERI,SHORNUR 9447995636",m.n.vinayakumar,archive2010-1q.asp
19-03-10,"Krishna Leela, Daksha Yagam",Kollam,Kollam,Kerala,India,"Kala. Shanmugan, Kala. Mukundan, Kala. Vijayan, etc, Pattu: Pathiyoor Shankarankutty, Kala. Jayaprakash, Kalanilayam Rajeev, Chenda: Kala. Krishnadas, Kala. Sreekanth Varma, Maddalam: Kalanilayam Mano",,Hari,archive2010-1q.asp
19-03-10,"Rungmangada Charitham,Nizhalkuthu","Malanada temple,near Poruvazhy",Kollam,Kerala,India,"Sadanam Krishnankutty,Kal.Ramachandran Unnithan,Thonnakkal Peethambaran,Kal.Ramachandran,RLV Radhakrishnan,Kal.Hari.R.Nair,Kal.Anilkumar.Pattu-Pathiyoor sankarankutty,kal.Balachandran",committee,"suresh.v,kollam",archive2010-1q.asp
18-03-10,NALA CHARITHAM DAY 2 & PRAHLADA CHARITHAM,UMAYANALLOOR SREE BALASUBRAMANIA SWAMY TEMPLE,KOLLAM,Kerala,India,"NALAN BALASUBRAMANIAM, DAMAYANTHI SHANMUGHAN , PUSHKARAN NEELAMPEROOR VIJAYAN, KALI NELLIYODU , DWAPARAN ARKANNOOR GOPALAKRISHNAN , KATTALAN THONNAKKAL PEETHAMBARAN , HIRANYA KASUPU KAL RAVIKUMAR, NAR",,anand,archive2010-1q.asp
18-03-10,NALA CHARITHAM DAY 2 & PRAHLADA CHARITHAM,UMAYANALLOOR SREE BALASUBRAMANIA SWAMY TEMPLE 9 30 PM,KOLLAM,Kerala,India,Nalan Balasubramanyam Damayanthi Shanmughan Pushkaran Neelamaperoor Vijayan Kali Thalavadi Aravindan Kattalan Thonnakkal Peethambaran Hiranya kasupu Kal Ravikumar Prahladan Kal Vyasakh Narasimham Arkk,,vijayakumar,archive2010-1q.asp
18-03-10,"Kirmeera Vadham, Malla Yudham, Keechaka Vadham",Thirunakkara Temple Kottayam,Kottayam,Kerala,India,"Kala. Gopi, Sadanam Krishnankutty, Madavoor Vasudevan Nair, Margi Vijayakumar, Mathoor Govindankutty, Kala. Ramachandran Unnithan, Kala. Suchindran, Kala. Chinosh, Kala. Neeraj, Pattu: Kottakkal Naray",Radhakrishna Warrier,Harikumar,archive2010-1q.asp
18-03-10,,Kollam,Kollam,Kerala,India,Pattu: Pathiyoor Shankarankutty,,Hari the Midget,archive2010-1q.asp
18-03-10,"Kiratham, Keechaka Vadham",Thirunakkara Temple Kottayam,Kottayam,Kerala,India,"Kala. Gopi, Sadanam Krishnankutty, Madavoor Vasudevan Nair, Mathoor Govindankutty, Margi Vijayakumar, Kala. Ramachandran Unnithan, Pattu: Kalanilayam Unnikrishnan, Palanad Divakaran, Kala. Babu Namboo",,Hari the Midget,archive2010-1q.asp
18-03-10,"Nalacharitham randam divasam,Prahalada charitham","Umayanalloor Subramaniya swami Temple,near Kottiyam(N.H.47)9.30P.M",Kollam,Kerala,India,"Nalan-Kal.Balasubramaniyan,Kattalan-Thonnackal Peethambaran,Damayanthi-Kal.Shanmughan,Pushkaran-Neelamperoor Vijayan,Kali-Thalavadi Aravindan,Hiranyakashipu-Kal.Ravikumar,Narasimham- Arkanoor Gopalakr",9447430726,"Parthasarathy,Umayanaloor",archive2010-1q.asp
17-03-10,"Devayani Charitham, Lavanasura Vadham, Ambarisha Charitham, Nizhal Kuttu",Puthingal Temple Kollam,Kollam,Kerala,India,"Sadanam Krishnankutty, Nelliyod Vasudevan Namboothiri, Kala. Krishnakumar, Kottakkal Chandrashekara Warrier, Madavoor Vasudevan Nair, Kala. Rajashekaran, Kottayam Ramakrishnan, Thonnakkal Peethambaran",,Hari Bala-Simcoe,archive2010-1q.asp
17-03-10,"Lavanasura Vadham, Daksha Yagam",Thirunakkara Temple Kottayam,Kottayam,Kerala,India,Kottakkal Troup,,Hari the Midget,archive2010-1q.asp
17-03-10,,Puthingal Temple Kollam,Kollam,Kerala,India,"Kala. Gopi, Sadanam Krishnankutty, RLV Radhakrishnan, Pattu: Pathiyoor Shankarankutty, Kala. Balachandran",,Hari the Midget,archive2010-1q.asp
17-03-10,DAKSHAYAGAM,Valloor SivaTemple Pattambi 8PM,Palakkad,Kerala,India,VeshamKavungalDivakaraPanikkarKalaSivadasan MusicKalaJayaprakashSadanamJyothisbabu ChendaKalaNandakumar MaddalamKalaNarayanan,KalaSivadasan,KalaSivadasan,archive2010-1q.asp
17-03-10,"Kacha Devayani, Sathyavathi Parinayam, Ambareesha Cheritham, Nizhal Kuttu",Puthingal Kollam,Kollam,Kerala,India,"Kala. Gopi, Sadanam Krishnankutty, Nelliyod Vasudevan Namboothiri, Kala. Krishnakumar, Kalanilayam Balakrishnan, Madavoor Vasudevan Nair, Kala. Rajashekaran, Thonnakkal Peethambaran, Chattanoor Kochu ",,Hari,archive2010-1q.asp
16-03-10,"Kuchella Vrittam, Duryodhana Vadham",Thirunakkara Temple Kottayam,Kottayam,Kerala,India,Kottakkal troup,Radhakrishnan Warrier,Hari the Midget,archive2010-1q.asp
15-03-10,"Santhana Gopalam , Bali Vadham","Muduvilakkad Parthasarathy Temple,near sasthamkotta,.Time 9 P.M",Kollam dist,Kerala,India,"Arjuna: Sadanam Krishnankutty, Brahmana: Kala. Kesavan Namboothiri, etc Balivadham - Bali-Kal.Ramachandran Unnithan,Sugreevan-Kala.Hari.R.Nair,Pattu-Pathiyoor Sankarankutty,Chenda-Kal.Krishnadas",,Hari the Midget,archive2010-1q.asp
15-03-10,"Nalacheritham 1, Nizhal Kuttu",Cheriyankeer,,Kerala,India,"Chattanoor Kochu Narayana Pillai, FACT Mohan, Kala. Rajashekaran, Thiruvalla Harikumar, Kalirangam Gireeshan, Cheriyankeer Murugan, Pattu: Kala. Surendran, Kala. Mohanakrishnan, Krishnakumar, Chenda: ",,Hari,archive2010-1q.asp
15-03-10,Kalyana Saugandhikam,Trissur,Trissur,Kerala,India,"Kala. Pradeep, Sadanam Bhasi, etc Chenda: Kala. Balasundaran",,Hari,archive2010-1q.asp
14-03-10,Utharaswayamvaram (Up to Thrigarthavattam),"Kalikkotta Palace, Thripunithura. 6 p.m.",Ernakulam,Kerala,India,"VESHAM-S/Sri. Kaln.Balakrishnan-Duryodhanan, Sad.Sadanandan-Bhanumathi, R.L.V.Pramod-Doothan,Kal.Radhakrishnan-Bheeshmar,Kal.Hari R.Nair-Thrigarthan,R.L.V.Sreesanth Sarma-Viradan,Kal.Radhakrishnan-Val",Thripunithura Kathakali Kendram,"Biju Anand, North Paravur",archive2010-1q.asp
14-03-10,Banayudham(sampoornam),"Ayodhyaa Auditorium, Payyannoor. 4pm",Kannur,Kerala,India,"P.S.V.Natyasangham, Kottakkal",Payyannur Kathakaliarangu,Dr.Pavithran,archive2010-1q.asp
13-03-10,"Ambareesha Cheritham, Daksha Yagam",Kollam,Kollam,Kerala,India,"Kala. Sreekumar, Chattanoor Kochu Narayana Pillai, Kala. Shivan, Cheriyankeer Murugan, etc",,Hari,archive2010-1q.asp
13-03-10,RAAJASOOYAM (VATAKKAN ),"KALANILAYAM HALL , IRINJALAKUDA 5.30p m (CLUB PROGRAMME)",Thrissur,Kerala,India,"jarasandhan:Ktl.Devadasan,Brahmanar:Vellinezhi Haridasan,Klm.Manojkumar, Sdn.Sadanandan,Bheemasenan:Klm.Pradeepkumar,Arjunan:RLV Sunilkumar, Sreekrishnan:Sdn.Bhasi,Sisupalan:Ktl.Chandrasekharan,Dharma","KATHAKALI CLUB, IRINJALAKUDA 9249800700",M.K.ANIYAN,archive2010-1q.asp
13-03-10,Raja Sooyam,Irinjalakuda,,Kerala,India,"Kala. Pradeep, Sadanam Bhasi, Sadanam Sadanandan, etc",,Hari,archive2010-1q.asp
10-03-10,Duryodhana Vadham,"Somewhere in Australia Give details, What is the use of this? -A Fan.",,Kerala,India,"Kala. Balasubramanian, Kala. Krishnakumar, Kala. Prasanakumar, Kala. Soman, Kala. Mukundan, Kala. Vaishak, Kala. Babu, Pattu: Kala. Bhavadas, Kala. Harish, Chenda: Kala. Unnikrishnan, Kala. Varanasi N",,Hari the Midget,archive2010-1q.asp
10-03-10,Ravana Udhbhavam,Kottayam,Kottayam,Kerala,India,"Kottakkal Kesavan, Pattu: Kalanilayam Rajeev, Kottakkal Santhosh,",,Hari,archive2010-1q.asp
09-03-10,Duryodhana Vadham,"Melbourne, Australia",,Melbourne,Australia,"Kala. Balasubramanian, Kala. Krishnakumar, Kala. Prasanakumar, Kala. Soman, Kala. Mukundan, Kala. Vaishak, Kala. Babu, Pattu: Kala. Bhavadas, Kala. Harish, Chenda: Kala. Unnikrishnan, Kala. Varanasi N",,Hari the Midget,archive2010-1q.asp
09-03-10,"Rugmangada Cheritham, Karna Shapadam, Ambareesha Cheritham, Gitopadesham",Ettumanoor,Kottayam,Kerala,India,"Rugmangada: Kala. Gopi, Mohini: Margi Vijayakumar, Dharmangada: Unni, Sandhyavali: Aranmula Krishnakumar, Brahmins: Thiruvalla Babu, Thiruvalla Sadashivan, Thadayil Unnikrishnan, Vishnu: Thiruvalla Ha",Comitee,Hari,archive2010-1q.asp
08-03-10,"Purapad, Double Melapadam, Karna Shapadam, Bali Vadham",Trissur,Trissur,Kerala,India,"Karna: Sadanam Krishnankutty, Duryodhana: Kala. Kuttikrishnan, Dussassana: Kala. Chinosh Balan, Kunthi: Mathoor Govindankutty, Bhanumathi: Kudamaloor Muralikrishnan, Bali: Kala. Kesavadev, Sugreeva: K",,Babu,archive2010-1q.asp
08-03-10,Kiratham,Payyanur,Kannur,Kerala,India,"Kattalan: Kala. MPS Namboothiri, Kattalastree: Kala. K.G. Vasudevan, Arjuna: Kala. Vasu Pisharody, Shiva: Kalanilayam Karunakara Kurup, Parvathi: Kala. Myannad Rajeev, Pattu: Kala. Vinod, Nedumpally R",,Babu,archive2010-1q.asp
08-03-10,Duryodhana Vadham,"Adelaide, Australia",,Adelaide,Australia,"Kala. Balasubramanian, Kala. Krishnakumar, Kala. Prasanakumar, Kala. Soman, Kala. Mukundan, Kala. Vaishak, Kala. Babu, Pattu: Kala. Bhavadas, Kala. Harish, Chenda: Kala. Unnikrishnan, Kala. Varanasi N",,Hari the Midget,archive2010-1q.asp
07-03-10,Duryodhana Vadham,"Adelaide, Australia",,Adelaide,Australia,"Kala. Balasubramanian, Kala. Krishnakumar, Kala. Prasanakumar, Kala. Soman, Kala. Mukundan, Kala. Vaishak, Kala. Babu, Pattu: Kala. Bhavadas, Kala. Harish, Chenda: Kala. Unnikrishnan, Kala. Varanasi N",,Hari the Midget,archive2010-1q.asp
07-03-10,Kuchella Vrittam,Evoor,,Kerala,India,"Kala. Krishnaprasad, Kala. Rajashekaran, Cheriyankeer Murugan",,Hari,archive2010-1q.asp
07-03-10,Kirmeera Vadham,Kottayam Kathakali Kalirangam 4:00 pm,Kottayam,Kerala,India,"Kottakkal Vasudevan, Kudamaloor Muralikrishnan, Pariyampetta Soman",,Hari,archive2010-1q.asp
07-03-10,Balivadham (Panchavadi till Jadayu),"Perenakan Museum, Singapore 1 PM and 3 PM",CBD,City hall MRT,Singapore,"Sarva Sri. Kala. Biju as Sri Raman, Ganesh Iyer as Seetha, Anish as Lakshmanan, Sarath as Ravanan, Kalarangam Santhosh as Jadayu Music: Sajith, Kala. Prasad, Ramesh Varrier Refer kathakali-art.blogspo",http://kathakali-art.blogspot.com,Ganesh,archive2010-1q.asp
07-03-10,Santhana Gopalam,Sri Krishna Swami Temple Kudamaloor,Kottayam,Kerala,India,"Kala. Bhagyanathan, Kala. Prasanth, Kala. Vijayan, Kottakkal Devadas, Pattu: Kala. Balachandran, Kalanilayam Sinu, Chenda: Kidangoor Rajesh, Maddalam: Kottakkal Hari",,Hari,archive2010-1q.asp
07-03-10,"Nalacheritham 4, Kuchella Vrittam,",Payyanur,Kannur,Kerala,India,"Bahuka: Kala. Vasu Pisharody, Damayanthi: Mathoor Govindankutty, Kesini: Kudamaloor Muralikrishnan, Krishna: Kala. Shanmugan, Kuchella: Kala. MPS Namboothiri, Rukmini: Kala. Suchindran, Pattu: Kala. G",,Babu,archive2010-1q.asp
07-03-10,"Purapad, Melapadam, Poothana Mooksham, Karna Shapadam, Bali Vijayam, Duryodhana Vadham",Pala,Kottayam,Kerala,India,"Poothana: Radhika Nandakumar, Karna: Thonnakkal Peethambaran, Kunthi: RLV Radhakrishnan, Duryodhana: Kala. Vijayakrishnan Unnithan, Dussassana: Thalavadi Aravindan, Bhanumathi: Kalanilayam Vinod, Rava",,Gopalakrishnan,archive2010-1q.asp
06-03-10,Subhadraharanam,Vasudevapuram Sreekrishnaswamy temple 6.30 pm,Kottayam,Kerala,India,"Purappad-Master Aswanth Brahmanar-Kudamaloor Appukuttan Kala Arun,Thiruvanchoor Subhash,Balabadran-Kudamaloor Muralikrishnan,Sreekrishnan-Kudamaloor Rahul ,Pattu-Kala.Balachandran,Kalanilayam Sinu,Che",Sasikumar Arackal 9447507238,Sunil kumar,archive2010-1q.asp
06-03-10,Balivadham (Panchavadi till Jadayu),"Perenakan Museum, Singapore 1 PM and 3 PM",CBD,City hall MRT,Singapore,"Sarva Sri. Kala. Biju as Sri Raman, Ganesh Iyer as Seetha, Anish as Lakshmanan, Sarath as Ravanan, Kalarangam Santhosh as Jadayu Music: Sajith, Kala. Prasad, Ramesh Varrier Refer kathakali-art.blogspo",Perenakan Museum,Ganesh,archive2010-1q.asp
05-03-10,Santhana Gopalam,Kalara,,Kerala,India,"Kala. Kesavan Namboothiri, Thiruvalla Harikumar, Cheriyankeer Murugan, Kalabharathi Gireeshan, Pattu: Kala. Jayaprakash, Kalanilayam Babu, Chenda: Ayamkudi Unnikrishnan, Maddalam: Kalabharathi Jayasha",,Hari the Midget,archive2010-1q.asp
04-03-10,UTHARAASWAYAMVARAM (SAMPOORNAM ),"SITHIKANDHAPURAM SREEMAHAADEVAKSHETHRAM,WEST KORATTY.9pm",Thrissur,Kerala,India,P.S.V.NAATYASAMGHAM MAJOR TROUP PRESENTATION,ASHTAMIVILAKKU MAHOTSAVAM,M.K.ANIYAN,archive2010-1q.asp
03-03-10,"Poothana Mooksham, Santhana Gopalam, Gitopadesham, Prahalada Cheritham",Aranmula,Pattanamthitta,Kerala,India,"Poothana: Oyoor Ramachandran, Krishna: Kala. Pradeep, Arjuna: Sadanam Krishnankutty, Brahmana: Kala. Kesavan Namboothiri, Brahmana patni: Kalanilayam Vinod, Krishna: FACT Padmanabhan, Arjuna: FACT Moh",,Jaya Parithamma,archive2010-1q.asp
02-03-10,"Purapad, Melapadam, Poothana Mooksham, Santhana Gopalam, Bali Vijayam, Gitopadesham",Aranmula Parthasarathy Temple,Pattanamthitta,Kerala,India,"Poothana: Radhika Nandakumar, Krishna: Kala. Pradeep, Arjuna: Sadanam Krishnankutty, Brahmana: Kala. Kesavan Namboothiri, Brahmana patni: Kalanilayam Vinod, Maid: Thiruvalla Babu, Bali: Kavumkal Divak",,Harikumar,archive2010-1q.asp
01-03-10,"KUCHELAVRUTHAM,LAVANAASURAVADHAM,BAALIVADHAM","SITHIKANDHAPURAM SREEMAHAADEVAKSHETHRAM,WEST KORATTY.9pm",Thrissur,Kerala,India,"Klm.RamachandranUnnithan,KadungallurNambeesankutty,RLVRadhakrishnan,Ktl.Devadas, Klm.Manoj,Klm.Vijayakumar,Klm.Mukundan,Klm.Shanmughadas,Klm.Sucheendranathan, RLV Sunil,RLV Pramod,Klm.Praveen,Klm.Adit",ASHTAMIVILAKKU MAHOTSAVAM,M.K.ANIYAN,archive2010-1q.asp
01-03-10,"Kuchella Vrittam, Lavanasura Vadham, Bali Vadham",Challakudi,,Kerala,India,"Krishna: RLV Radhakrishnan, Kala. Kesavan Nambeesan, Bali: Kala. Ramachandran Unnithan, Sugreeva: Kottakkal Devadas, Kala. Manoj, Pattu: Kottakkal Madhu, Kala. Harish, Kalanilayam Rajeev, Kala. Vasude",,Hari the Midget,archive2010-1q.asp
28-02-10,"Karna Shapadam, Sita Swayamvaram, Duryodhana Vadham",Paravoor Temple Kollam,Kollam,Kerala,India,"Sadanam Krishnankutty, Kala. Rajashekaran, Kala. Sudevan, Cheriyankeer Murugan, Sadanam Vishnuprasad, Chattanoor Kochu Narayana Pillai, Thonnakkal Peethambaran, Biju, Biju Lal, Pattu: Kala. Mohanakris",,Hari the Midget,archive2010-1q.asp
28-02-10,"Karna Shapadam, Sita Swayamvaram, Duryodhana Vadham",Paravoor Temple Kollam,Kollam,Kerala,India,"Sadanam Krishnankutty, Kala. Rajashekaran, Kala. Sudevan, Pattu: Kala. Mohanakrishnan, Kala. RamMohan, Sadanam Jyothishkumar, Chenda: Kuroor Vasudevan Namboothiri, Kala. Sreekanth Varma, Maddalam: Mar",,Hari the Midget,archive2010-1q.asp
28-02-10,Karna Shapadam,Trivandrum,Thiruvananthapuram,Kerala,India,"Karna: Thonnakkal Peethambaran, Kunthi: Oyoor Ramachandran, Bhanumathi: Cheriyankeer Murugan, Pattu: Kala. Jayaprakash",,Hari the Midget,archive2010-1q.asp
27-02-10,Thoranayudham,"Paramekkavu Agrasala, 6.30 PM",Thrissur,Kerala,India,"Kalamandalam Harinarayanan, Jishnu Nambudirippad etc","Kathakali CLub, Trichur",Nikhil,archive2010-1q.asp
27-02-10,"Nalacheritham 3, Daksha Yagam",Kollam,Kollam,Kerala,India,"Sadanam Krishnankutty, Kala. Krishnakumar, Cheriyankeer Murugan, etc",,Hari the Midget,archive2010-1q.asp
27-02-10,Kacha Devayani,Venbayam Trivandrum,Thiruvananthapuram,Kerala,India,"Kala. Kesavan Namboothiri, Kalanilayam Gopalakrishnan",,Hari,archive2010-1q.asp
27-02-10,KARNASAPATHAM,"6 P.M. at Changampuzha Park, EDAPPALLY",ERNAKULAM,Kerala,India,"Smt.Parvathy Menon ( DURYODHANAN ),Smt.Haripriya ( BHANUMATHY ), Smt.N.Geetha (DUSSASANAN ), Smt.Geetha Ramesan (KARNAN ), Smt.S.Sasikala (KUNTHI) PATTU (Music) by Kala.Hareesh & Kala.Sudheesh, CHENDA","EDAPPALLY KATHAKALI ASWADAKA SADAS, 0484 233162",RAMDAS,archive2010-1q.asp
27-02-10,KALYANASAWGANDIKAM (SHAWRYAGUNNAM) and NALACHARITHAM NALAMDIVASAM,ESWARAMANGALAM GAMAPATHI TEMPLE- SREEKRISHNAPURAM,PALAKAD,Kerala,India,KALA.PRADEEP,KALA. GOPALAKRISHNAN ANUSMARANA SAMITHI,VIVEK PUTHIYEDATH,archive2010-1q.asp
26-02-10,Kachadevayani (Devayani Charitham) written by Thazhavana Govindan Asan,"Kalakshetra Auditorium, Kalakshetra, Thiruvanmiyoor, Adayar, Chennai",CHENNAI,TAMIL NADU,India,"Kachan: Sadanam Krishnankutty, Devayani: Kalamandalam K.G. Vasudevan. Vocal: Nedumbally Raman & Sadanam Jyothish Babu. Chenda: Kuroor Vasudevan Namboothiri (Midukkan) RUKMINI DEVI BIRTHDAY CELEBRATION","KALAKSHETRA, Chennai","Sajeesh, Chennai",archive2010-1q.asp
26-02-10,Karna sapadam,"Uliyakovil Sreedurga Bhagavathy Temple,Kollam.11P.M",Kollam,Kerala,India,"KOt.Chandrasekhara warrier,Chavara Parukutty,Kala.Vijayakrishnan Unnithan,Kottarakkara Ganga.Pattu-Kala.Surendran,Margi Mohan.Chenda-Margi Venugopal.",P.Sulochana Amma,"suresh.v,kollam",archive2010-1q.asp
26-02-10,"Lavanasura Vadham, Nizhal Kuttu",Poradam Kollam,Kollam,Kerala,India,"Cheriyankeer Murugan, etc,",,Hari the Midget,archive2010-1q.asp
26-02-10,"Santhana Gopalam, Nizhal Kuttu",Punaloor Kollam,Kollam,Kerala,India,"Madavoor Vasudevan Nair, Kalabharathi Rajan, Kalabharathi Vasudevan, Cheriyankeer Murugan, Kalabharathi troup, Pattu: Kala. Surendran, etc",,Hari the Midget,archive2010-1q.asp
26-02-10,Karna Shapadam,Trivandrum,Thiruvananthapuram,Kerala,India,"Thonnakkal Peethambaran, RLV Radhakrishnan, etc",,Hari the Midget,archive2010-1q.asp
26-02-10,"Nalacheritham 2, Keechaka Vadham",Trivandrum,Thiruvananthapuram,Kerala,India,"Kottakkal Chandrashekara Warrier, Kala. Krishnakumar, Kala. Shanmugan, Kottakkal Kesavan, Kala. Ramachandran Unnithan, Cheriyankeer Murugan, Pattu: Kottakkal Narayanan, Kottakkal Madhu, Chenda: Ayamku",,Hari the Midget,archive2010-1q.asp
26-02-10,,Kollam,Kollam,Kerala,India,RLV Radhakrishnan,,Hari the Midget,archive2010-1q.asp
25-02-10,Kacha Devayani,Kidangoor,Pattanamthitta,Kerala,India,"Kacha: Kala. Gopi, Shukran: Kala. Kesavan Namboothiri, etc",,Hari the Midget,archive2010-1q.asp
25-02-10,"Nalacheritham 1, Narakasura Vadham",Kollam,Kollam,Kerala,India,"Sadanam Krishnankutty, RLV Radhakrishnan, Cheriyankeer Murugan, Chattanoor Narayana Pillai, Pattu: Kala. Balachandran, Chenda: Kala. Raman Namboothiri, Maddalam: Kala. Venukuttan",,Hari the Midget,archive2010-1q.asp
25-02-10,Kiratham,Sri Vallabha Kshetram Thiruvalla 12:00 pm,Alleppey,Kerala,India,soon...,Thiruvalla Radhakrishnan,Hari the Midget,archive2010-1q.asp
25-02-10,Devayani Cheritham,Kidanganoor,Kottayam,Kerala,India,"Kacha: Kala. Gopi, Devayani: Margi Vijayakumar, Shukran: Kala. Kesavan Namboothiri",,Hari Bala-Simcoe,archive2010-1q.asp
25-02-10,"Nalacharitham 1, Narakasura Vadham",Kollam,Kollam,Kerala,India,"Kottakkal Chandrashekara Warrier, RLV Radhakrishnan, Cheriyankeer Murugan, etc",,Hari the Midget,archive2010-1q.asp
24-02-10,Duryodhana Vadham,Sri Vallabha Kshetram Thiruvalla 12:00 pm,Alleppey,Kerala,India,soon,Thiruvalla Radhakrishnan,Hari the Midget,archive2010-1q.asp
24-02-10,"Kacha Devayani, Daksha Yagam",Kollam,Kollam,Kerala,India,"Kala. Balasubramanian, Kalanilayam Gopalakrishnan, Kala. Hari R. Nair, Cheriyankeer Murugan, Thiruvalla Harikumar, Pattu: Kala. Jayaprakash, Kala. Shivadas, Mangalam Narayana Namboothiri, Chenda: Kala",,Hari the Midget,archive2010-1q.asp
24-02-10,Duryodhanavadham,"Killorshi Temple,Kuttanassery",Palakkad,Kerala,India,"Kalanilayam Balakrishnan, Dr CP Unnikrishnan, Kalani Mohanan Varier, Ka Narayanan Kutty, Kalamandalam Mohanakrishnan, Vellinezhi Achuthan Kutty, Sadanam Ramadas",Vellinezhi Nanu Nair Smaraka Kalakendram,dr Vellinezhi Achuthan kutty,archive2010-1q.asp
23-02-10,Kuchelavrutham and Prahladacharitham,"Plachikkattil, Kuttanassery, Vellinezhi",Palakkad,Kerala,India,Kuchela:Ka KG Vasudevan Nair Krishna:Kotakal Nandakumaran Nair Rugmini:Sadanam Vijayan Varier Hiranyan:Kalanilayam Balakrishnan Prahladan:Ka Pramod Sukra:Pariyanampatta Divakaran Narasimha:Ka Hari R.N,"09847944781,Devaki Amma's 100th Birthday",dr Vellinezhi Achuthan kutty,archive2010-1q.asp
23-02-10,Rukmini Swayamvaram,Sri Vallabha Kshetram Thiruvalla 12:00 pm,Alleppey,Kerala,India,"Mathoor Govindankutty, FACT Mohan, Kalabharathi Harikumar, Pattu: Kala. Surendran, Mangalam Narayana Namboothiri, Chenda: Ayamkudi Unnikrishnan, Maddalam: Kalabharathi Jayashankar",,Hari the Midget,archive2010-1q.asp
22-02-10,"Utthara Swayamvaram, Narakasura Vadham",Sri Vallabha Kshetram Thiruvalla,Alleppey,Kerala,India,"Kala. Balasubramanian, Kala. Krishnakumar, Kala. Prasanakumar, Kala. Hari Narayanan, Kala. Hari R. Nair, Kala. Ravikumar, Kala. Mukundan, Pattu: Kala. Babu Namboothiri, Kala. Harish, Kala. Vinod, Chen",,Hari the Midget,archive2010-1q.asp
22-02-10,Karna Shapadam,Edapally,Ernakulam,Kerala,India,"Karna: Radhika Nandakumar, Kunthi: Shashikala, Duryodhana: Parvathi Menon, Pattu: Kottakkal Narayanan V, Kala. Sudheesh, Chenda: Gopikrishnan Thampuran",,Hari,archive2010-1q.asp
22-02-10,"Uttharaswayamvaram, Narakasura Vadham",Sri Vallabha Kshetram Thiruvalla,Alleppey,Kerala,India,"Kalamandalam Balasubramainan, Kalamandalam Krishnakumar, etc, Pattu: Kala. Shivadas, Kala. Babu Namboothiri, Kala. Harish, Kala. Vinod, etc, Chenda: Kala. Unnikrishnan, Kala. Vijayakrishnan, etc, Madd",Sri Vallabha Kshetram,Hari Bala-Simcoe,archive2010-1q.asp
21-02-10,Kiratham,Perinjanam Temple,Thrissur,Kerala,India,"Kattalan - Kln. Raghavan, Arjjunan - Kln. Gopi",,Vinod Warrier,archive2010-1q.asp
21-02-10,Kalyanasaugandhikam,"Chuduvalathur Shiva Temple,Shornur",Palakkad,Kerala,India,"Bheema: Sadanam Krishnadas, Hanuman:Kottakkal Nandakumaran Nair, Vocal: Vellinezhi Achuthan Kutty, Puralippuram Lakshmanan Namboothiri Chenda:Kala. Vijayakrishnan.","Janabher Kathakali Kendram, 09447995636",dr Vellinezhi Achuthan kutty,archive2010-1q.asp
21-02-10,"Nalacharitham Nalam Divasam, Balivijayam","Annamanada Mahadeva Temple, 11.00 p.m.",Thrissur,Kerala,India,Padmasree Kal.Gopi and others,,"Biju Anand, North Paravur",archive2010-1q.asp
20-02-10,Viswamithran,Palakkad -Chembai sangeetha College Hall,Palakkad,Kerala,India,"PSV Natayasangam ,Kottakkal -",Palakkad Kathakali Trust - 0491 2545805,Varier,archive2010-1q.asp
20-02-10,Karna Shapadam,Sri Vallabha Kshetram Thiruvalla 12:00 am,Alleppey,Kerala,India,"Karna: Kalanilayam Gopalakrishnan, Kunthi: Mathoor Govindankutty, etc",,Hari the Midget,archive2010-1q.asp
20-02-10,Karna Shapadam,Sri Vallabha Kshetram Thiruvalla 12:00 am,Alleppey,Kerala,India,"Kalanilayam Gopalakrishnan, Mathoor Govindankutty, Cheriyankeer Murugan, Thiruvalla Babu, Pattu: Thiruvalla Gopikuttan Nair, Parimanam Madhu, Chenda: Kala. Raman Namboothiri, Maddalam: Kalabharathi Ja",,Hari the Midget,archive2010-1q.asp
20-02-10,Santhana Gopalam,Perumpavoor,Ernakulam,Kerala,India,"Brahmana: Kala. Kesavan Namboothiri, etc",,Hari the Midget,archive2010-1q.asp
20-02-10,"Nalacheritham 4, Daksha Yagam",Chettikulangara Temple 12:00,,Kerala,India,"Kala. Rajashekaran, Kala. Ramachandran Unnithan, Kala. Krishnaprasad, etc, Pattu: Pathiyoor Shankarankutty, Kala. Sajeev, Kalavedi Suresh, Chenda: Mangulam Vishnu Namboothiri, Maddalam: Kala. Achutha ",,Hari,archive2010-1q.asp
20-02-10,"Bakka Vadham, Rajasooyam",Ernakulam,Ernakulam,Kerala,India,"Kala. Balasubramanian, Kala. Krishnakumar, Kala. Prasanakumar, Kala. Hari R. Nair, Kala. Ravikumar, Kala. Mukundan, Pattu: Kala. Babu Namboothiri, Kala. Harish, Kala. Vinod, Chenda: Kala. Unnikrishnan",,Hari the Midget,archive2010-1q.asp
20-02-10,Kiratham & Kapiddhvajacharitham,"Thiruvegappura, 9.00PM",Palakkad,Kerala,India,,"ANGIKAM CULTURAL CENTRE, MANCHERI, 9447149146",Radha Madhavan,archive2010-1q.asp
19-02-10,Devayani Charitham,Kilimanoor,,Kerala,India,"Kacha: Kala. Kesavan Namboothiri, Devayani: RLV Radhakrishnan",,Hari the Midget,archive2010-1q.asp
19-02-10,Devayani Charitham,Ernakulam Kathakali Club,Ernakulam,Kerala,India,"Kala. Gopi, Margi Vijayakumar, Pattu: Pathiyoor Shankarankutty, Kala. RamMohan, Chenda: Kala. Krishnadas, Maddalam: Kala. Sasi",,Hari the Midget,archive2010-1q.asp
19-02-10,Duryodhanavadham,"Guruvayoor ,Medlpathur Auditoriaum",Thrissur,Kerala,India,"Kala RamanKutty Nair - as Duryodhanan,Mr Appukuttan - as Dussasanan , Kala Balasubramanyan - as Krishnan, Kalamandalam Kuttan as Rawdra Bhima. Pattu - Kala Gangadharan & Madambi subramanyan Namboothir",Courtesy - Mathrubhumi News,Varier,archive2010-1q.asp
19-02-10,Duryodhana Vadham,Guruvayoor Temple,Thrissur,Kerala,India,"Duryodhana: Kala. Ramankutty Nair, Dussassana: Kala. Appukuttan, Krishna: Kala. Balasubramanian, Roudra Bheema: Kala. Kuttan, Panchali: Kala. Suchindran, Pattu: Kala. Gangadharan, Kala. Madambi Subram",,Hari,archive2010-1q.asp
19-02-10,"Katha- Nalacharitham 4, Balivadhom and Kiratham",Ettumanoor Mahadeva temple - 21.00 hrs.,Kottayam,Kerala,India,Aattom - Kottakal Troup plus Kala. Ramachandran Unnithan Chenda - Guest Kuroor Vasudevan Namboothiri & Paattu - Pathiyoor Sankaran Kutty,"Ettumanoorappan Kathakali Aaswadaka Sanghom, Etmr.",V.Madhu kumar,archive2010-1q.asp
19-02-10,Nalacheritham 1,Sri Vallabha Kshetram Thiruvalla 12:00 am,Alleppey,Kerala,India,"Nala: Sadanam Krishnankutty, Hamsa: Madavoor Vasudevan Nair, Narada: Cheriyankeer Murugan, Damayanthi: Kala. Rajashekaran, Sakhi: Kalakendram Muralidharan Namboothiri, Pattu: Thiruvalla Gopikuttan Nai",,Hari Bala-Simcoe,archive2010-1q.asp
18-02-10,Santhana Gopalam,Varkala,Kollam,Kerala,India,"Sadanam Krishnankutty, RLV Radhakrishnan",,Hari the Midget,archive2010-1q.asp
18-02-10,Katha - Nalacharitham 3 and Arjunavishadavritham,Ettumanoor Mahadeva temple - 21.00 hrs.,Kottayam,Kerala,India,"Aattom - Kala.Gopi plus Kottakal troup, Pattu Guest Kalani. Unnikrishnan = Kala.Hyderali memorial award presenting to Kottakal Madhu, Kottu - guest - Kala. Krishnadas","Ettumanoorappan Kathakali Aaswadaka Sanghom, Etmr.",V.Madhu kumar,archive2010-1q.asp
18-02-10,"Santhana Gopalam, Nizhal Kuttu",Varkala,Kollam,Kerala,India,"Arjuna: Sadanam Krishnankutty, Brahmana: Thonnakkal Peethambaran, Madavoor Vasudevan Nair, Kala. Ramachandran Unnithan, Cheriyankeer Murugan",,Hari Bala-Simcoe,archive2010-1q.asp
18-02-10,Santhana Gopalam,Sri Vallabha Kshetram Thiruvalla 12:00 am,Alleppey,Kerala,India,"RLV Rajashekaran, Kalanilayam Vinod, Kalanilayam Manmadhan, etc, Pattu: Thiruvalla Gopikuttan Nair, Kalavedi Suresh, Chenda: Kalabharathi Peethambaran, Maddalam: Thiruvalla Unnikrishnan",,Rajesh,archive2010-1q.asp
17-02-10,Sree Vallabha Cheritham,Sri Vallabha Kshetram Thiruvalla 12:00 am,Alleppey,Kerala,India,"Kala. Kesavan Namboothiri, RLV Rajashekaran, Kalanilayam Vinod, Kalanilayam Manmadhan, Pattu: Thiruvalla Gopikuttan Nair, Kalavedi Suresh, Chenda: Kalabharathi Peethambaran, Maddalam: Thiruvalla Unnik",,Rajesh,archive2010-1q.asp
17-02-10,"Nalacharitham 3, Balivadham","Punnakkal Bhagavathi Temple, Elamakkara Edappally 9PM",Ernakulam,Kerala,India,Kottakkal Sangham,NSS Karayogam,Srikumar,archive2010-1q.asp
17-02-10,Subhadraharanam,Ettumanoor,Kottayam,Kerala,India,"Kala. Gopi, Pattu: Pathiyoor Shankarankutty, Kala. Babu Namboothiri, Chenda: Kala. Krishnadas, Kuroor Vasudevan Namboothiri, Maddalam: Kala. Sasi, Kalanilayam Manoj",,Hari the Midget,archive2010-1q.asp
17-02-10,"Subhadraharanam, Duryodhanavadham",Ettumanoor Mahadeva temple - 21.00 hrs.,Kottayam,Kerala,India,"Aattom -Kala.Gopi,Mathur Govindandutty,Ettumanoor kannan,FACT mohanan,Kala.Shanmukhan etc. Paattu- Pathiyoor Sankarankutty,Kala Babu Namboothiri,Kalani Rajeevan etc. Kottu Kuroor Vasudevan Namboothiri",V.Madhu kumar - 9961262627,V.Madhu kumar,archive2010-1q.asp
17-02-10,Subhadraharanam,Ettumanoor,Kottayam,Kerala,India,"Kala. Gopi, etc, Pattu: Pathiyoor Shankarankutty",,Hari the Midget,archive2010-1q.asp
16-02-10,"Kuchella Vrittam, Sita Swayamvaram",Payyanur,Kannur,Kerala,India,"Kuchella: Mathoor Govindankutty, Krishna: Kudamaloor Muralikrishnan, Rukmini: Kala. Suchindran, Parasurama: Kala. MPS Namboothiri, Rama: Kala. Shanmugan, Sita: Kala. Suchindran, Lakshmana: Kala. Arun ",,Babu,archive2010-1q.asp
16-02-10,"Rugmangada Charitham, Poothana Mooksham, Karna Shapadam, Gitopadesham",Sri Vallabha Kshetram Thiruvalla 10:00 pm,Alleppey,Kerala,India,"Rugmangada: Kala. Gopi, Mohini: Margi Vijayakumar, Dharmangada: Thiruvalla Harikumar, Sandhyavali: Kalanilayam Madhavan Namboothiri, Brahmins: Thiruvalla Babu, Thiruvalla Sadashivan, Poothana: Oyoor R",,Hari the Midget,archive2010-1q.asp
16-02-10,"Santhana Gopalam, Kiratham",Puliyannur,Kottayam,Kerala,India,"Krishna: Kala. Mukundan, Arjuna: Kala. Krishnakumar, Brahmana: Kala. Vasu Pisharody, Brahmana patni: Kala. Anilkumar, Arjuna: Kala. Manoj, Kattala: Kala. Ravikumar, Kattalastree: Kala. K.G. Vasudevan,",,Gopalakrishnan,archive2010-1q.asp
15-02-10,Santhana Gopalam,Mudovilakad,,Kerala,India,"Brahmana: Kala. Kesavan Namboothiri, etc",,Hari Bala-Simcoe,archive2010-1q.asp
15-02-10,"Devayani Charitham, Kiratham",Kadavoor,,Kerala,India,"Sadanam Krishnankutty, Kala. Ramachandran Unnithan, Oyoor Ramachandran, Pattu: Pathiyoor Shankarankutty, Kala. Sajeev",,Hari the Midget,archive2010-1q.asp
15-02-10,Devayani Charitham,Kadavur Kollam,Kollam,Kerala,India,Pattu: Pathiyoor Shankarankutty,,Hari the Midget,archive2010-1q.asp
14-02-10,Narakasuravadham,"Ayodhya Auditorium, Payyannur. 5pm",Kannur,Kerala,India,"Kavungal Divakaran,Kala Soman, RLV Radhakrishnan, Kala Babu Namboodhiri, Kala.Hareesh, Kuroor Vasudevan Namboodiri, Varanasi Narayanan Namboodiri, Sadanam Rajan etc.",Payyannur Kathakaliarang.,Dr.Pavithran,archive2010-1q.asp
14-02-10,Balivijayam,Sreekrishna Temple Natakasala Ambalapuzha 7 PM Monthly Performance,Alappuzha,Kerala,India,"Kal Shanmughan (Ravanan); Kalanilayam Vinod(Mandodari); Kal Vijayakumar (Naradan) ; Kal Hari R Nair (Bali); Pathiyoor Sankarankutty, Kal Jayaprakash, Kalanilayam Babu (Music); Kal Sreekanth Varma, Kal",Sandarsan Ambalapuzha 9447161980,Renjith R Ernakulam,archive2010-1q.asp
14-02-10,Karnashapatham,"Vallikkunnath kavu, Bellikoth, Kanhangad, 8 pm",Kasargod,Kerala,India,"P.S.V.Natyasangham, Kottakkal",Utsavakhosha committee,Dr.Pavithran,archive2010-1q.asp
14-02-10,sanathanagopalam,"rajbhavan,cherpulassery",palakkad,Kerala,India,"peesappilly rajeevan,ettumannur Kannan,haripriya namboodiri,kala.arun varier,athipatta ravi,sadanam jyothishbabu,kala.nandakumar,cherpulassery hariharan","Biju Thekkumpat,9447838003",biju thekkumpat,archive2010-1q.asp
14-02-10,Nalacharitham Day 1,"Seva Sadan Audi, 14th Cross, Malleswaram (opp Sai baba temple) 6:30pm",Bangalore,Karnataka,India,"Kala Saritha Verma-Nalan, Kala Parvathi Menon- Hamsam, Sreema Menon- ICCR Delhi, and Gauri Verma-Thozhi, Singers-Kala Rajesh Babu & Sreejit,Chenda-Gopikrishnan Thampuran,Maddalam- kala Vineet. Guru- E",BCKA -President Lalitha Das-09845240558,Purnima Menon,archive2010-1q.asp
14-02-10,Karna Shapadam,Thiruvanmandoor Chengannur,Alleppey,Kerala,India,"Karna: FACT Mohan, Kunthi: Mathoor Govindankutty, Duryodhana: Thiruvalla Harikumar, Dussassana: Thalavadi Aravindan, Bhanumathi: Kalanilayam Ravindrannath Pai, Pattu: Kala. Balachandran, Kalanilayam S",,FACT MOHAN,archive2010-1q.asp
14-02-10,Karnasapadham,"Shri Vellikkunnathu Bhagavathy Kavu, Vellikkothu, Ajanoor",Kasargod,Kerala,India,"PSV Natyasangham Chandrashekhara Warrier, Kesavan, Unnikrishnan, Kottakkal Madhu, Kottakkal Ravi",Secretary - 2201081,Jayaraj,archive2010-1q.asp
13-02-10,Santhana Gopalam,Orakala,,Kerala,India,"Brahmana: Kala. Kesavan Namboothiri, etc",,Hari Bala-Simcoe,archive2010-1q.asp
13-02-10,Duryodanavadham,Kuttipuram 7.p.m,Malappuram,Kerala,India,"Kala.Soman,Peesappilly Rajeevan,Kala Manoj,Kala.Hari R Nair,Haripriya Namboodiri,Nedumpally Rammohan,Sadanam Jyodish Babu,Kala.Nandakumar,Kala.Venu Mohan,Kala Venu etc..",Vazhenkada Kunchu Nair Smaraka Trust. 9447838003,Biju Thekkumpat,archive2010-1q.asp
13-02-10,PURAPPATU and POOTHANAAMOKSHAM,"KALANILAYAM HALL , IRINJALAKUDA (KATHAKALI CLUB PROGRAMME) 6pm",Thrissur,Kerala,India,"PURAPPATU :Kum.Aaruni and Kum.Midhila. Lalitha :smt Radhika Nandakumar, SAMGEETHAM:Klm. N.N.Kolathappally,Kln.Haridas ,MADDALAM:Klm.Harinarayanan, CHENDA:Kln.Kaladharan, CHUTTI:Kln.Prasanth, ANIYARA:N","KATHAKALI CLUB,IRINJALAKUDA 9249800700",M.K.ANIYAN,archive2010-1q.asp
13-02-10,Narakasura Vadham,Sreekrishna Temple Natakasala Ambalapuzha 7 PM Monthly Performance,Alappuzha,Kerala,India,"Kal Shanmughan (Jayanthan, Indran); Kal Vijayakumar (Lalitha) ; Kalanilayam Vinod(Narakasuran) ; Kal Arun Kumar(Narakasura Patni) Pathiyoor Sankarankutty, Kal Jayaprakash, Kalanilayam Babu (Music); Ka",Sandarsan Ambalapuzha 9447161980,Renjith R Ernakulam,archive2010-1q.asp
12-02-10,soon,Atingal,,Kerala,India,"RLV Radhakrishnan, etc",,Hari Bala-Simcoe,archive2010-1q.asp
12-02-10,,Shankanmandalam,,Kerala,India,Pattu: Pathiyoor Shankarankutty,,Hari the Midget,archive2010-1q.asp
12-02-10,Kacha Devayani,Pandalam,,Kerala,India,"Kala. Balasubramanian, Kerala Kalamandalam Troupe",,Hari the Midget,archive2010-1q.asp
12-02-10,"Santhanagopalam,Kiratham",Kundurkunnu. 11 p.m,palakkad,Kerala,India,"Kala.Vijayan(vazhenkada)Kala.Vasupisharodi,Kala.Narayanankutty,Kalanilayam.Vasudevan,Haripriya Namboodiri,Drisya Sreekrishnapuram,Madambi Subramanian Namboodiri,Pullur Manoj,Gireesan,Sadanam Devarajan",Vazhenkada Kunju Nair Smaraka Trust .9447838003,Biju Thekkumpat,archive2010-1q.asp
12-02-10,"Nalacharitham Onnam Divasam, Daksha Yagam","Emoor Bhagavathi Temple, Kallekulangara. 10.00 p.m.",Palakkad,Kerala,India,"Vesham-S/Sri.-Kot.Chandrasekhara Warrier,Kesava Kundalayar, Vasudeva Kundalayar,Devadas, Haridasan,Sudheer, Muraleedharan,Rajmohan,A.Unnikrishnan,Hareeswaran,Harikumar,C.M.Unnikrishnan, Sunilkumar,Man",Emoor Bhagavathi Temple Ulsava Committee,"Biju Anand, North Paravur",archive2010-1q.asp
11-02-10,,Varkala,Kollam,Kerala,India,Pattu: Pathiyoor Shankarankutty,,Hari the Midget,archive2010-1q.asp
11-02-10,Santhana Gopalam,Varkala,Kollam,Kerala,India,"Brahmana: Kala. Kesavan Namboothiri, etc",,Hari the Midget,archive2010-1q.asp
10-02-10,"Arjuna Vishada Vrittam, Duryodhana Vadham","Emoor Bhagavathi Temple, Kallekulangara. 10.00 p.m.",Palakkad,Kerala,India,"Vesham-S/Sri.-Kot.Chandrasekhara Warrier,Kesava Kundalayar, Vasudeva Kundalayar,Devadas, Haridasan,Sudheer, Muraleedharan,Rajmohan,A.Unnikrishnan,Hareeswaran,Harikumar,C.M.Unnikrishnan, Sunilkumar,Man",Emoor Bhagavathi Temple Ulsava Committee,"Biju Anand, North Paravur",archive2010-1q.asp
10-02-10,"Karna Shapadam, Bhagavaddootha, Deshamukha Ravana",Thrissur town hall,Thrissur,Kerala,India,"Karna: Kala. Gopi, Duryodhana: Kala. Vasu Pisharody, Dussassana: Pariyanampatta Divakaran, Bhanumathi: Kala. Arun Warrier, Kunthi: Kala. Rajashekaran, Krishna: Kala. Harinarayanan, Panchali: Kala. K.G",,Balan,archive2010-1q.asp
10-02-10,"Keechaka Vadham, Guru Dakshina",Aranmula Parthasarathy Temple,Pattanamthitta,Kerala,India,"Keechaka: FACT Mohan, Syrandri: Kala. Kesavan Namboothiri, Sudheshna: Kalanilayam Vinod, Sandipini: Kala. Ramachandran Unnithan, Sandipini patni: Oyoor Ramachandran, Krishna: Madhu Varanasi, Balarama:",Jaya,Jaya Parithamma,archive2010-1q.asp
10-02-10,"Kuchella Vrittam, Prahalada Cheritham, Kiratham",Payyanur,Kannur,Kerala,India,"Kuchella: Mathoor Govindankutty, Krishna: Kudamaloor Muralikrishnan, Rukmini: Kala. Suchindran, Prahalada: Kala. Arun Ramesh, Sukran: Kala. Myannad Rajeev, Rakshasas: Kalanilayam Karunakara Kurup, Kad",,Babu,archive2010-1q.asp
09-02-10,Nalacharitham 2nd Day,"Cherpulassery Puthanalikkal Temple,Cherpulassery 10.p.m",Palakkad,Kerala,India,"Kala.Gopi,Sadanam Krishnankutty,Narippatta,Margi Vijayakumar,Kala.Soman,Pathiyur Sanakaran Kutty,Kala.Babu Namboodiri,Kala.Unnikrishnan,Kala.Nandakumar,Kala.Sasi,Cherpulassery Hariharan etc...","Vazhenkada Kunchu Nair Smaraka Trust.9447838003,94",Biju Thekkumpat,archive2010-1q.asp
09-02-10,Nalacheritham 2,Cherplassery,,Kerala,India,"Kala. Gopi, Margi Vijayakumar, Pattu: Pathiyoor Shankarankutty, Kala. Babu Namboothiri, Kala. RamMohan, Chenda: Kala. Unnikrishnan, Maddalam: Kala. Sasi",,Hari the Midget,archive2010-1q.asp
09-02-10,"Kalyana Saugandhikam, Rajasuyam","Emoor Bhagavathi Temple, Kallekulangara. 10.00 p.m.",Palakkad,Kerala,India,"Vesham-S/Sri.-Kot.Chandrasekhara Warrier,Kesava Kundalayar, Vasudeva Kundalayar,Devadas, Haridasan,Sudheer, Muraleedharan,Rajmohan,A.Unnikrishnan,Hareeswaran,Harikumar,C.M.Unnikrishnan, Sunilkumar,Man",Emoor Bhagavathi Temple Ulsava Committee,"Biju Anand, North Paravur",archive2010-1q.asp
09-02-10,"Bakka Vadham, Kiratham",Chattanoor,,Kerala,India,"Kala. Ramachandran Unnithan, Kala. Vijayakrishnan Unnithan, Biju Lal, Pattu: Kala. Sajeev, Chenda: Kala. Shivadas, Maddalam: Kala. Venukuttan",,Hari Bala-Simcoe,archive2010-1q.asp
09-02-10,Nalacharitham 2,Cherplassery,,Kerala,India,"Kala. Gopi, Pattu: Pathiyoor Shankarankutty",,Hari the Midget,archive2010-1q.asp
09-02-10,kiratham,kumbalam temple Ekm 10pm,Eranakulam,Kerala,India,"Sadanam Balakrishnan,Dr C.P.Unnikrishnan,sadanam Vijayan,Kala.Mohanakrishnan,Vellinezhy Achuthankutty.Kala.Vijayakrishnan,Kala.Aneesh,Kala.Satheesh,Sethu,Shaji","JANABHERI ,CHUDUVALATHUR,SHORNUR 9447995636",mnvinayakumar,archive2010-1q.asp
08-02-10,Santhana Gopalam,Thuravoor,,Kerala,India,"Brahmana: Kala. Kesavan Namboothiri, etc",,Hari the Midget,archive2010-1q.asp
07-02-10,"Mannan-Mannathi, Keechaka Vadham, Dakshayagam","Mahadeva Kshethram, Puliyanoor, Palai",Kottayam,Kerala,India,"Vesham: Kala. Kesavadev, Kala Balasubramonian, RLV Radhakrishnan, FACT Mohanan, Kala. Prasanth, Muraleedharan Nampoothiri, Hareesh, Subhash Pattu: Palanad Divakaran, Kala. Hareesh, Nedumbilli Ram Moha",Puliyanoor Deaswom,Jayan M V,archive2010-1q.asp
07-02-10,"Nalacheritham 3, Nalacheritham 4","Sri Vallabha Kshetram, Thiruvalla",Alleppey,Kerala,India,"Nala: FACT Mohan, Bahuka: Ettumanoor Kannan, Karkodaka: Thiruvalla Babu, Sudeva: FACT Padmanabhan, Damayanthi: Kala. Krishnaprasad, Rithuparna: Thiruvalla Harikumar, Jivalan: Thadayil Unnikrishnan, Va",,Hari the Midget,archive2010-1q.asp
06-02-10,Kiratham,Ernakulam,Ernakulam,Kerala,India,"Kala. Gopi, Sadanam Krishnankutty, RLV Radhakrishnan, Pattu: Kottakkal Narayanan, Kottakkal Narayanan V., Chenda: Kala. Unnikrishnan, Maddalam: Kala. Sasi, Kalanilayam Manoj",,Hari Bala-Simcoe,archive2010-1q.asp
06-02-10,"SANDANAGOPALAM-By school of kathali, palace, pandalam","MADAPALLIKAV -PALLIKKARA, ALUVA",Eranakulam,Kerala,India,"FACT JAYADEVA VARMA, KALA SANKARANARAYANAN, SREEKUMAR,SADANAM VIJAYAN, KALA N. KOLATTHAPALLI,KALA SUDEESH,KALAVEDI MURALI,VENKATESWARAN,KALA RAJU kathkali yogam:- Sree Bhavaneeswari Eroor",JD varma :- 9496950919,"DEVAMRUTHAM, PANDALAM",archive2010-1q.asp
06-02-10,"Narakasura Vadham, Kiratham",Atingal,Thiruvananthapuram,Kerala,India,"Kottayam Ramakrishnan, Kala. Hari R. Nair, Thiruvalla Harikumar, Atingal Peethambaran, Cheriyankker Murugan, Pattu: Kala. Jayaprakash, Kalanilayam Babu, Parimanam Madhu, Chenda: Ayamkudi Unnikrishnan,",,Hari Bala-Simcoe,archive2010-1q.asp
06-02-10,Kiratham,Ernakulam,Ernakulam,Kerala,India,"Kala. Krishnakumar, Kala. Ramachandran Unnithan, Sadanam Krishnankutty, RLV Radhakrishnan, Pattu: Kottakkal Narayanan, Kottakkal Narayanan V, Chenda: Kala. Unnikrishnan, Maddalam: Kalanilayam Manoj",,Hari the Midget,archive2010-1q.asp
06-02-10,"Kalyana Saugandhikam, Kiratham",Kadapara,,Kerala,India,"Hanuman: Madavoor Vasudevan Nair, Bheema: FACT Mohan, Panchali: Kalanilayam Madhavan Namboothiri, Kattalan: Thalavadi Aravindan, Kattalastree: Kalakendram Muralidharan Namboothiri, Arjuna: Kala. Prade",,Hari the Midget,archive2010-1q.asp
05-02-10,,Veliyan Kottarakara,,Kerala,India,Pattu: Pathiyoor Shankarankutty,,Hari the Midget,archive2010-1q.asp
05-02-10,"Sita Swayamvaram, Nalacheritham 2",Kottarakara,,Kerala,India,"Kottakkal Chandrashekara Warrier, Kottayam Ramakrishnan, Pattu: Kala. Surendran, Pathiyoor Shankarankutty, Kala. Sajeev",,Hari Bala-Simcoe,archive2010-1q.asp
04-02-10,Keechakavadham (Harinakshi onwards) & Dakshayagam (Dhateeji onwards),"Kottamkulathi Bhagavathi temple, Karakkat Parmbu, Ambikapuram, . 7pm-10.30 pm",Palakkad 11,Kerala,India,"VESHAM:-Kottakkal Nandkumaran Nair, Kalamandalam Unnithan, C.P.Unnikrishnan,Trippayya Peetambaran, R.L.V.Pramod, VOCAL:- Kottakkal Madhu & Narayanan (Jr), CHENDA:- Kalamandalam Vijayakrishnan, Krishna",Sunil Palakkad.,c.p.unnikrishnan,archive2010-1q.asp
04-02-10,"Nalacheritham 4, Ambareesha Cheritham, Kalyana Saugandhikam, Prahlada Cheritham",Aranmula Parthasarathy Temple,Pattanamthitta,Kerala,India,"Bahuka: Kottakkal Chandrashekara Warrier, Damayanthi: Oyoor Ramachandran, Kesini: Kalanilayam Gopalakrishnan, Ambareesha: Kala. Balasubramanian, Durvasa: FACT Padmanabhan, Shiva: Thiruvalla Sadashivan",FACT Mohan,Hari the Midget,archive2010-1q.asp
03-02-10,"Kuchella Vrittam, Karna Shapadam, Kiratham",Payyannur,Kannur,Kerala,India,"Kuchella: Kala. Vasu Pisharody, Krishna: Kala. Shamugan, Rukmini: Kala. Suchindran, Karna: Sadanam Krishnankutty, Duryodhana: Kala. Ravikumar, Dussassana: Kala. Hari R. Nair, Kunthi: Kala. K.G. Vasude",,Ramabhadra,archive2010-1q.asp
03-02-10,Rambha Pravesham,Chinnakara,,Kerala,India,"Madavoor Vasudevan Nair, RLV Radhakrishnan, etc",,Hari Bala-Simcoe,archive2010-1q.asp
03-02-10,Nalacheritham 2,Augustikode near Anchal @Kollam district,Kollam,Kerala,India,"Nala: Kala. Gopi, Damayanthi: Margi Vijayakumar, Pattu: Pathiyoor Shankarankutty, Kalanilayam Rajeev, Chenda: Kala. Krishnadas",,Hari the Midget,archive2010-1q.asp
03-02-10,Nalacharitham 2,Agusthikode Punaloor,,Kerala,India,Pattu: Pathiyoor Shankarankutty,,Hari the Midget,archive2010-1q.asp
03-02-10,Rambha Pravesham,Chinnkara,,Kerala,India,"Madavoor Vasudevan Nair, Sadanam Krishnankutty, RLV Radhakrishnan",,Hari Bala-Simcoe,archive2010-1q.asp
02-02-10,,Charkavu,,Kerala,India,Pattu: Pathiyoor Shankarankutty,,Hari the Midget,archive2010-1q.asp
02-02-10,"Nalacheritham 3, Nalacheritham 4",Mavelikkara Krishna Temple,Alleppey,Kerala,India,"Nala: Kala. Krishnakumar, Bahuka: Kala. Balasubramanian, Sudeva: FACT Padmanabhan, Damayanthi: Madhu Varanasi, Jivalan: Thiruvalla Sadashivan, Varshneyan: Thiruvalla Harikumar, Rithuparna: Kala. Prade",,Venugopalan,archive2010-1q.asp
02-02-10,"Daksha Yagam, Lavanasuravadham, Kuchella Vrittam",Payyannur,Kannur,Kerala,India,"Daksha: Kala. Vasu Pisharody, Vedavali: Kala. Anilkumar, Shiva: Kala. Prasanth, Sathi: Kala. Shanmugan, Shutha Brahmana: Kalanilayam Karunakara Kurup, Hanuman: Kala. MPS Namboothiri, Sita: Kala. K.G. ",,Babu,archive2010-1q.asp
01-02-10,"Nalacharitham 4, Kalyana Saugandhikam, Krishna Leela, Gitopadesham",Sri Vallabha Kshetram Thiruvalla,Alleppey,Kerala,India,"Bahuka: Kottakkal Chandrashekara Warrier, Damayanthi: Oyoor Ramachandran, Kesini: Kalanilayam Gopalakrishnan, Bheema: Thonnakkal Peethambaran, Hanuman: Ettumanoor Kannan, Panchali: Cheriyankeer Muruga",Thiruvalla Radhakrishnan,Hari the Midget,archive2010-1q.asp
01-02-10,"Kuchella Vrittam, Karna Shapadam, Kiratham",Payyannur,Kannur,Kerala,India,"Kuchella: Kala. Vasu Pisharody, Krishna: Kala. Shanmugan, Rukmini: Kudamaloor Muralikrishnan, Karna: Kala. Balasubramanian, Duryodhana: Kala. Ravikumar, Dussassana: Kala. Hari R. Nair, Kunthi: Kala. K",,Babu,archive2010-1q.asp
01-02-10,"melappadam,ravanolbhavam","chembi smaraka college,palakkad",palakkad,Kerala,India,"puarappad:kala:Arun varyar,kala:Chinosh balan melappadam: samgeetham:kala.Gamgadharan,kottakkalP.D.nambuthiri chenda:sadanam vasudevan,panamanna sasi maddalam:sadanam sreedaran,sadanam hariharan ravan","mudrakhya,palakkad",sasiputhur,archive2010-1q.asp
31-01-10,Rugmangadacharitham & Duryodhanavadham,"KADALAYIL SREEKRISHNA TEMPLE, CHIRAKKAL",KANNUR,Kerala,India,"RUGMANGADAN-SADANAM BALAKRISHNAN, MOHINI-SADANAM VIJAYAN, SANDHYAVALI-PRAVIN,DHARMANGADAN-ADITHYAN,VISHNU-ARUN; DURYODHANAN-KALA.SOMAN,DUSSASANAN-KOTTAKKAL DEVADAS,DHARMAPUTHRAN-RENUKARAVIVARMA,KUTTIB",NAVARASAM MgTrustee:Renuka08891799964,"Radha Madhavan,Kozhikode",archive2010-1q.asp
31-01-10,Rugmangadacharitham,Paravoor Kollam,Kollam,Kerala,India,"Thonnakkal Peethambaran, RLV Radhakrishnan",,Hari the Midget,archive2010-1q.asp
30-01-10,"Nalacheritham 3, Nizhal Kuttu","VENDAR near Puthoor, KOllam DIstrict",Kollam,Kerala,India,"Sadanam Krishnankutty, Kala. Ramachandran Unnithan, Margi Vijayakumar, Pattu: Pathiyoor Shankarankutty, Kottakkal Madhu, Kalanilayam Rajeev, Chenda: Kala. Krishnadas, Kuroor Vasudevan Namboothiri, Mad",,Hari Bala-Simcoe,archive2010-1q.asp
30-01-10,Karna Shapadam,Varkala,,Kerala,India,"Karna: Sadanam Krishnankutty, Bhanumanthi: Cheriyankeer Murugan, Pattu: Kala. Balachandran",,Hari the Midget,archive2010-1q.asp
30-01-10,Karnnasapathham & Balivijayam,"Kadalayil Sreekrishna Temple, Chirakkal",Kannur,Kerala,India,"Durodhanan-kala.Harinarayanan,Bhanumathi-RenukaRaviVarma,Karnnan-Kala.Balasubrahmanian,Dussasanan-ChineshBalan,Kunthi-Kala.Kesavan Nambudiri,Ravanan-KottakkalKesavanKundalayar,Mandodari-KalaSuchindran","NAVARASAM, Kozhikode, Renuka08891799964",Radha Madhavan,archive2010-1q.asp
30-01-10,Nalacheritham 3,Vendavu,,Kerala,India,"Sadanam Krishnankutty, Margi Vijayakumar, etc",,Hari the Midget,archive2010-1q.asp
30-01-10,Duryodhana Vadham,Varkala,Kollam,Kerala,India,"Sadanam Krishnankutty, Kala. Ramachandran Unnithan, Pattu: Kala. Balachandran, Kalanilayam Sinu, etc",,Hari the Midget,archive2010-1q.asp
30-01-10,kalyanasauganthikam,"eravimangalam,anamangad",malappuram,Kerala,India,"Kala.soman,Sadanam Bhasi,Haripriya namboodiri,Sadanam Sivadas,Sadanam Jyothish babu,Sadanam Ramakrishnan,Cherpulassery Hariharan",9447838003,biju thekkumpat,archive2010-1q.asp
30-01-10,"Improvisation in Kutiyattam & Kathakali an Interface Programme 30,31st Jan and 1st Feb",SreeKrishna Swami Temple Ambalapuzha 10 Am,Alapuzha,Kerala,India,"Day 1: Demonstration Kailasodharana PArvathivirham ; Jadayu Purapad 7.15 PM Thoranayudham Kutiyattom ( Suraj Nambiar, Indu G, Margi Sajiv narayana chakyar Kalamandalm Krishna kumaretc..) Day 2 Himakar",Sandarsan & Kutiyattam Centre TVM,Renjith R,archive2010-1q.asp
29-01-10,"Purappat, Melappadam, Rugmineemohanam By Radha Madhavan","Katalayil Sreekrshnaxethram, Chirakkal, Kannur - 9.00pm",Kannur,Kerala,India,"Purappat by Praveen, Adithyan, Arun, Vipin Melappadam: Chenda-kala.Unnikrshnan&Kala.Udayan Nambudiri; Maddalam-Kottakkal Radhakrshanan & kala.Rajanarayanan; Patt-Kottakkal Madhu & Ram Mohan; Krshnan-K","OrganizedbyNavarasam,RenukaVarma,mob:08891799964",Radha Madhavan,archive2010-1q.asp
29-01-10,Duryodhana Vadham,"Moothakunnam Sreenarayanamangalam Temple, North Paravur, 10 p.m.",Ernakulam,Kerala,India,"Kal.Kesavan, Sadanam Vijayan,Kal. Rajesh Babu, Kal. Ratheesh, Kal. Vineeth, Kal. Harish etc. Presented by Sribhavaneeswara Kathakali Sangham, Eroor","HMDP Sabha, Moothakunnam","Biju Anand, North Paravur",archive2010-1q.asp
29-01-10,Daksha Yagam,Trivandrum,Thiruvanananthapuram,Kerala,India,"Madavoor Vasudevan Nair, Cheriyankeer Murugan, etc",,Hari the Midget,archive2010-1q.asp
29-01-10,"Santhana Gopalam, Daksha Yagam",Trivandrum,Thiruvananthapuram,Kerala,India,"Cheriyankeer Murugan, etc",,Hari Bala-Simcoe,archive2010-1q.asp
28-01-10,"USHA CHITHRALEKHA, BALI VADHAM","IVERKALA,near Puthoor,10 P.M",KOLLAM,Kerala,India,"KALA.RAMACHANDRAN UNNITHAN-BALI,KOTTAKAL DEVADAS-SUGREEVAN,RAVANAN-KALA.SREEKUMAR,USHA-MADHU VARANASI,CHITHRALEKHA-KALA.ANIL KUMAR,pattu-PATHIYOOR SANKARANKUTTY,KOTTAKAL MADHU,KALA.RAJIV NAMBOORI.chen",9447 764 533,"Suresh.V,Kollam",archive2010-1q.asp
28-01-10,Santhanagopalam,Sreekrishnaswamy Temple Mavelikara 7 pm,Alappuzha,Kerala,India,"Kalamandalam Kesavan Nampoothiri,Kalamandalam Krishnaprasad,Kalanilayam Raveendranatha pai.Kalanilayam Vinod Pattu: Kottakkal Narayanan,Vengeri Narayanan Chenda:Kalamandalam Sreekanth Varma Maddalam K",,Sreekanth,archive2010-1q.asp
27-01-10,"Keechaka Vadham, Kiratham","Moothakunnam Sreenarayanamangalam Temple, North Paravur, 10 p.m.",Ernakulam,Kerala,India,"Kal.Kesavan, Sadanam Vijayan,Kal. Rajesh Babu, Kal. Ratheesh, Kal. Vineeth, Kal. Harish etc. Presented by Sribhavaneeswara Kathakali Sangham, Eroor","HMDP Sabha, Moothakunnam","Biju Anand, North Paravur",archive2010-1q.asp
27-01-10,Harichandra Charitham,"Kureepuzha Thottinkara Bhagavathy kshethram ,near Kadavoor,Kollam,9P.M",Kollam,Kerala,India,"Harichandran-Fact Mohanan,Viswamithran-Kala.Ramachandran Unnithan,Vasishtan-Mathoor Govindankutty,Chandramathi-Kala.Ramachandran,Chudala Harichandran-Kala.Ramachandran Unnithan,Rathi&Virathi-Kala.Anil",Jagadeesh Kureepuzha 9495115695,"suresh.v,kollam",archive2010-1q.asp
26-01-10,"Santhana Gopalam, Nizhal Kuttu",Angil,,Kerala,India,"Kalabharathi Troup, Cheriyankeer Murugan",,Hari Bala-Simcoe,archive2010-1q.asp
26-01-10,Keechaka Vadham,Trivandrum,Thiruvananthapuram,Kerala,India,"Vallan: Kala. Hari R. Nair, Mallan: Kala. Ramachandran Unnithan, Keechaka: Sadanam Harikumar, Syrandri: Kala. Rajashekaran, Sudheshna: Madhu Varanasi, Pattu: Kala. Babu Namboothiri, Kala. Vinod, Kalan",,Hari Bala-Simcoe,archive2010-1q.asp
25-01-10,Nalacheritham 4,Trivandrum,Thiruvananthapuram,Kerala,India,"Bahuka: Kala. Gopi, Damayanthi: Margi Vijayakumar, Kesini: Kala. Shamugan, Pattu: Pathiyoor Shankarankutty, Kalanilayam Rajeev, Chenda: Kala. Krishnadas, Maddalam: Kalanilayam Manoj",,Hari Bala-Simcoe,archive2010-1q.asp
25-01-10,Nalacheritham 4,Trivandrum,Thiruvananthapuram,Kerala,India,"Kala. Gopi, Margi Vijayakumar, Pattu: Pathiyoor Shankarankutty, Kalanilayam Rajeev, Chenda: Kala. Krishnadas",,Hari the Midget,archive2010-1q.asp
25-01-10,KUCHELAVRITHAM,KEECHAPPILLY DEVITEMPLE NEAR PUTHOOR 8 P.M.,KOLLAM,Kerala,India,"ETTUMANUR KANNAN-SREEKRISHNA,KALA.RAJEEVAN NAMBOOTHIRI-KUCHELA,KALA.ANILKUMAR-KUCHELAPADNI,MADHU VARANASI-RUGMINI.MUSIC-KOTTACKAL MADHU,KALA.SAJEEVAN.CHENDA-KALABHARATHI MURALI,MADDALAM-KALABHARATHI R",9497619038,AJITH.R,archive2010-1q.asp
25-01-10,Duryodhana Vadham,Avittathur Sivakshethram at 10 PM,Thrissur,Kerala,India,"Duryodhanan - Kala. Gopi, Dushaasanan - Vinod Warrier, Krishnan - Kala. Vinod Kumar, Roudra Bheeman - Kala. Gopinathan, Panchali - Thrippaya Peethambaran; Pattu - Kala. Rajendran, Kala. Embrandiri; Ch",Avittathur Sivakshethra Utsavakhosha Committee,Vinod Warrier,archive2010-1q.asp
25-01-10,Daksha Yaga,Palakkad,Palakkad,Kerala,India,Kala. Pradeep,,Hari Bala-Simcoe,archive2010-1q.asp
25-01-10,Karnasapadham,Kannur 6pm,Kannur,Kerala,India,"Karna: Ettumanoor P Kannan. Kunti: Pisappalli Rajivan. Singers: Kottakkal Madhu, Rammohan",Renuka Varma 08891799964,Renuka Varma,archive2010-1q.asp
24-01-10,DURYODHANA VADHAM,"IVERKALA,near Puthoor,8 P.M",Kollam,Kerala,India,"KALA.RAMACHANDRAN UNNITHAN-DURYODHANAN,KOTTAKAL DEVADAS-DUSSASANAN,KALA.RAVIKUMAR-ROUDRA BHEEMAN,KALA.ANILKUMAR-PANCHALI,RAVEENDRANATHA PAI-SREEKRISHNA,KALA.PRASANTH-DHARMAPUTHRAR,MADHU VARANASI-SAKUN",9447 764 533,"Suresh.V,Kollam",archive2010-1q.asp
24-01-10,Thoranayudham,"Changampuzha Park, Edapally 6 .30 PM",Ernakulam,Kerala,India,"Sadanam Narayanan Namputhiri Naripatta(Hanuman); Kal Sreekumar (Ravanan); FACT Biju, Ratheesh, PRamod, Sunil Kal Gopalakrishnan (Music) etc................",Edapally Kathakali Aswadaka Sadas,Renjith R 9447161980,archive2010-1q.asp
24-01-10,Kathakali pada Kacheri,Paanavali Cherthala,Ernakulam,Kerala,India,"Pattu: Kottakkal Madhu, Kottakkal Santhosh",,Hari K. Namboothiri,archive2010-1q.asp
24-01-10,"Nalacharitham 1, Nizhal Kuttu",Varkala,Kollam,Kerala,India,Cheriyankeer Murugan,,Hari Bala-Simcoe,archive2010-1q.asp
24-01-10,"Nalacharitham 1, Narakasura Vadham, Pattabhishekam(last part)","VASCO DA GAMA SQUARE, FORT COCHIN, 8.30 PM",Ernakulam,Kerala,India,"Famous Kathakali Artists of Kerala, Contact Kala.Unnikrishnan(Chairman) 9447444186,Fact Padmnabhan(Gen Convener) 9895730082",VEERASHRINGALA award to Kala. VIJAYAN,Srikuma,archive2010-1q.asp
24-01-10,Kalyana Saugandhikam,Trivandrum,Thiruvananthapuram,Kerala,India,"Bheema: Ettumanoor Kannan, Panchali: Kalanilayam Vinod, Hanuman: Kottakkal Nandakumar, Pattu: Palanad Divakaran, Kala. RamMohan, Chenda: Balasundaran, Maddalam: Kala. Raj Narayanan",,Hari Bala-Simcoe,archive2010-1q.asp
24-01-10,"Nalacheritham 4, Bali Vadham, Sri Rama Pattabhishekam",Ernakulam,Ernakulam,Kerala,India,"Bahuka: Kala. Balasubramanian, Damayanthi: Kala. K.G. Vasudevan, Kesini: Kala. Vijayan, Bali: Kavumkal Divakara Paniker, Sugreeva: Kala. Hari R. Nair, Rama: Kala. Shankaranarayanan, Kala. Anilkumar, R",,Hari the Midget,archive2010-1q.asp
23-01-10,Kamsa Vadham,Trivandrum,Thiruvananthapuram,Kerala,India,"Kamsa: Inchakkad Ramachandran Pillai, Kamsa patni: Margi Shfilal, Narada: Kala. Rajeev, Mushtikan: Margi Murali, Chanooran: Margi Suresh, Anakar: Kala. Ratheesh, Akrooran: Attingal Peethambaran, Krish",,Hari Bala-Simcoe,archive2010-1q.asp
23-01-10,"ARJUNA VISHADA VRUTHAM, KIRATHAM",ERNAKULAM SIVA KSHETHRAM,ERNAKULAM,Kerala,India,PSV NATYA SANGHAM,Utsava Commitee,Raju,archive2010-1q.asp
23-01-10,Mahabharatha,Kollam,Kollam,Kerala,India,Cheriyankeer Murugan,,Hari Bala-Simcoe,archive2010-1q.asp
23-01-10,Kamsavadham,Paramekkavu Agrasala,Thrissur,Kerala,India,"Kamsan - Vazhenkada Vijayan,Naradan - Aravindan,Akrooran - Kala. Balasubramanyan,Srikrishnan - Kala. Sucheendranathan,Balaraman - Arun Ramesh,Kubja - Kashinathan,Aanakkaran - Ebin Babu Aravind,Chanoor","Kathakali Club, Trichur",Nikhil,archive2010-1q.asp
23-01-10,Kirmeeravadham,"Changampuzha Park, Edapally 6 .30 PM",Ernakulam,Kerala,India,"Padmasree Kal Gopi (Dharmaputhrar); Kal Sucheendran (Panchali); Kal Shanmughan (Sri Krishnan) Madambi Subramanian Namputhir, Kal Babunamputhiri etc.........",Edapally Kathakali Aswadaka Sadas,Renjith R 9447161980,archive2010-1q.asp
23-01-10,Duryodhanavadam,THRIKOOR MAHADEVA KSHETRAM THRIKOOR,Trichur,Kerala,India,"Rawdra Bhiman - Kalam. Soman,Sreekrishnan Sdm. Bhasi,Duryodanan - Peeshapilly Rajeev Dhushasanan - Kaln.Madhumohan,Panchali - Kalam.Mukundan Sangeetham Kalm.Vinod & Sdm.Jyothishbabu, Chenda - Ktkl Vij",Thrikoor Mahadeva Kshetram,Vivek Puthiyedath,archive2010-1q.asp
23-01-10,"poothana moksham, mallayudham, baali vadham",karikkad subramanya temple,malappuram,Kerala,India,"kalamandalam manoj,kalamandalam sajan etc ....",,,archive2010-1q.asp
22-01-10,Santhanagopalam,"Changampuzha Park, Edapally 6 .30 PM",Ernakulam,Kerala,India,Kal Vijaya kumar (Sri Krishnan ); Kottackal Chandashekaran (Arjunan) Kal Vasupisharody (Brahmanan); Kalanilayam Unnikrishnan; Kal Vinod (Music); Kal Unnikrishnan; etc..........,Edapally Kathakali Aswadaka Sadas,Renjith R 9447161980,archive2010-1q.asp
22-01-10,Nalacharitham 4,Ulala,,Kerala,India,"RLV Radhakrishnan, etc",,Hari the Midget,archive2010-1q.asp
22-01-10,soon,Angamally,,Kerala,India,Chenda: Kala. Krishnadas etc,,Balakumar,archive2010-1q.asp
22-01-10,Bali Vijayam,Trivandrum,Thiruvananthapuram,Kerala,India,"Ravana: Kala. Balasubramanian, Narada: Chattanoor Kochu Narayana Pillai, Mandodari: Kala. Suchindran, Bali: Chengarapally Anujan, Pattu: Madambi Subramanian Namboothiri, Kala. Sajeev, Chenda: Sadanam ",Nishagandhi Festival,Hari Bala-Simcoe,archive2010-1q.asp
22-01-10,Major set Kathakali,Ernakulam Siva Kshetram,Ernakulam,Kerala,India,Kottakkal PSV Natya Sangham,Ulsavakkali,Raju,archive2010-1q.asp
21-01-10,Sita Swayamvaram,Trivandrum,Thiruvananthapuram,Kerala,India,"Parasurama: Sadanam Krishnankutty, Rama: Margi Balasubramanian, Sita: Sreedevi Nelliyod, Dasharatha: Kala. Prasanth, Lakshmana: Kalanilayam Gopakumar, Pattu: Kala. Krishnankutty, FACT Damu, Chenda: Va",Nishagandhi Festival,Hari Bala-Simcoe,archive2010-1q.asp
21-01-10,"Subhadraharanam,Vadakkan Rajasooyam","Sreekrishna Swamy Temple,Ambalappuzha",Alappuzha,Kerala,India,"Kalamandalam Vasu Pisharody,Kalamandalam Ramachandran Unnithankalamandalam Shanmughan,Kalamandalam Vijayakumar,Kalanilayam Vinod....etc Pattu: Pathiyoor Sankaran Kutty,kalamandalam Jayaprakash Kalanil",Temple commetee,Sreekanth,archive2010-1q.asp
21-01-10,Subhadraharanam,Ambalapuzha,Alleppey,Kerala,India,"Kala. Vasu Pisharody, Kala. Shanmugan, Pattu: Pathiyoor Shankarankutty, Kala. Jayaprakash, Chenda: Kala. Krishnadas, Maddalam: Kalanilayam Manoj",,Hari the Midget,archive2010-1q.asp
21-01-10,"Subhadraharanan , Rajasooyam",Sreekrishna Temple Natakasala Ambalapuzha 10 PM (Kalabham Festival),Alappuzha,Kerala,India,Kal Shanmughan (Sree Krishnan): Kal Vasu Pisharody (Arjunan); Madhu Varanasi (Subhadra); Ettumanoor Kannan(Balabhadran) Kal Ramachandran Unnithan (Jarasandhan) ; Kottakal Kesavan (Sisupalan) Pattu : P,Sandarsan Ambalapuzha 9447161980,Renjith R Ernakulam,archive2010-1q.asp
21-01-10,Rugminiswayamvaram,"Udayanapuram SreeSubrahmanyaswami Temple,Vaikom-6:30pm",Kottayam,Kerala,India,"Rugmini-Kala:Suchendran,Sundarabrahmanan-Kotta:Kesavan Kundalayar, Srekrishnan-Kala:Mukundan, Sisupalan-Kalani:Vinod, Bheru-RLV:Sunil Pallipuram. Pattu-Kala:Babu Namboothiri, Kala:Hareesh Manayathatu.","Sandarsan Kathakali Vidyalayam,Abalapuza","Mani,Vathukkodam",archive2010-1q.asp
21-01-10,PRAHALADA CHARITHAM,"IVERKALA,near Puthoor, 8 P.M.",Kollam,Kerala,India,"KALA.RAMACHANDRN UNNITHAN-NARASIMHA,KALA.SREEKUMAR-HIRANYAKASHIPU,MADHU VARANASI-PRAHLADAN,KALA.ANILKUMAR-MAHARSHI,pattu-KALA.SAJEEVAN,THIRUVALLA SURESH,chenda-KALABHARATHI MURALI,maddalam-KALABHARATH",9447 764 533,"Suresh.V,Kollam",archive2010-1q.asp
20-01-10,"Nalacharitham 4, Kiratham",Chenngannur Temple,Alleppey,Kerala,India,"Bahuka: Kala. Gopi, Damayanthi: Margi Vijayakumar, Kesini: Kala. Shanmugan, Kattalan: FACT Mohan, Kattalastree: Kala. Shanmugan, Arjuna: Kala. Krishnaprasad, Pattu: Pathiyoor Shankarankutty, Kottakkal",,Hari Bala-Simcoe,archive2010-1q.asp
20-01-10,Duryodhana Vadham,Alway,Ernakulam,Kerala,India,"RLV Radhakrishnan, etc",,Hari the Midget,archive2010-1q.asp
20-01-10,Ravana Vijayam,Trivandrum,Thiruvananthapuram,Kerala,India,"Kala. Balasubramanian, etc",,Hari the Midget,archive2010-1q.asp
20-01-10,"Nalacharitham 4, Kiratham",Chenngannur Temple 6:30 pm,Alleppey,Kerala,India,"Bahuka: Kala. Gopi, Damayanthi: Margi Vijayakumar, Kesini: Kala. Shanmugan, Kattalan: FACT Mohan, Kattalastree: Kala. Shanmugan, Arjuna: Kala. Krishnaprasad, Pattu: Pathiyoor Shankarankutty, Kottakkal",,Chennganur Lal,archive2010-1q.asp
20-01-10,Santhana Gopalam,Trivandrum,Thiruvananthapuram,Kerala,India,"Brahmana: Kala. Vasu Pisharody, Arjuna: Kottakkal Chandrashekara Warrier, Krishna: Kala. Mukundan, Brahmana patni: Margi Harivalsan, Pattu: Kala. Jayaprakash, Kottakkal Santhosh, Chenda: Kala. Unnikri",,Hari the Midget,archive2010-1q.asp
19-01-10,"Sita Swayamvaram, Bali Vadham",Chenngannur Temple 6:30 pm,Alleppey,Kerala,India,"Parasurama: Kottakkal Kesavan, Rama: Kala. Pradeep, Bali: Kala. Ramachandran Unnithan, Sugreeva: Kottakkal Devadas, Pattu: Kala. Surendran, Kala. Rajendran, Mangalam Narayanan Namboothiri, Chenda: Aya",,Chennganur Lal,archive2010-1q.asp
19-01-10,Rugmangada Charitham,Malanada,Kollam,Kerala,India,"Rugmangada: Sadanam Krishnankutty, Mohini: RLV Radhakrishnan",,Hari the Midget,archive2010-1q.asp
19-01-10,Kathakalipada Kacheri,"Sree Dakshina Mukambika Temple, North Paravur, 6.30 p.m.",Ernakulam,Kerala,India,"Alapanam- Mulavukadu T.K.Sarathchandran (AIR), Chenda-Anil Payithra, Madalam & Edakka-Hari Thripunithura, Violin-R.L.V.Dileepkumar, Presented by Kavyakeli, Paravur.",,"Biju Anand, North Paravur",archive2010-1q.asp
19-01-10,"Sita Swayamvaram, Bali Vadham",Chenngannur Temple,Alleppey,Kerala,India,"Parasurama: Kottakkal Kesavan, Rama: Kala. Mukundan, Bali: Kala. Ramachandran Unnithan, Sugreeva: Kottakkal Devadas, Pattu: Kala. Surendran, Chenda: Kuroor Vasudevan Namboothiri, Maddalam: soon",,Hari Bala-Simcoe,archive2010-1q.asp
18-01-10,Nalacharitham 4 Nala: theernu sandeham muthal.,Parassery Temple 7 pm,Pallakad,Kerala,India,"Kala Vasu Pisharody, Haripriya Nambudiri, Kala Suchindran, Kot Madhu, Nedumpilli Ramohan, Kala Balaraman, Nataraja warrier nala.theernu sandeham muthal, Pathiyur sankarankutty,nedumpally rammohan,kala","Temple Devasvom , 9388118885",haripriya,archive2010-1q.asp
18-01-10,"Poothana Mooksham, Karna Shapadam, Kiratham",Payynnur,Kannur,Kerala,India,"Poothana: Kudamaloor Muralikrishnan, Karna: Kala. Balasubramanian, Duryodhana: Kala. Ravikumar, Dussassana: Kala. Hari R. Nair, Bhanumathi: Kala. Shamugan, Kunthi: Kala. K.G. Vasudevan, Kattalan: Kala",,Babu,archive2010-1q.asp
17-01-10,"Kuchella Vrittam, Daksha Yagam",Muvattupzha,Ernakulam,Kerala,India,"Kala. Pradeep, etc",,Hari the Midget,archive2010-1q.asp
17-01-10,Kalyana Saugandhikam,"Kalikotta Palace, Thripunithura, 6.00 p.m.",Ernakulam,Kerala,India,"Bheeman-Kot.Kesavan Kundalayar, Hanuman-Kal.Ramakrishnan,Panchali-Kaln.Karunakaran, Pattu-Kal.Rajendran,Kaln.Rajeevan, Chenda-Kal.Raman Nambuthiri,Madalam-Kal.Sasi,Chutti-Kaln.Saji",Thripunithura Kathakali Kendram,"Biju Anand, North Paravur",archive2010-1q.asp
17-01-10,"Santhana Gopalam, Usha-Chithralekha, Prahalada Cheritham",Thrissur,Thrissur,Kerala,India,"Krishna: Kala. Balasubramanian, Arjuna: Kala. Gopi, Brahmana: Kala. Vasu Pisharody, Brahmana patni: Kala. Rajashekaran, maid: Kalanilayam Karunakara Kurup, Usha: Kala. Rajashekaran, Chithralekha: Kala",,Balan,archive2010-1q.asp
17-01-10,"Nalacheritham 4, Bali Vadham","Sri Vallabha Kshetram Thiruvalla, 7:30 pm",Alleppey,Kerala,India,"Nala: FACT Mohan, Damayanthi: Oyoor Ramachandran, Kesini: Kala. Krishnaprasad, Ravana: Thonnakkal Peethambaran, Jatayu: Thiruvalla Babu, Rama: Kalanilayam Vinod, Sita: Kalakendram Muralidharan Namboot",,Jaya Parithamma,archive2010-1q.asp
17-01-10,"Kuchella Vrittam, Kiratham",Payyanur,Kannur,Kerala,India,"Kuchella: Mathoor Govindankutty, Krishna: Kudamaloor Muralikrishnan, Rukmini: Kala. Suchindran, Arjuna: Kala. Krishnakumar, Kattala: Kala. MPS Namboothiri, Kattalastree: Kala. Shanmugan, Shiva: Kala. ",,Babu,archive2010-1q.asp
16-01-10,Karnasapatham,"East Cultural Association Hall,Indira Nagar, Bangalore",Bangalore,Karnataka,India,"Padmashree Ka Gopi, Kottal Nandakumaran nair, Margi Vijayakumar, Ka Shanmughan, Ka Hari R.Nair. Vocal: Pathiyur Sankaran Kutty, Kottal Madhu & Vellinezhi Achuthan Kutty. Chenda: Ka Unnikrishnan. Madda","BCKA, Mrs Lalitha Das 09845240558,08023341583",Dr Vellinezhi Achuthan Kutty,archive2010-1q.asp
16-01-10,Kalyana Saugandhikam,"Dakshina Mukambika Temple, North Paravur, 6.30 p.m.",Ernakulam,Kerala,India,"Hanuman-Kaln. Gopi, Panchali-Kaln. Sasi,Bheemasenan-Kaln.Vinodkumar, Pattu-Kaln.Rajeev, Kal.Sreejith, Chenda-Kaln. Kunjunni, Madalam-Kaln.Rakesh, Chutti-Kaln. Janardanan","Kshethropadesaka Samithi, Mukambika Temple","Biju Anand, North Paravur",archive2010-1q.asp
16-01-10,Kirmeera Vadham,Mavelikara 6:30 pm,Alleppey,Kerala,India,"Dharmaputhra: Kala. Gopi, Krishna: FACT Padmanabhan, Panchali: Kala. Suchindran, Sudarshanam: Kala. Balakrishnan, Durvasa: Kala. Myannad Rajeev, Kala. Krishnaprasad, Kala. Vaishak, Pattu: Kala. Madamb",,Balu,archive2010-1q.asp
16-01-10,"Nalacheritham 1, Nalacheritham 2",Aranmula Parthasarathy Temple,Pattanamthitta,Kerala,India,"Nala: Thonnakkal Peethambaran, Hamsa: Madavoor Vasudevan Nair, Damayanthi: Margi Vijayakumar, Thozhi: Kalakendram Muralidharan Namboothiri, Kala. Vijayakumar, Indra: Thiruvalla Harikumar, Yama: Thiruv",,Hari,archive2010-1q.asp
16-01-10,"Rugmangada Cheritham, Daksha Yagam",Thirunakkara Kottayam,Kottayam,Kerala,India,"Rugmangada: Kala. Balasubramanian, Mohini: RLV Radhakrishnan, Brahmins: Kala. Vipin, Kala. Kasinathan, Kala. Suchindran, Dharmangada: Harikrishnan Krishnakumar, Sandhyavali: Kala. Anilkumar, Vishnu: K",,Hari,archive2010-1q.asp
15-01-10,KUCHELAVRITHAM,7PM PadinhareMadhamTemplePattambi,Palakkad,Kerala,India,Vesham KalamandalamMPSNamboodiri KalaGuruvayoorHaridasan KalaKuttikrishnan KalaSivadasan PattuKottakkalNarayanan KottakkalNarayananNamboodiri ChendaKalaVijayakrishnan MaddalamKalaAneesh ChuttyKalanila,KalamandalamGuruvayoorHaridasan 0488 4235565,DrRamanNambisan,archive2010-1q.asp
15-01-10,"Sita Swayamvaram, Kiratham",Ayioor,,Kerala,India,"Kala. Prasanth, Kala. Kesavan Namboothiri, Kala. Bhagyanathan, Kalakendram Troup, Pattu: Kala. Balachandran, Kalanilayam Sinu, Chenda: Kidangoor Rajesh, Kala. Purushoothaman, Maddalam: Kala. Vineeth, ",,Hari the Midget,archive2010-1q.asp
14-01-10,Keechaka Vadham,Kadamudi,,Kerala,India,"Keechaka: Sadanam Krishnankutty, Syrandri: Kala. Rajashekaran, Pattu: Pathiyoor Shankarankutty, Kottakkal Madhu, Kala. Sajeev, Chenda: Kala. Krishnadas",,Hari the Midget,archive2010-1q.asp
14-01-10,"Sita Swayamvaram, Karna Shapadam, Duryodhana Vadham",Aranmula Parthasarathy Temple,Pattanamthitta,Kerala,India,"Parasurama: Kala. Balasubramanian, Karna: Kala. Krishnakumar, Kunthi: Kala. Kesavan Namboothiri, Roudra Bheema: Kala. Bhagyanathan, Duryodhana: FACT Mohan, Dussassana: Kala. Balakrishna Pillai, Bhanum",Kalamandalam Kesavan Namboothiri,Hari the Midget,archive2010-1q.asp
14-01-10,Duryodhana Vadham,Palakkad,Palakkad,Kerala,India,"Kottakkal Chandrashekara Warrier, Kottakkal Vasudevan Kundalayar, Kottakkal Kesavan Kudalayar, Kottakkal Sudheer, Kottakkal Devadas, Kottakkal Rajmohan, etc, Pattu: Kottakkal Narayanan, Kottakkal Madh",,Hari the Midget,archive2010-1q.asp
14-01-10,"Bakka Vadham, Subhadraharanam",Kottaarakkara,,Kerala,India,"Kala. Ramachandran Unnithan, etc Pattu: Kala. Balachandran",,Hari the Midget,archive2010-1q.asp
14-01-10,"Sita Swayamvaram, Karna Shapadam, Duryodhana Vadham (starting from Paripahimam)",Aranmula Parthasarathy Temple 9:30,Pattanamthitta,Kerala,India,"Parasurama: Kala. Balasubramanian, Karna: Kala. Krishnakumar, Kunthi: Kala. Kesavan Namboothiri, Roudra Bheema: Kala. Bhagyanathan, Duryodhana: FACT Mohan, Dussassana: Kala. Balakrishna Pillai, Bhanum",Kalamandalam Kesavan Namboothiri,Balu Nair,archive2010-1q.asp
13-01-10,"Daksha Yaga, Rukmini Swayamvaram, Kiratham",Payyannur,Kannur,Kerala,India,"Daksha: Kala. Vasu Pisharody, Vedavali: Kala. Anilkumar, Shutha Brahman: Kala. Myannad Rajeev, Sathi: Kala. Shanmugan, Shiva: Kala. Prasanth, Sundara Brahmana: Kala. K.G. Vasudevan, Rukmini: Kudamaloo",,Babu,archive2010-1q.asp
13-01-10,"Nalacheritham 4, Krishna Leela, Bali Vadham",Sri Vallabha Kshetram,Thiruvalla,Kerala,India,"Bahuka: Ettumanoor Kannan, Damayanthi: RLV Radhakrishnan, Kesini: Madhu Varanasi, Krishna: Kala. Balasubramanian, Yashoda: Kalanilayam Gopalakrishnan, Devaki: Oyoor Ramachandran, Bali: Kala. Ramachand",,Hari the Midget,archive2010-1q.asp
12-01-10,NIZHALKUTHU,"Aluva Edaykkattil Shree Dharma Sastha Temple, Aluva",Ernakulam,Kerala,India,"Kala. Ramachandran Unnithaan, Kala. Oyoor Ramachandran, Kala. Sreekumar, RLV Gopi, Kala. Hari.R.Nair, FACT Biju Bhaskar, RLV Sunil Kumar, RLV Pramod etc. Vocal: Kalanilayam Rajeevan, Kala. Sudheesh, R",Sponsored by PARAT Kamalakshi Pillai Family,Pankajakshan Pillai (Chennai),archive2010-1q.asp
12-01-10,"Sita Swayamvaram, Bali Vijayam, Kiratham",Shankamangalam,,Kerala,India,"Madavoor Vasudevan Nair, Kala. Ramachandran Unnithan, Pattu: Pathiyoor Shankarankutty, Parimanam Madhu",,Hari the Midget,archive2010-1q.asp
12-01-10,Daksha Yagam,Kerala Kalamandalam,Thrissur,Kerala,India,"Daksha: Kala. Balasubramanian, etc",,Hari the Midget,archive2010-1q.asp
12-01-10,"Kuchella Vrittam, Santhana Gopalam",Sri Vallabha Kshetram Thiruvalla,Alleppy,Kerala,India,"RLV Rajashekaran, Kalabharathi Manmadhan, Cheriyankeer Murugan, etc, Pattu: Thiruvalla Gopikuttan Nair, Parimanam Madhu, Mangalam Narayana Namboothiri, Chenda: Thiruvalla Hari, Kalabharthi Peethambara",Sreerangam troup,Hari the Midget,archive2010-1q.asp
12-01-10,Keechaka Vadham,Mangaad near Kottayam,Kottayam,Kerala,India,"Keechaka: Kala. Krishnakumar, Syrandri: Kalanilayam Gopalakrishnan, Pattu: Kala. Babu Namboothiri, Kala. Harish, Chenda: Kuroor Vasudevan Namboothiri, Maddalam: Kalanilayam Manoj",,Hari the Midget,archive2010-1q.asp
12-01-10,Kalyana Saugandhikam,Patthanamthitta Evoor,Patthanamthitta,Kerala,India,"Kala. Pradeep, etc",,Hari the Midget,archive2010-1q.asp
11-01-10,Nalacharitham-III,"Aalumoodu bhagavathy temple, Kazhakuttom",Thiruvananthapuram,Kerala,India,"WARM RECEPTION - AADARAYANAM TO GURU KALA.VASUPISHARODY BY KALIYARANGU. Aattom - Nalan&rithuparnan-kala.mukundan,karkodakan-venkitaraman,Baahukan- Guru Kala.Vasu Pisharody, Jeevalan-Ravindran Pillai,V","KALIYARANGU, KAZHAKUTOM",V.Madhu kumar,archive2010-1q.asp
11-01-10,Kuchella Vrittam,Guruvayoor,Thrissur,Kerala,India,"Parianampatta Divakaran, Kala. Pradeep, Pattu: Velinezhi Haridas, Chenda: Kala. Nandakumar, Maddalam: Kala. Venukuttan",,Hari the Midget,archive2010-1q.asp
11-01-10,"Purapad, Double Melapadam, Nalacharitham 3, Nalacharitham 4",Sri Vallabha Kshetram Thiruvalla,Alleppey,Kerala,India,"Nala: FACT Mohan, Karkodaka: Thiruvalla Babu, Bahuka: Thonnakkal Peethambaran, Sudeva: FACT Padmanabhan, Damayanthi: Oyoor Ramachandran, Varshneyan: Thiruvalla Harikumar, Jivalan: Thiruvalla Sadashiva",,Hari the Midget,archive2010-1q.asp
11-01-10,Kalyana Saugandhikam,Payyanur,Kannur,Kerala,India,"Hanuman: Kala. MPS Namboothiri, Bheema: Kala. Krishnakumar, Panchali: Kala. Suchindran, Pattu: Kala. Vinod, Kala. Nedumpally RamMohann, Chenda: Ayamkudi Unnikrishnan, Maddalam: Kalanilayam Manoj, Chut",,Babu,archive2010-1q.asp
10-01-10,Rugmangadacheritham,Paravoor,Ernakulam,Kerala,India,"RLV Radhakrishnan, etc",,Hari the Midget,archive2010-1q.asp
10-01-10,'Nalacharitham Moonam Divasam' (Nalacharitham 3rd Day),"Model English School, Pandurangwadi, Dombivili (E), Mumbai",Mumbai,Kerala,India,"S/Shri Mathoor Govindankutty, Injakkad Ramachandran Pillai, Kala.Gopalakrishnan (Mumbai),Kalabharathi Harikumar, Kudamaloor Muralikrishnan, Kalakendram Muralidharan Namboothiri, Thiruvalla Sadasivan, ","Kalakshetra, Dombivili, Mumbai",M.V. Damodaran,archive2010-1q.asp
10-01-10,Bali Vadham,Cherukolpuzha 7:00 pm,Pattanamthitta,Kerala,India,"Kottayam Ramakrishnan, Kala. Ramachandran Unnithan, Kottakkal Devadas, Oyoor Ramachandran, Pattu: Kala. Sajeev, Kala. Ajesh Prabhakar, Chenda: Kala. Shivadas, Maddalam: Kala. Harikumar",,Hari the Midget,archive2010-1q.asp
10-01-10,"DR. K.N.PISHAROTY SMARAKA KATHAKALI CLUB , IRINJALAKUDA - ANNUAL DAY","KALANILAYAM HALL , IRINJALAKUDA 7.30 pm",Thrissur,Kerala,India,"7.30:ANNUAL DAY MEETING.Chief Guest:Dr.P.M.Rajan Gurukkal(Vice Chancellor, Mahathma Gandhi University.) Presentation of DR.K.N.PISHAROTY SMARAKA KATHAKALI PURASKARAM to Sadanam Balakrishnan. Vazhenkat","KATHAKALI CLUB,IRINJALAKUDA,. 9249800700",M.K..ANIYAN,archive2010-1q.asp
10-01-10,Rukmangada Charitham,"Kannankulangara Sreekrishna Temple, North Paravur, 7.30 p.m.",Ernakulam,Kerala,India,"Kal. Balasubramanian-Rukmangadan, Margi Vijayakumar-Mohini, Kal. Sreekanth, FACT Biju-Brahmanar, Kal. Pramod-Dharmangadan, FACT Biju-Sandhyavali, R.L.V.Sunil-Mahavishnu, Pattu-Kot. Narayanan, Kaln. Ra","Kshethrolsava Samithi, Sreekrishna Temple","Biju Anand, North Paravur",archive2010-1q.asp
10-01-10,Thoranayudham,Ayodhya Auditorium.Payyannoor. 5pm,Kannur,Kerala,India,"Kala.Manoj,Kala.John,Sadanam Shyamalan, Kala.Sreejith, Kala.Nandakumar, Kala.Raj Narayanan etc",Payyannor kathakaliarangu,Dr.Pavithran,archive2010-1q.asp
09-01-10,Ramayana,Cherthala,Ernakulam,Kerala,India,PSV Natyasangham Kottakkal artists,,Hari the Midget,archive2010-1q.asp
09-01-10,Bali Vijayam,Pandalam,,Kerala,India,"Kala. Kesavan Namboothiri, Kala. Ramachandran Unnithan, FACT Jayadev Varma, Pattu: Kala. Sudheesh, Parimanam Madhu, Chenda: Kala. Raman Namboothiri, Kala. Sreekanth Varma, Maddalam: Kalanilayam Manoj",,Hari the Midget,archive2010-1q.asp
09-01-10,Bali Vijayam,Pandalam,Pattanamthitta,Kerala,India,"Kala. Ramachandran Unnithan, Chenda: Kala. Raman Namboothiri, Kala. Sreekanth Varma, Maddalam: Kalanilayam Manoj",,Hari the Midget,archive2010-1q.asp
09-01-10,Nalacheritham 1,Cherukolpuzha 7:00 pm,Pattanamthitta,Kerala,India,"Nala: Kala. Gopi, Hamsa: Sadanam Krishnankutty, Damayanthi: Margi Vijayakumar, Pattu: Pathiyoor Shankarankutty, Kalanilayam Rajeev, Chenda: Kala. Krishnadas, Maddalam: Kala. Achutha Warrier",,Hari the Midget,archive2010-1q.asp
09-01-10,Gurudakshina,"Bright High School and Jr.College, Village Road, Bhandup (W), Mumbai",Mumbai,Maharashtra State,India,"S/Shri Mathoor Govindankutty, Injakkad Ramachandran Pillai, Kala.Gopalakrishnan (Mumbai),Kalabharathi Harikumar, Kudamaloor Muralikrishnan, Kalakendram Muralidharan Namboothiri, Thiruvalla Sadasivan, ","19th Anniversary of SOPANAM, Mumbai",M.V. Damodaran,archive2010-1q.asp
09-01-10,"SREERAMA PATTABHISHEKAM, KIRATHAM","NALPPATHENNEESWARAM, PANAVALLY Time 9 pm",Alappuzha,Kerala,India,"Performers :Chandrasekhara varier,Kesavan kundlayer,Vasudevan kundlayer, Hari dasan,Devadasan etc./Singers : K.Narayanan,Kottakkal Madhu,etc./Chenda Prasad kumar,Vijayaraghavan/Maddalam:Ravindran,Radh","VRD Kaimal, Chaithram,Panavally",knmadhupanavally@gmail.com,archive2010-1q.asp
08-01-10,(1) Banayudham (Usha Chitralekha); and (2) Rajasooyam (Thekkan),"Bright High School and Jr.College, Village Road, Bhandup (W), Mumbai",Mumbai,Maharashtra State,India,"S/Shri Mathoor Govindankutty, Injakkad Ramachandran Pillai, Kala.Gopalakrishnan (Mumbai),Kalabharathi Harikumar, Kudamaloor Muralikrishnan, Kalakendram Muralidharan Namboothiri, Thiruvalla Sadasivan, ","19th Anniversary of SOPANAM, Mumbai",M.V. Damodaran,archive2010-1q.asp
08-01-10,Santhana Gopalam,Cherukolpuzha 7:00 pm,Pattanamthitta,Kerala,India,"Brahmin: Kala. Kesavan Namboothiri, Krishna: Kala. Ulas, Brahmin wife: Kala. Arun, Pattu: Kala. Surendran, Kalavedi Suresh, Chenda: Ayamkudi Unnikrishnan",,Hari the Midget,archive2010-1q.asp
08-01-10,"Kuchella Vrittam, Prahlada Charitham",Palakkad,Palakkad,Kerala,India,"Krishna: Kala. Harinarayanan, Hiranyakashipu: Kala. Pradeep, Narasimha: Kottakkal Devadas, etc",,Hari the Midget,archive2010-1q.asp
08-01-10,Bali Vijayam,Ernakulam Kathakali Club,Ernakulam,Kerala,India,"Ravana: Kottakkal Chandrashekara Warrier, Bali: Kottakkal Devadas, Narada: FACT Padmanabhan, Pattu: Kala. Rajendran, Kala. RamMohan, Chenda: Kuroor Vasudevan Nambootiri, Maddalam: Kala. Prakash",Ernakulam Kathakali Club,Hari the Midget,archive2010-1q.asp
08-01-10,"Purapad, Melapadam, Nalacheritham 3, Nalacheritham 4",Sri Vallabha Kshetram Thiruvalla,Alleppey,Kerala,India,"Nala: FACT Mohan, Karkodakan: Thiruvalla Babu, Bahuka: Ettumanoor Kannan, Sudeva: Thadayil Unnikrishnan, Damayanthi: Oyoor Ramachandran, Varshneyan: Thiruvalla Harikumar, Jivalan: Thiruvalla Sadashiva",Jaya,Jaya,archive2010-1q.asp
08-01-10,Sita Swayamvaram,Payyanur,Kannur,Kerala,India,"Parasurama: Kala. MPS Namboothiri, Rama: Kala. Shamugan, Sita: Kala. Suchindran, Lakshmana: Kala. Arun Ramesh, Dasharatha: Kalanilayam Karunakara Kurup, Pattu: Kala. Gangadharan, Kala. Vinod, Chenda: ",,Babu,archive2010-1q.asp
07-01-10,Nalacheritham 2,Cherukolpuzha 10:00 am,Pattanamthitta,Kerala,India,Kalamandalam youth,,Hari the Midget,archive2010-1q.asp
07-01-10,Seethaswayamvaram,Cherukolpuzha 7:00 pm,Pattanamthitta,Kerala,India,"Parasurama: FACT Mohan, Kala. Ulas, Kala. Arun, Pattu: Kottakkal Madhu, Kottakkal Narayanan (Vengiri), Chenda: Ayamkudi Unnikrishnan, Maddalam: Kala. Achutha Warrier, Kala. Harikumar",,Hari the Midget,archive2010-1q.asp
07-01-10,"Deshamukha Ravana, Sita Swayamvaram, Rugmangadacharitham",Payyanur,Kannur,Kerala,India,"Ravana: Kala. Krisnakumar, Parasurama: Kala. MPS Namboothiri, Rama: Kala. Shanmugan, Sita: Kala. Suchindran, Lakshmana: Kala. Arun Ramesh, Dasharatha: Kalanilayam Karunakara Kurup, Vasishta: Kala. Mya",,Babu,archive2010-1q.asp
06-01-10,"Rugmangada Charitham, Kalyana Saugandhikam, Kiratham",Payyanur,Kannur,Kerala,India,"Rugmangada: Kala. Vasu Pisharody, Mohini: Kala. K.G. Vasudevan, Sandhyavali: Kala. Anilkumar, Vishnu: Kala. Chinosh, Dharmangada: Kala. Suchindran, Brahmins: Kala. Myannad Rajeev, Kalanilayam Karunaka",,Babu,archive2010-1q.asp
06-01-10,Maruthi Dhanajayam,Near Thiruvalla,Alleppey,Kerala,India,"Madavoor Vasudevan Nair, Thalavadi Aravindan, FACT Mohan, Cheriyankeer Murugan, Thiruvalla Babu, Thiruvalla Sadashivan, Kalanilayam Madhavan Namboothiri, Pattu: Kala. Surendran, Mangalam Narayanan Nam",,Hari the Midget,archive2010-1q.asp
05-01-10,Karna Sapadham,Madras,Madras,Tamil Nadu,India,"Karna: Kala. Gopi, Duryodhana: Kottakkal Nandakumar, Kunthi: Margi Vijayakumar, Bhanumathi: Kala. Shanmugan, Dussassana: Kala. Hari R. Nair, Pattu: Pathiyoor Shankarankutty, Kottakkal Madhu, Vellinezh",,Hari the Midget,archive2010-1q.asp
05-01-10,"Purapad, Melapadam, Poothana Mooksham, Santhana Gopalam, Bali Vijayam, Gitopadesham",Mavelikkara,,Kerala,India,"Poothana: Radhika Nandakumar, Krishna: Kala. Pradeep, Arjuna: Sadanam Krishnankutty, Brahmana: Kala. Kesavan Namboothiri, Brahmana Patni: Kalanilayam Vinod, Bali: Kavumkal Divakara Paniker, Ravana: FA",,Hari,archive2010-1q.asp
04-01-10,Santhana Gopalam,Kalara,,Kerala,India,Chenda: Kala. Sreekanth Varma etc,,Hari the Midget,archive2010-1q.asp
04-01-10,"Nalacharitham 1, Nalacharitham 2",Sri Vallabha Kshetram Thiruvalla,Alleppey,Kerala,India,"Nala: FACT Mohan, Hamsa: FACT Padmanabhan, Damayanthi: Oyoor Ramachandran, Sakhi: Cheriyankeer Murugan, Kalanilayam Vinod, Narada: Kalanilayam Vinod, Nala: Thonnakkal Peethambaran, Damayanthi: Kalanil",,Hari the Midget,archive2010-1q.asp
04-01-10,"Purapad, Melapadam, Sita Swayamvaram, Sri Rama Pattabhishekam",Payyanur,Kannur,Kerala,India,"Parasurama: Kala. MPS Namboothiri, Rama: Kala. Shanmugan, Sita: Kala. Suchindran, Lakshmana: Kala. Arun Ramesh, Dasharatha: Kalanilayam Karunakara Kurup, Vasishta: Kala. Myannad Rajeev, Rama: Kudamalo",,Babu,archive2010-1q.asp
03-01-10,"Daksha Yagam, Kiratham",Payyanur,Kannur,Kerala,India,"Daksha: Kala. Vasu Pisharody, Vedavali: Kala. Anilkumar, Shiva: Kala. Prasanth, Sathi: Kala. Shanmugan, Vritha Brahman: Kalanilayam Karunakara Kurup, Kattalan: Kala. MPS Namboothiri, Kattalastree: Kal",,Babu,archive2010-1q.asp
03-01-10,"Poothana, Sita Swayamvaram, Ambareesha Charitham, Bali Vijayam, Gitopadesham",Sri Vallabha Kshetram Thiruvalla,Alleppey,Kerala,India,"Poothana: Margi Vijayakumar, Parasurama: Kottayama Ramakrishnan, Rama: Kalanilayam Vinod, Sita: Cheriyankeer Murugan, Lakshmana: Thiruvalla Harikumar, Dasharatha: Thiruvalla Babu, Ambareesha: Kottakal",a devotee,Hari the Midget,archive2010-1q.asp
03-01-10,Nalacheritham 4,Kottayam 4:00 pm,Kottayam,Kerala,India,"Bahuka: Kottayam Ramakrishnan, Damayanthi: Mathoor Govindankutty, Kesini: Kudamaloor Muralikrishnan, Pattu: Pathiyoor Shankarankutty, Kala. Sajeev, Chenda: Kuroor Vasudevan Namboothiri, Maddalam: Kala",,Hari Bala-Simcoe,archive2010-1q.asp
03-01-10,Keechaka Vadham,Calicut,,Kerala,India,PSV Natya Sangam Kottakkal Artists,,Hari Bala-Simcoe,archive2010-1q.asp
02-01-10,Sita Swayamvaram,Kottayam,Kottayam,Kerala,India,Parasurama: Kottakkal Devadas,,Hari Bala-Simcoe,archive2010-1q.asp
02-01-10,Ravana Udbhavam,Calicut,,Kerala,India,PSV Natyasangam Kottakkal Artists,,Hari Bala-Simcoe,archive2010-1q.asp
02-01-10,"Poothana Mooksham, Karna Shapadam, Bali Vijayam, Gitopadesham",Sri Vallabha Kshetram Thiruvalla,Alleppey,Kerala,India,"Poothana: Margi Vijayakumar, Karna: Kala. Balasubramanian, Duryodhana: Kala. Vijayakrishnan Unnithan, Dussassana: Thalavadi Aravindan, Kunthi: Oyoor Ramachandran, Bhanumathi: Cheriyankeer Murugan, Bal",a devotee,Hari the Midget,archive2010-1q.asp
02-01-10,"Keechakavadham, Dakshayagam","Kollam ,Ammachiveedu Temple, 9P.M",kollam,Kerala,India,"Margi Troupe. Keechakan- Injakkad Ramachandran Pillai, Syrandhri- Margi Vijayakumar, Chenda- Kala. Krishnadas",advisory committee,"suresh.V,Kollam",archive2010-1q.asp
02-01-10,"Keechakavadham, Dakshayagam","Kollam ,Ammachiveedu Temple, 9P.M",kollam,Kerala,India,"Margi Troupe. Keechakan- Injakkad Ramachandran Pillai, Syrandhri- Margi Vijayakumar, Chenda- Kala. Krishnadas",advisory committee,"suresh.V,Kollam",archive2010-1q.asp
02-01-10,"Karna Shapadam, Kuchella Vrittam",Payyanur,Kannur,Kerala,India,"Karna: Kala. Krishnakumar, Kunthi: Kala. Shanmugan, Duryodhana: Kala. Ravikumar, Dussassana: Kala. Hari R. Nair, Bhanumathi: Kala. Suchindran, Kuchella: Mathoor Govindankutty, Krishna: Kudamaloor Mura",,Babu,archive2010-1q.asp
01-01-10,Kiratham,Payyanur,Kannur,Kerala,India,"Kattalan: Kala. MPS Namboothiri, Kattalastree: Mathoor Govindankutty, Arjuna: Kala. Krishnakumar, Shiva: Kalanilayam Karunakara Kurup, Parvathi: Kala. Anilkumar, Pattu: Kala. Vinod, Kala. RamMohan, Ch",,Babu,archive2010-1q.asp
01-01-10,"Nalacharitham 1, Kiratham",Chenganassery,Alleppey,Kerala,India,"Sadanam Krishnankutty, Mathoor Govindankutty, Kala. Ramachandran Unnithan, Margi Vijayakumar, Kala. Suchindran, Kala. Krishnaprasad, Pattu: Pathiyoor Shankarankutty, Kala. Balachandran, Kala. Sajeev, ",,Hari the Midget,archive2010-1q.asp
01-01-10,Nalacharitham 1,Chengannaserry,Alleppey,Kerala,India,"Sadanam Krishnankutty, Margi Vijayakumar, Pattu: Pathiyoor Shankarankutty, Kala. Balachandran, Kala. Jayaprakash, Kala. Sajeev, Chenda: Kala. Krishnadas, Maddalam: Kala. Sasi",,Hari Bala-Simcoe,archive2010-1q.asp
01-01-10,Nalacheritham 3,Calicut,,Kerala,India,"Kerala Kalamandalam troup, Bahuka: Kala. Gopi",,Hari Bala-Simcoe,archive2010-1q.asp
01-01-10,Santhana Gopalam,Cherukolpuzha,Pattanamthitta,Kerala,India,Kala. Kesavan Namboothiri,,Hari the Midget,archive2010-1q.asp
01-01-10,Lavanasuravadham,Alway,Alleppey,Kerala,India,RLV Radhakrishnan,,Hari the Midget,archive2010-1q.asp
28-06-10,RAVANOTHBHAVAM,"SREEKRISHNAPURAM HIGHER SECONDARY SCHOOL,SREEKRISHNAPURAM",PALAKKAD,Kerala,India,"KALAMANDALAM SOMAN,KALA.NARAYANANKUTTY,KALA.CHINOSH,KALA KRISHNADAS, SADANAM RAMAKRISHNAN,KALA VENU,CHERPULASSERY HARIHARAN,NEDUMPALLY RAM MOHAN,SADANAM JYOTHISHBABU ETC.....","VAZHENKADA KUNCHU NAIR SMARAKA TRUST,9447838003",BIJU THEKKUMPAT,archive2010-2q.asp
27-06-10,"PURAPPAATU, KUCHELAVRUTHAM, KIRAATHAM","Sreekoodalmanikyam Kshethram Kizhakke Natappura ,Irinjalakuda 8.30p m",Thrissur,Kerala,India,"Purappaatu:Kln.Sandeep,Kln.Arjun, Kuchelan:Kln.Raaghavan,Sreekrishnan:Kln.Gopi,Rukmani:Kln.Vinodkumar, Arjunan:Kln.Gopaalakrishnan,Kaattalan:Sdn.Krishnankutty, Kaattaalasthree:Kln.Karunaakaran,Kuttikk",PUTHUR ACHYUTHA MENON FAMILY 9048 065909,M.K.ANIYAN,archive2010-2q.asp
26-06-10,KALYAANASOUGANDHIKAM,"Kalanilayam Hall, Irinjalakuda 6p m",Thrissur,Kerala,India,"Bheemasenan:Klm.Harinarayanan,Panchali:Klm.Kasinathan,Hanuman:Sdn.Bhasi, Samgeetham :Vengeri Narayanan,Klm.Sudheesh,Chenda:Sdn.Ramakrishnan, Maddalam:Klm.Venu,Chutty:Klm.Ravikumar.","Kathakali Club,Irinjalakuda 9249 800700",M.K.ANIYAN,archive2010-2q.asp
26-06-10,Narakasura Vadham,Sreekrishna Temple Natakasala Ambalapuzha 6.30 PM Monthly Performance,Alappuzha,Kerala,India,Kalnilayam Vinod(Lalitha) Kal Vijayakumar (Jayanthan); Kal Shanmughan (Narakasuran).........,Sandarsan Kathakali Vidyalayam 9447161980,Renjith R Ernakulam,archive2010-2q.asp
24-06-10,kathakalipadhakacheri,srirengamhallkottayam 2pm,kottayam,Kerala,India,pathiyoorsankarankutty kottakalmadhu,pallamchandran,shyam,archive2010-2q.asp
24-06-10,NALACHARITHAM 3rd DAY,MANNOORKAVE,KOLLAM,Kerala,India,KALAkrishnakumar pathiyoorsankarankutty,,shyam,archive2010-2q.asp
24-06-10,NALACHARITHAM 3rd DAY,MANNOORKAVE,KOLLAM,Kerala,India,KALAkrishnakumar pathiyoorsankarankutty,,shyam,archive2010-2q.asp
21-06-10,Banaudham(Usha-Chithralekha vare),"Nadakasala,Ambalapuza Sreekrishnaswami Temple,6pm",Alappuza,Kerala,India,"Banan-Kala:Sanmukhan,Banapathni & Parvathy-Kala:Rajeesh, Kubhandakan-Thiruvalla Babu, Sivan-Kalani:Karunakarakuruppu, Ganapathi-Thiruvalla Sadasivan, Subhrahmanayan-Tiruvanchoor Subash, Nandikesvaran-","Sandarsan Kathakali Vidyalayam,Amalapuza","Mani,Vathukkodam",archive2010-2q.asp
20-06-10,Kuchelavritham,"Sri Poornathrayeesa Temple Oottupura Hall, Tripunithura. 6 p.m.",Ernakulam,Kerala,India,"Kuchelan-Kal.Kuttan, Kuchelapadni-Kaln.Sasi,Srikrishnan-R.L.V.Rajendran, Rukmini-Biju Bhaskaran,Pattu-Kal.Hareesh, Kaln.Rajeevan, Chenda-Sad.Divakaran,Madalam-Thiruvilvamala Venkiteswaran,Chutti-Eroor",Thripunithura Kathakali Kendram,"Biju Anand, North Paravur",archive2010-2q.asp
19-06-10,Kathakali Carnatic Music Jugalbandi.,"Changambuzha park, Edappally.",Ernakulam,Kerala,India,"Kathakali music-Kottkkal Madhu,Chenda-Gopi krishnan Thampuran,Maddalam-Kalani. Manoj. Carnatic music-Nedumbally Ram Mohan, Violin-Edappally Jayamohan, Mridangam-Kala.Hari,","Edappally Kathakali Aswadaka Samithi, EDP",Gayathri,archive2010-2q.asp
18-06-10,Santhanagopalam,"Ernakulathappan Hall, Ernakulam",Ernakulam,Kerala,India,"Kala Vasu Pisharody, Sadanam Krishnan Kutty,Kala Rajeevan.....",EKM Kathakali Club,Srikumar,archive2010-2q.asp
13-06-10,Kiratham,"Ayodhya Auditorium, Payyannoor. 3pm",Kannur,Kerala,India,"Kala.Ramachandran Unnithan Shashtipoorty Sammelanam. Function 3pm. Kiratham kathakali at 6pm. Madavoor Vasudevan Nair, Oyyur Ramachandran, Kala.Krishnakumar, Premnath, Kott.Madhu, RamMohan, Kala.Krish",Payyannur Kathakaliyarangu,Dr.Pavithran,archive2010-2q.asp
12-06-10,Krishnaleela by Dr P Venugopalan,Asraman Sri Krishna Temple Kollam 7 PM,Kollam,Kerala,India,"Kal Vijayakumar(Devaki); Kal Mukundan (sri KRishnan); Kal Shanmughan (Yasoda); PAtiyoor Sankarnakutty, Kal Jayaprakash (Music)Kal Sreekanth Varma, Kalanilayam RAtheesh (Chenda/Edakka) Kalanilayam Mano",Sandarsan Ambalapuzha 9447161980,Renjith R Ernakulam,archive2010-2q.asp
11-06-10,"Purapad, Double Melapadam, Rugmangada Cheritham, Thorana Yudham, Bali Vijayam",Thrissur,Thrissur,Kerala,India,"Rugmangada: Kala. Vasu Pisharody, Mohini: Margi Vijayakumar, Dharmangada: Madhu Varanasi, Brahmins: Kalanilayam Ravindranatha Pai, Kalakendram Muralidharan Namboothiri, Sandhyavali: Kalakendram Murali",,Hari,archive2010-2q.asp
10-06-10,"Purapad, Double Melapadam, Karna Shapadam, Duryodhana Vadham, Prahalada Cheritham",Thrissur,Thrissur,Kerala,India,"Karna: Kala. Gopi, Duryodhana: Kala. Sreekumar, Dussassana: Kala. Hari R. Nair, Bhanumathi: Kalanilayam Vinod, Kunthi: Margi Vijayakumar, Krishna: Kudamaloor Muralikrishnan, Panchali: Kalanilayam Vino",,Hari,archive2010-2q.asp
09-06-10,Nalacheritham 4,Thrissur,Thrissur,Kerala,India,"Bahuka: Kala. Gopi, Damayanthi: Margi Vijayakumar, Kesini: Madhu Varanasi, Pattu: Kala. Babu Namboothiri, Kalanilayam Rajeev, Chenda: Kuroor Vasudevan Namboothiri, Maddalam: Kala. Shankara Warrier",,Hari,archive2010-2q.asp
08-06-10,Nalacheritham 3,Thrissur,Thrissur,Kerala,India,"Nala: Ettumanoor Kannan, Karkodakan: Kala. Hari R. Nair, Bahuka: Kala. Vasu Pisharody, Varshneyan: Thiruvalla Harikumar, Jivalan: Thiruvalla Sadashivan, Sudeva: Kala. Kesavan Namboothiri, Damayanthi: ",,Hari,archive2010-2q.asp
07-06-10,Nalacheritham 2,Thrissur,Thrissur,Kerala,India,"Nala: Kala. Gopi, Damayanthi: Margi Vijayakumar, Kali: Nelliyod Vasudevan Namboothiri, Dwaparan: Kottakkal Devadas, Pushkara: Kala. Balasubramanian, Kattalan: Sadanam Naripatta Narayanan Namboothiri, ",,Hari,archive2010-2q.asp
06-06-10,"Purapad, Melapadam, Kuchella Vrittam",Thripunithura,Ernakulam,Kerala,India,"Kuchella: Nelliyod Vasudevan Namboothiri, Krishna: FACT Padmanabhan, Rukmini: Kalanilayam Gopalakrishnan, Kuchella Patni: Oyoor Ramachandran, Pattu: Kala. Mohanakrishnan, Kala. Harish, Chenda: Kala. V",,Praveen,archive2010-2q.asp
06-06-10,Nalacheritham 1,Thrissur,Thrissur,Kerala,India,"Nala: Kala. Vasu Pisharody, Hamsa: Kala. Balasubramanian, Damayanthi: Margi Vijayakumar, Sakhi: Madhu Varansi, Kalanilayam Vinod, Narada: Kalanilayam Vinod, Pattu: Kala. Babu Namboothiri, Kalanilayam ",,Hari,archive2010-2q.asp
05-06-10,"Kalakeyavadham(Urvasi),Rajasuyam,Kiratham","Cherpu, Trichur,9pm",Trichur,Kerala,India,"4.30pm-V.R.Deleepkumar's Kacheri. 7.30pm-Purushardhakuthu. 9pm-Kathakali Urvasi-Kala:Shanmukhadas,Sakhi-Kala:Kasinadhan,Arjunan(Kalakeyavadham)-Kala:Mayanadu Rajive,Indran-Kala:Suchendran,Jarasandhan-",KPC Bhattathirippad's 'ASETHI',"Mani,Vathukkodam",archive2010-2q.asp
05-06-10,"KALAKEYAVADHAM(URVASI),RAJASOOYAM,KIRATHAM","Cherpu Community Hall, at 9.00 pm",THRISSUR,Kerala,India,"Kala.Shanmughan(URVASI),Kala.Rajeevan(ARJUNA),Kala.Sucheendran(INDRAN),Nelliyodu(JARASANDHAN),Kala.Balasubrahmanian(SISUPALAN),Kala.Neeraj(BHEEMAN),Kala.Arun Warrier(ARJUNAN),Sadanam Krishnadas(KATTAL",K.P.C.MASH'S ASHEETHI CELEBRATION,P.C.RAMAVARMA,archive2010-2q.asp
04-06-10,Nalacheritham 4,Thirunakkara Kottayam,Kottayam,Kerala,India,"Bahuka: Kala. Gopi, Damayanthi: Margi Vijayakumar, Kesini: Madhu Varanasi, Pattu: Pathiyoor Shankarankutty, Kalanilayam Rajeev, Chenda: Kala. Unnikrishnan, Maddalam: Kottakkal Ravi, Chutti: Kalanilaya",,Jaya,archive2010-2q.asp
03-06-10,Nalacheritham 3,Thirunakkara Kottayam,Kottayam,Kerala,India,"Nala: Ettumanoor Kannan, Karkodakan: Kala. Balakrishnan, Bahuka: Kala. Vasu Pisharody, Rithuparna: Madhu Varanasi, Sudeva: Mathoor Govindankutty, Damayanthi: Kudamaloor Muralikrishnan, Jivalan: Thiruv",,Jaya,archive2010-2q.asp
02-06-10,Nalacheritham 2,Thirunakkara Kottayam,Kottayam,Kerala,India,"Nala: Kottakkal Chandrashekara Warrier, Damayanthi: Kottakkal Vasudevan, Pushkara: Kottakkal Kesavan, Kali: Nelliyodu Vasudevan Namboothiri, Dwaparan: Thiruvalla Babu, Indra: Madhu Varanasi, Kattalan:",,Jaya,archive2010-2q.asp
01-06-10,Nalacheritham 1,Thirunakkara Kottayam,Kottayam,Kerala,India,"Nala: Thonnakkal Peethambaran, Hamsa: Madavoor Vasudevan Nair, Damayanthi: Oyoor Ramachandran, Sakhi: Kalanilayam Vinod, Madhu Varanasi, Narada: Kalanilayam Vinod, Pattu: Kala. Balachandran, Kalanilay",,Jaya,archive2010-2q.asp
31-05-10,Rajasooyam,Palakkad,Palakkad,Kerala,India,"Kottakkal Chandrashekara Warrier, Kottakkal. Vasudevan, Kottakkal Kesavan, Kottakkal Unnikrishnan, Kottakkal Unnikrishnan A., Kottakkal Sudheer, Kottakkal Raj Mohan, etc, Pattu: Kottakkal Narayanan, K",,Hari,archive2010-2q.asp
30-05-10,Sri Guruvayurappan,Palakkad,Palakkad,Kerala,India,"Kottakkal Chandrashekara Warrier, Kottakkal. Vasudevan, Kottakkal Kesavan, Kottakkal Unnikrishnan, Kottakkal Unnikrishnan A., Kottakkal Sudheer, Kottakkal Raj Mohan, etc, Pattu: Kottakkal Narayanan, K",,Hari,archive2010-2q.asp
30-05-10,Kathakali workshop,"Folkland centre ,Payyanur",Kannur,Kerala,India,A 21 day long workshop starts from 30th May 2010 and ends on 20th June 2010. Workshop directed by Guru Sadanam Balakrishnan.,"Folkland- 0467-2210699, 9847305699",Folkland,archive2010-2q.asp
30-05-10,Kalayanasogandhikam,"Ambalapuza Sreekrishana Temple Nadakasala,6:30pm",Alapuza,Kerala,India,"Kottayam kathakalude avatharanavum silpasalaum may 26 to 30--- from 10am Kalakeyavadham(uthara bhagam) kaliude visakalanavum samvadhavum at sandarsan kathakalividyalayam, ambalapuza/ from 6:30pm Kalya","Sandarsan Kathakali Vidyalayam,Ambalapuza","Mani,Vathukkodam",archive2010-2q.asp
29-05-10,kalakeyavadham(Urvasi),"Ambalapuza Sreekrishana Temple Nadakasala,6:30pm",Alapuza,Kerala,India,"Kottayam kathakalude avatharanavum silpasalaum may 26 to 30--- from 10am Kalakeyavadham(poorvabhagam) kaliude visakalanavum samvadhavum at sandarsan kathakalividyalayam, ambalapuza/ from 6:30pm Kalake","Sandarsan Kathakali Vidyalayam,Ambalapuza","Mani,Vathukkodam",archive2010-2q.asp
29-05-10,Subhadraharanam,"valarkkav temple auditorium,anchery,trichur",Thrissur,Kerala,India,"kala;Shanmukhan(Arjunan),sucheendran(subhadra),neeraj(krishnan1),Kala:Rajeevan(balabhadran),Arun varrier(krishna2),Pattu:Nedumpilly Ram Mohan,Kala:Sudheesh,Chenda:Kala:Krishnadas,Kala:Harish,Maddalam:","9447867733 ,9497180352",P.C.Ramavarma,archive2010-2q.asp
28-05-10,kalakeyavadham(poorva bhagam),"Ambalapuza Sreekrishana Temple Nadakasala,6:30pm",Alapuza,Kerala,India,"Kottayam kathakalude avatharanavum silpasalaum may 26 to 30--- from 10am Kirmeravadham kaliude visakalanavum samvadhavum at sandarsan kathakalividyalayam, ambalapuza/ from 6:30pm Kalakeyavadham kali a","Sandarsan Kathakali Vidyalayam,Ambalapuza","Mani,Vathukkodam",archive2010-2q.asp
28-05-10,Seethaswayamvaram & Narakasuravadam,Kerala Kalamandalam 8.30 pm,Trichur,Kerala,India,"Parasuraman - Kal.Balasubramaniyan,Lalitha-Sad.Krishnankutty,Cheriya Narakasuran - Kala. Krishnakumar Nakrathundi - Kala.Ramachandran Unnithan,Valiya Narakasuran-Kotta.Devadas Kalasagar Award Presenta",Kala.Krishnankutty Poduval Anusmaranam 2010,Vivek P,archive2010-2q.asp
27-05-10,"Karnasapatham,Santhanagopalam","Sree VallabhaSwamy Temple,Thiruvalla",Pathanamthitta,Kerala,India,"Karnan- FACT Padmanabhan,Kunthi- Oyoor Ramachandran............. Paattu- Thiruvalla Gopikkuttan,Kal.Sajeevan , Maddalam- Kal Achutha Warrior",,GIRISH N IYER,archive2010-2q.asp
27-05-10,kirmeravadham(poorva bhagam),"Abalapuza Sreekrishana Temple Nadakasala,6:30pm",Alapuza,Kerala,India,"Kottayam kathakalude avatharanavum silpasalaum may 26 to 30--- from 10am bakavadham kaliude visakalanavum samvadhavum at sandarsan kathakalividyalayam, abalapuza. from 6:30pm kermeravadham kali at nad","Sandarsan Kathakali Vidyalayam,Abalapuza","Mani,Vathukkodam",archive2010-2q.asp
26-05-10,"panachapadavarude purappadu,Bakavadham(from lalitha to khadolkachan)","Abalapuza Sreekrishana Temple Nadakasala,6:30pm",Alapuza,Kerala,India,"Kottayam kathakalude avatharanavum silpasalaum may 26 to 30--- Darmaputhran & Khadolkachan-Kala:Arun Varyar,Bheman(purapadu)-Kala:Arun Kumar,Arjunan-Kala:Suchendran,Nakulan & Vyasan-Kala:Neraj,Sahadev","Sandarsan Kathakali Vidyalayam,Abalapuza","Mani,Vathukkodam",archive2010-2q.asp
24-05-10,"Purapad, Melapadam, Santhana Gopalam, Ambareesha Cheritham, Prahalada Cheritham, Gitopadesham",Sri Vallabha Kshetram Thiruvalla,Alleppey,Kerala,India,"Purapad: Unni, Brahmana: Kala. Vasu Pisharody, Brahmana patni: Kala. Krishnaprasad, Arjuna: Kala. Gopi, Krishna: Kala. Balasubramanian, Durvasa: Thonnakkal Peethambaran, Ambareesha: Sadanam Krishnanku",,Jaya,archive2010-2q.asp
23-05-10,Sabari Charithram By Radha Madhavan,"Padmashree Kalyana Mandapam Tali, Kozhikode at 1800 hr",Kozhikode,Kerala,India,"Etumanoor Kannan, Kala Sajan,Kala Manoj, Kala Shanmugham, Radhika Ranjeet, Neelima Ranjeet Patta Nedumballi RamMohan & Kalanilayam Babu Chenda Kalanilayam Udayan Namboodiri, Madalam Kala Venu , Chutti",Navarasam Mob no 8891799964,Radha Madhavan,archive2010-2q.asp
23-05-10,"Kiratham,Nizhalkuthu",Ettumanoor Mahaeva temple.Ettumanoor,Kottayam,Kerala,India,Maddalam-Kal.Achutha Warrior,KODIMARA PRATHISHTA MAHOTSAVAM,Girish,archive2010-2q.asp
22-05-10,"Karnasapatham,Santhanagopalam","Sree VallabhaSwami Temple,Thiruvalla",Pathanamthitta,Kerala,India,"KARNAN - FACT MOHANAN, KUNTHI - MATHOOR GOVINDAN KUTTY, DURYODHANAN - KAL PRADEEP",,Girish,archive2010-2q.asp
22-05-10,Ravanavijayam,"Chamgampuzha park, Edapally 6.30PM",Ernakulam,Kerala,India,Inchakad Ramachandran Pillai(Ravanan); RLV Gopi (doothan); RLV Radhakrishnan (Rambha); Palanad Divakaran; Kott Narayanan Vengeri (Music); Kal Vijayakrishnan (Chenda); Kalanilayam Manoj (Maddalam) ; Ch,Edapally Kathakali Aswadaka Sadas,Renjith R Ernakulam,archive2010-2q.asp
22-05-10,"Keli,Thodayam,Purappadu,Double Melappadam,Sree KrishnaVijayam?(Story of Thodupuzha Krishnan)","Sree Krishna Swamy Temple,Thodupuzha",Idukki,Kerala,India,,KODIMARA PRATHISHTA MAHOTSAVAM,GIRISH N IYER,archive2010-2q.asp
21-05-10,NIZHAKL KUTHU,"ERNAKULATHAPPAN HALL, ERNAKULAM 6 PM",Ernakulam,Kerala,India,"Injakkatu Ramachadran Pilla(Duryodhanan), Kala. Balasubramnain(Doothan), Margi Muralidharan Pilla(Trigarthan), Kala. Ratheesan(Malayan), Margi Harivalsan(Malayathi), Master Arjun(manikandan), Attingal",EKM KATHAKALI CLUB and SIVAKHETRASAMITI,Srikumar,archive2010-2q.asp
20-05-10,DAKSHAYAGAM,Kodalur Mullakkal Temple Pattambi,Palakkad,Kerala,India,DakshaKalaSivadasan IndraRoopesh SivaMahendran SathyKalaRajesh VeerabhadraKalaNarayanankutty BhadrakaliAravind PattuKalaJJayaprakash SadanamJyothishbabu ChendaKalaBalanarayananKrishnapraveen MaddalamK,KalaSivadasan 09387060935,DrRamanNambisan,archive2010-2q.asp
20-05-10,"Purappadu, Melappadam, Kuchela Vrittam","ChndrasekharapuramTemple, Muppathadam, Via Alwaye",Ernakulam,Kerala,India,"FACT Bhaskaran(Kuchelan), FACT Padmanabhan(Krishnan), Pattu - Kott. Madhu, Chenda - Kala Balaraman, Kala Krishnadas, Maddalam - Kala Sankara Varrier, Kala Sasi",,Srikumar,archive2010-2q.asp
16-05-10,Santhanagopalam,Vadakkumury Kunnamkat SivaTemple Pattambi 8PM,Palakkad,Kerala,India,Vesham BrahmanaKottakalNandakumaranNair PathniKalaRajesh ArjunaKalaSivadas KrishnaKalaNarayanankutty Pattu KalaMohanakrishnan VellinezhyDrAchuthankutty ChendaKalaVijayakrishan MaddalamKalaNarayanan,KalaSivdasan09387060935,Dr RamanNambisan,archive2010-2q.asp
15-05-10,"Dhuryodhanavadham,Santhanagopalam","Sree VallabhaSwami Temple,Thiruvall",Pathanamthitta,Kerala,India,"Kal.Rmachanran Unnithan,Chathannoor..........",,GIRISH N IYER,archive2010-2q.asp
15-05-10,"Dhuryodhanavadham,Santhanagopalam","Sree VallabhaSwami Temple,Thiruvall",Pathanamthitta,Kerala,India,"Kal.Rmachanran Unnithan,Chathannoor..........",,GIRISH N IYER,archive2010-2q.asp
15-05-10,"Sri Guruvayurappan, Kiratham",Panavalli (Chertala),Alapuzha,Kerala,India,"Kottakkal Chandrashekara Warrier, Kottakkal. Vasudevan, Kottakkal Kesavan, Kottakkal Unnikrishnan, Kottakkal Unnikrishnan A., Kottakkal Sudheer, Kottakkal Raj Mohan, etc, Pattu: Kottakkal Narayanan, K",,Hari,archive2010-2q.asp
14-05-10,,near attingal,,Kerala,India,kalamandalam gopi,,sef,archive2010-2q.asp
14-05-10,"Nalacheritham 2, Keechaka Vadham","Place-Navayikulam,near Kallambalm,Trivandrum district",Trivandrum,Kerala,India,"Nala: Kala. Gopi, Sadanam Krishnankutty, Kal.Ramachandran Unnithan, Damayanthi:Margi Vijayakumar, Keechaka:Kottakkal Chandrashekara Warrier, Pattu: Kottakkal Narayanan, etc",,Hari,archive2010-2q.asp
13-05-10,Bana Yudham(Krishnanattam),"TRIKKANNAPURAM Parthasaradhi Temple, Edappally 7PM",Ernakulam,Kerala,India,KRISHNANATTAM TROUPE,Kshatriya Kshema Samithi,Jayarajan,archive2010-2q.asp
10-05-10,"Santhana Gopalam, Ambareesha Charitham, Deshamukha Ravana, Duryodhana Vadham (from paripahi onwards)",Sri Vallabha Kshetram Thiruvalla 8:30 pm,Alleppey,Kerala,India,"Brahmana: Kala. Vasu Pisharody, Brahmana patni: Oyoor Ramachandran, Krishna: Thiruvalla Harikumar, Arjuna: Ettumanoor Kannan, Ambareesha: FACT Mohan, Durvasa: Thonnakkal Peethambaran, Vishnu: Aranmula",myself,Jaya Lindsey,archive2010-2q.asp
09-05-10,DASAMUKHA RAVANAN,Thrissur,Thrissur,Kerala,India,"Ravanan: Kala. Soman, Pattu: Kala. Mohanakrishnan, Kala. Harish, Chenda: Kala. Vijayakrishnan, Kalasagar Krishnapraveen, Maddalam: Kala. Venu, Kala. Aneesh",,Praveen,archive2010-2q.asp
09-05-10,Rajasooyam(Vadakkan),"Ayodhya auditorium,Payyannoor- 5pm",Kannur,Kerala,India,"KottakkalChandrasekharan, Kala.Ramachandran Unnithan, Kala.Babu Namboodiri, Kurror Vasudevan Namboodiri etc",Payyannoor Kathakaliyarangu,Dr.Pavithran,archive2010-2q.asp
08-05-10,KATHAKALISAMGEETHAKKACHERI,"Kalanilayam Hall, Irinjalakuda 6p m",Thrissur,Kerala,India,"Pattu: Kalamandalam Babu Namboothiri, Kalamandalam Hareeshkumar, Chenda: R.V.Gopeekrishnan,Maddalam: Kalamandalam Rajanarayanan, Edakka: Kalanilayam Unnikrishnan","Kathakali Club,Irinjalakuda 9249 800700",M.K.ANIYAN,archive2010-2q.asp
08-05-10,Nalacheritham 4,Aranmula,Pattanamthitta,Kerala,India,"Bahuka: Kala. Vasu Pisharody, Damayanthi: Oyoor Ramachandran, Kesini: RLV Radhakrishnan, Pattu: Pathiyoor Shankarankutty, Kala. Balachandran, Chenda: Kala. Balaraman, Maddalam: Kala. Narayanan Nair, C",,Jaya Lindsey,archive2010-2q.asp
07-05-10,Nalacheritham 3,Aranmula,Pattanamthitta,Kerala,India,"Nala: Ettumanoor Kannan, Karkodakan: Thiruvalla Babu, Bahuka: Thonnakkal Peethambaran, Damayanthi: Oyoor Ramachandran, Sudeva: FACT Padmanabhan, Varshneyan: Thattayil Unnikrishnan, Jivalan: Thiruvalla",,Jaya Lindsey,archive2010-2q.asp
06-05-10,Nalacheritham 2,Aranmula,Pattanamthitta,Kerala,India,"Nala: Kala. Gopi, Damayanthi: Margi Vijayakumar, Pushkara: Thonnakkal Peethambaran, Kali: Neliyod Vasudevan Namboothiri, Dwaparan: Thiruvalla Babu, Indra: Kalanilayam Vinod, Kattalan: FACT Mohan, Patt",,Jaya Lindsey,archive2010-2q.asp
06-05-10,"Kalyanaswagandhigam, Kiratham",Amballoor Thrikkovil,Ernakulam,Kerala,India,"Bhima-1 - Kalakshethra Suchithra suresh, Panchali- Kalakshethra Anjana, Hanuman - Kalakshetra Sreeja soman, Bhima-2 - Kalakshethra Agninandha, Arjunan - R L V Sunil Pallipuram, Kattalan - Thiruvizha J",Kerala Kalakshethra,Krishnan,archive2010-2q.asp
05-05-10,Nalacheritham 1,Aranmula,Pattanamthitta,Kerala,India,"Nala: Kala. Vasu Pisharody, Hamsa: Madavoor Vasudevan Nair, Damayanthi: RLV Radhakrishnan, Sakhi: Kala. Arun, Unni, Pattu: Kalanilayam Unnikrishnan, Kala. Sajeev, Chenda: Kala. Balaraman, Maddalam: Ka",,Jaya Lindsey,archive2010-2q.asp
04-05-10,"Nalacheritham 1, Daksha Yagam",Cheryiyakad Karunagapally,,Kerala,India,"Nala: FACT Mohan, Hamsa: Kala. Krishnaprasad, Damayanthi: Oyoor Ramachandran, Daksha: Kala. Myannad Rajeev, Veerabhadra: Kala. Prasanth, Sathi: Kala. Anilkumar, Pattu: Pathiyoor Shankarankutty, Kottak",,Hari,archive2010-2q.asp
04-05-10,Santhana Gopalam,Kozhikode,Kozhikode,Kerala,India,"Kala. Balasubramanian, etc",,Hari,archive2010-2q.asp
04-05-10,"Santhanagopalam,Kiratham","Thirumoozhikkulam Lakshmana swamy Temple, MOOZHIKKULAM, 10 pm",Ernakulam,Kerala,India,"PERFORMING BY THRIPPOONITHURA KATHAKALI KENDRAM (VANITHA VIBHAGAM) Radhikavarma,Geethavarma,Radhika ajayan,Prameela vijayan,Priya namboothiri,Karthika,syama.PATTU;Kumarivarma,Sailajavarma.CHENDA;Gopik",TEMPLE ADVISORY COMMETTE MOOZHIKKULAM.Ph9388370107,T.G.Nandakumar,archive2010-2q.asp
04-05-10,"Nalacheritham 1, Daksha Yagam",Karunagapali,,Kerala,India,"Kala. Rajashekaran, Kala. Krishnaprasad, Kala. Ramachandran Unnithan, FACT Mohan, Pattu: Pathiyoor Shankarankutty, Kala. Sajeev, Chenda: Ayamkudi Unnikrishnan, Kala. Varanasi Narayana Namboothiri, Mad",,Hari,archive2010-2q.asp
03-05-10,SREERAMAPATTABHISHEKAM,"Sreekoodalmanikyam Utsavam,Irinjalakuda",Thrissur,Kerala,India,"5.30pm.SAMGEETHAKKACHERI:T.M.Krishna,Chennai,Violin:T.K.V.Ramanujacharyalu, Mridangam:Naanchil A.R.Arul,Ghatom:Udupi Sreedhar,7.30.NRITHANRITHIANGAL:Sreedhar and Anuradha Sreedhar.12.00: KATHAKALI.",Koodalmanikyam Dewaswam 9249800700,M.K.ANIYAN,archive2010-2q.asp
03-05-10,Kiratham,Thekkan Chittor Temple,Ernakulam,Kerala,India,"RLV Sasikumar, Dr. Narayana Namboothiri, RLV Pramod, Pattu: Kala. RamMohan, Kala. Sreejith, Gopikrishnan Thampuran, Maddalam: Kala.Prasanth",,Hari,archive2010-2q.asp
03-05-10,Kiratham,"Chittoor Sree Krishna Swamy Temple, Ernakulam",Ernakulam,Kerala,India,Will Be updated,Kiratham,Raju,archive2010-2q.asp
02-05-10,Daksha Yagam,"Chitoor Sree Krishna Swamy Temple, Ernakulam",Ernakulam,Kerala,India,"Vesham: Sri Kal.Pratheepan, Sri Kottakkal Devadas etc Pattu: Kal Babu Namboothiri etc",Ulsava Committe,Raju,archive2010-2q.asp
02-05-10,Balivadham,"Kalikkotta Palace, Thripunithura. 6 p.m.",Ernakulam,Kerala,India,"Ravanan-Vazhenkada Vijayan, Bali-Nelyod Vasudevan Namboodiri, Bali-Nelliyodu Vasudevan Namboothiri,Sugrivan-Kot.Devadas, Sriraman-Kaln. Vinod, Lakshman-Biju Bhaskar, Sita-Sadanam Vijayan, Marichan,Jad",Thripunithura Kathakali Kendram,"Biju Anand, North Paravur",archive2010-2q.asp
02-05-10,Daksha Yagam,Thekkan Chittor Temple,Ernakulam,Kerala,India,"Daksha: Kala. Pradeep, Veerabhadra: Kottakkal Devadas, Bhadrakali: Kala. Kaladasan, Pattu: Palanad Divakaran, Kala. Sreejith, Chenda: Gopikrishnan Thampuran, Kalanilayam Ratheesh, Maddalam: Kala. Pras",,Hari,archive2010-2q.asp
02-05-10,Kuchella Vrittam,Kolanadi,,Kerala,India,"Kala. Balasubramanian, etc",,Hari,archive2010-2q.asp
02-05-10,Balivadham,"Kalikotta Palace, Tripunithura. 5pm",Ernakulam,Kerala,India,"Ravanan-Vazhenkada Vijayan, Bali-Nelyod Vasudevan Namboodiri, Sugrivan-Kottakkal Devadas, Sriraman-Kalanilayam Vinod, Lakshman-Biju Bhaskar, Sita-Sadanam Vijayan, Marichan,Jadayu&Tara-RLV Akhil, Sanya",Tripunithura Kathakali Kendram-0-9895089740,Tripunithura Kathakali Kendram,archive2010-2q.asp
02-05-10,"NALACHARITHAM NAALAAMDIVASAM , THORANAYUTDHAM","Sreekoodalmanikyam Utsavam,Irinjalakuda",Thrissur,Kerala,India,"5.30pm.KARNATAKA - HINDUSTHANI SAMGEETHASAMANWAYAM by Sreeram Parasuram and Anooradha Sreeram,Violin:Viju S.Anand,Harmonium:Umaakanth Puraanika,Mridangam: Ananthakrishnan,Thabala:Udayaraj Karpur,7.30p",Koodalmanikyam Dewaswam 9249800700,M.K.ANIYAN,archive2010-2q.asp
01-05-10,Kuchelavritham,Sree Krishna Temple Pallipuram Mana Chottanikkara 6 pm,Ernakulam,Kerala,India,"Kal Vasupisharody(Kuchelan); Kal Vijayakumar(Kuchelapatni); Kal Mukundan(Sri Krishna); Tripunithura Ratheesh(Rukmini); Kal Jayaprakash, Kal Vinod(Music); Kalanilayam Ratheesh(Chenda); Kal Sasi(Maddala",Renjith R 9447161980,Renjith R Ernakulam,archive2010-2q.asp
01-05-10,"NALACHARITHAM MOONNAMDIVASAM , DAKSHAYAAGAM","Sreekoodalmanikyam Utsavam,Irinjalakuda",Thrissur,Kerala,India,"5.30pm.VIOLIN DUET.Mysore M.Nagaraj & Dr.Mysore M.Manjunath ,Mridangam:R.Remsh, Ghatom:Tripunithura Radhakrishnan,7.30.KALAANJALI NRITHASILPAM by Kalaakshethra Cousins(Manju Deepthikumar,Vijayasamgeet",Koodalmanikyam Dewaswam 9249800700,M.K.ANIYAN,archive2010-2q.asp
01-05-10,"Santhana Gopalam, Karna Shapadam",Sri Vallabha Kshetram Thiruvalla,Alleppey,Kerala,India,"Arjuna: Kala. Krishnakumar, Brahmana: Mathoor Govindankutty, Kala. Vijayakrishnan Unnithan, Thiruvalla Babu, FACT Mohan, Pattu: Kottakkal Madhu, Kala. Sajeev, Parimanam Madhu, Chenda: Ayamkudi Unnikri",,Hari,archive2010-2q.asp
01-05-10,Bana Yudham,Thekkan Chittor Temple 12:30 am,Ernakulam,Kerala,India,"Bana: Madavoor Vasudevan Nair, Usha: Kala. Vijayakumar, Chithralekha: Kala. Rajashekaran, Anirudha: Dr. Narayana Namboothiri, Nelliyod Vasudevan Namboothiri, Kala. Hari R. Nair, Kala. Vaishak, Pattu: ",,Hari,archive2010-2q.asp
01-05-10,Nalacharitham Nalam Divasam,"Kalikotta Palace, Tripunithura. 5pm",Ernakulam,Kerala,India,"Bahukan-Kottakkal Chendrasekhara Warrier, Damayanthi-Kalamandalam Rajasekharan, Keshini-Kalamandalam Suchindran. Vocal-Kottakkal Narayanan, Nedumbilli Rammohan. Chenda-Kalamandalam Unnikrishnan. Madha",Tripunithura Kathakali Kendram-0-9895089740,Tripunithura Kathakali Kendram,archive2010-2q.asp
01-05-10,Kalyana Saugandhikam,Kozhikode,Kozhikode,Kerala,India,"Kala. Balasubramanian, etc",,Hari,archive2010-2q.asp
01-05-10,Nalacharitham Nalam Divasam,"Kalikkotta Palace, Thripunithura. 6 p.m.",Ernakulam,Kerala,India,"Bahukan-Kot.Chendrasekhara Warrier, Damayanthi-Kal.Rajasekharan, Keshini-Kal.Suchindranath. Vocal-Kot.Narayanan, Nedumbilli Rammohan. Chenda-Kal.Unnikrishnan. Madhalam-Kal.Sasi.Chutti-Kaln.Saji",Thripunithura Kathakali Kendram,"Biju Anand, North Paravur",archive2010-2q.asp
01-05-10,Karna Shapadam,Atingal,Thiruvananthapuram,Kerala,India,"Karna: Madavoor Vasudevan Nair, Kunthi: RLV Radhakrishnan, Duryodhana: Kala. Sudevan, Dussassana: Biju Lal, Bhanumathi: Kalabharathi Gireeshan, Pattu: Kala. Vinod, Chenda: Kala. Shivadas, Maddalam: Ka",,Hari,archive2010-2q.asp
01-05-10,Banayudham,Sree Thekkan Chittoor Sree Krishna Swamy Temple Ernakulam,Ernakulam,Kerala,India,"Sri Madavoor Vasudevan Nair, Sri Kala: Rajasekharan, Sri Nelliyod Vasudevan Namboothiri,etc. Pattu: Kal Babu Namboothiri & Vinod. Melam : Kala: Raman Namboothiri Gopi Krishnan etc",ulsava committee,Raju,archive2010-2q.asp
30-04-10,Poothanamoksham,Kizhur Temple,Palakkad,Kerala,India,"Sadanam Vijayan Varier Vocal: Sadanam Shyamalan, Vellinezhi Achuthan Kutty Maddalam: Sadanam Rajan","Kizhakkeppat Sethumadhavan Nair, 0466-2241117",dr Vellinezhi Achuthan kutty,archive2010-2q.asp
30-04-10,"Nalacharitham -2 (Kattalan Scene), Keechaka Vadham, Balivadham","Thekkan Chittoor Sri Krishna Swamy Temple, Ernakulam",Ernakulam-27,Kerala,India,"Sri. Kala: Balasubrahmonian, Sri Nelliyod Vasudevan Namboothiri,Sri Kottakkal Kesavan Kundalayar, Sri Vasudevan Kundalayar, Kottakal Devadas, Sri Pariyanam Patta Divakran, Sri Champakkara Vijayan etc ",Ulsava Committe,Raju,archive2010-2q.asp
30-04-10,Poothanamoksham,Kizhur Kunnassamama Temple,Palakkad,Kerala,India,"Sadanam Vijayan Varier,Sadanam Syamalan, Vellinezi Acutan Kutty, Sadanam Rajan etc","KunnassamamaTempleCommittee,KizurKizakkeppat",dr Vellinezhi Achuthan Kutty,archive2010-2q.asp
30-04-10,"Nalacheritham 2 (Kattalan and Damayanthi only), Keechaka Vadham, Bali Vadham",Thekkan Chittor Temple 10:30 pm,Ernakulam,Kerala,India,"Kattalan: Kala. Balasubramanian, Damayanthi: Kala. Vijayakumar, Keechaka: Kottakkal Kesavan, Syrandri: Kala. Vijayakumar, Vallan: Kala. Kaladasan, Bali: Nelliyod Vasudevan Namboothiri, Sugreeva: Pariy",,Hari,archive2010-2q.asp
30-04-10,Daksha Yagam,Varkala,,Kerala,India,"Kalirangam Biju Lal, Kala. Parthasarathy, Kala. Sudevan, Kalabharathi Maneesh, Kalabharathi Gireeshan, Pattu: Kalabharathi Ganesh, Kalabharathi Biju Narayan, Chenda: Kalabharathi Sumesh, Maddalam: Oyo",,Hari,archive2010-2q.asp
30-04-10,NALACHARITHAM RANDAAMDIVASAM,"Sreekoodalmanikyam Utsavam,Irinjalakuda",Thrissur,Kerala,India,"5.30pm.MELALAYASAMGAMAM Pullamkuzhal:Chalakudy Raghunaath,Violin:Viju S.Anand, Mridangam:Palakkad Maheshkumar,Maddalam:Kln.Prakasan,Ghatom:Vellattanjur Sreejith,Chenda:DineshWarrier,Mugharsankh:Klm.Sh",Koodalmanikyam Dewaswam 9249800700,M.K.ANIYAN,archive2010-2q.asp
29-04-10,"NALACHARITHAM ONNAMDIVASAM ,KIRAATHAM","Sreekoodalmanikyam Utsavam,Irinjalakuda",Thrissur,Kerala,India,"5.30pm.SAMGEETHAKKACHERI:S.R.Veeraraghavan,Chennai,Violin:Aavaneeswaram Vinu, Mridangam:K.S.sudhaman,Ganjira:K.S.Vikraman,7.30pm.KUCHUPPUTI:Geetha Padmakumar. 12.00:KATHAKALI Nalan:Sdn.Balakrishnan,Na",Koodalmanikyam Dewaswam 9249800700,M.K.ANIYAN,archive2010-2q.asp
29-04-10,"Subhadraharanam, Bali Vijayam",Thekkan Chittor Temple 10:00 pm,Ernakulam,Kerala,India,"Arjuna: Kottakkal Chandrashekara Warrier, Balaraman: Kottayam Ramakrishnan, Krishna: FACT Padmanabhan, Subhadra: Kala. Vijayakumar, Ravana: Kala. Krishnakumar, Narada: Mathoor Govindankutty, Bali: Kal",,Hari,archive2010-2q.asp
29-04-10,"Thodayam,Purappadu,Melappadam,Subhadraharanam, Bali Vijayam","THEKKAN CHITTOOR SREE KRISHNA SWAMY TEMPLE, ERNAKULAM-27",ERNAKULAM,Kerala,India,"S.Sri. Kottakkal Chandrasekhran, Kalamandlam Ramakrishnan, Mathoor Govindankutty, Kala:Krishnakumar, FACT Padmanabhan, Kudamaloor Murali Krishnan Pattu: S.Sri Kottakkal Narayanan, Sri Kottakkal Madhu,",2010-Utsava Committee,Raju,archive2010-2q.asp
29-04-10,Nalacheritham 2,Muscat,Muscat,Muscat,Oman,"Nala: Kala. Gopi, Damayanthi: Margi Vijayakumar, Pushkara: Kala. Shanmugan, Kali: Kala. Ramachandran Unnithan, Kattalan: Kala. Krishnaprasad, Pattu: Pathiyoor Shankarankutty, Kalanilayam Rajeev, Chend",Mr Gopalan Kutty Karnavar 968 99356353,Gopalakrishnan - Muscat,archive2010-2q.asp
28-04-10,"KAALAKEYAVADHAM , RAAVANOTHBHAVAM","Sreekoodalmanikyam Utsavam,Irinjalakuda",Thrissur,Kerala,India,"6pm.SAMGEETHAKKACHERI:T.R.Amithabh,Chennai,7pm.NRITHANRITHIANGAL:Kala Gokuldas, 8.15.NRITHANRITHIANGAL:Klm.Mohanathulasi,12.00.KATHAKALI. Indran:Kln.Aravindan,Maathali:Klm.Harinarayanan,Arjunan:Klm.Ba",Koodalmanikyam Dewaswam 9249800700,M.K.ANIYAN,archive2010-2q.asp
27-04-10,"SANGAMESAMAAHAATHMYAM,AMBAREESHACHARITHAM","Sreekoodalmanikyam Utsavam,Irinjalakuda",Thrissur,Kerala,India,"6pm:OTTANTHULLAL:PradeepNambeesan,7pm:MOHINIYATTAM:MethilDevika,8.30:THAYAMPAKA: Kln.Udayan Namboothiri,Kalloor Unnikrishnan, 12.00 KATHAKALI. KochiRajavu:Kln.Gopinathan,Melsanthi:Kln.Raghavan,Hanooma",Koodalmanikyam Dewaswam 9249800700,M.K.ANIYAN,archive2010-2q.asp
26-04-10,"KIRMEERAVADHAM(LALITHA-PAANCHAALI),SANTHAANAGOPAALAM","Sreekoodalmanikyam Utsavam,Irinjalakuda",Thrissur,Kerala,India,"Brahmanan:Maathoor Govindankutty,Arjunan:Klm.Manojkumar,Sreekrishnan:C.Kannan , Lalitha:Thrippayya Peethambaran,Panchali:Klm.Pramod,Vijayan Warrier,SAMGEETHAM: Athippatta Raveendran,Panayoor Kuttan,Kl",Koodalmanikyam Dewaswam 9249800700,M.K.ANIYAN,archive2010-2q.asp
26-04-10,Keechaka Vadham,Kollam,Kollam,Kerala,India,"Sadanam Krishnankutty, Margi Vijayakumar, Kala. Ramachandran Unnithan, Chattanoor Kochu Narayana Pillai, Pattu: Kottakkal Madhu, Kala. Sajeev, Kalabharathi Radhakrishnan, etc",,Hari,archive2010-2q.asp
26-04-10,"Nalacharitham moonam Divasam, Mallayudham, Dakshayagam","Kannetti, near Karunagapally 8P.M with out purappad&melappadam",Kollam,Kerala,India,"Padmasree Kal.Gopi,Madavoor Vasudevan Nair,Kal.Ramachandran Unnithan,Kal.Ramachandran,Thonnackal Peethambaran,Kal.Hari.R.Nair,Pathiyoor Sankarankutty,Kal.Krishnadas",Dr.Kannan 0476 2620284,suresh.v kollam,archive2010-2q.asp
26-04-10,"Nalacheritham 3, Malla Yudham, Daksha Yagam",Kanetti near Karunagapally Kudumbha Temple,,Kerala,India,"Kala. Gopi, Thonnakkal Peethambaran, Madavoor Vasudevan Nair, Kala. Ramachandran Unnithan, Kala. Rajashekaran, Oyoor Ramachandran, Kala. Hari R. Nair, Kala. Ravikumar, Kala. Myannad Rajeev, Kala. Pras",,Hari,archive2010-2q.asp
25-04-10,"Purappadu, Double Melappadam","CHANGAMPUZHA PARK, EDAPPALLY,Cochin 7 PM",Ernakulam,Kerala,India,"5PM. PURASKARAM TO KRISHNADAS K.Balachandran,Speakers-Dr.KP Babudas, Dr. Mankulam Krishnan Namboodiri,.. 7PM Purappad melappadam.. PATTU Pathiyoor Sankarankutty, Kalaini. Rajeev, CHENDA Kala Krishnada",Edapally Kathakali Aswadaka Samithi 0484 2347591,Srikumar,archive2010-2q.asp
24-04-10,"Kuchelavritham, Duryodanavatham",Neyyoor Devi Shethram---10pm,kanyakumari,Tamilnadu,India,Natyasala Thiruvananthapuram--Majorset,Shethram Committe,B.S.Prasanth-9847178623,archive2010-2q.asp
24-04-10,Bheemabandanam - Kalamandalam Kesavan Anusmaranam,"Chamgampuzha park, Edapally 6.30PM",Ernakulam,Kerala,India,"Kal Kesavadev (Hidumbi) ; Sadanam Krishnankutty (Khadolkachan); Kadungaloor Nambeesankutty (Brahmanan); FACT Bijuhaskar (Brahmanapatni); RLV Sunil (Brahmana Balan1) , R Renjith , (Brahmana Balan2 Madh",Edapally Kathakali Aswadaka Sadas,Renjith R,archive2010-2q.asp
24-04-10,Santhanagopalam and Dakshayagam,"Mukkannath Variem, Mannarkkad",Palakkad,Kerala,India,"P.S.V. Natyasangham, Kottakkal Kottakkal Chandrasekhara Varier, Kott. Kesavan, Kott. Devadasan, Kott. Vasudevan Kott. Haridasan, Kott. Rajumohan, Kott. Sudheer Kottakkal Narayanan, Kott. Madhu, Kott. ","Mukkannath Variem, Mannarkkad 9447315483",Divakaran M V,archive2010-2q.asp
24-04-10,kiratham,"AYYAPPA TEMPLE, BANGALORE",BANGALORE,karnataka,India,"KOTT.NANDAKUMARAN NAIR,KALA.KUTTIKRISHNAN,THRIPPYYA PEETHAMBHARAN,KALLUVAZHI GOPI(VESHAM) KALA.MOHANAKRISHNAN,VELLINEZHI ACHTHANKUUTTY(SINGERS)KALA.VIJAYAKRISHNAN(CHENDA)KALA.ANEESH(MADHALAM),KALA.SIV","M.N.VINAYAKUMAR, JANABHERI,SHORNUR 9447995636",m.n.vinayakumar,archive2010-2q.asp
24-04-10,Nalacheritham 1,Kottayam Kathakali Kaliyarangam,Kottayam,Kerala,India,"RLV Radhakrishnan, etc",,Hari,archive2010-2q.asp
24-04-10,"Kalyana Saugandhikam, Ravana Udbhavam, Kiratham",Peroompuzha,,Kerala,India,"Sadanam troupe, Sadanam Balakrishnan, Kala. Ramachandran Unnithan, Kala. Vijayakrishnan Unnithan, Sadanam Vishnuprasad,",,Hari,archive2010-2q.asp
23-04-10,Keechaka Vadham,Malakkara Temple Thrikovil,Pattanamthitta,Kerala,India,"FACT Mohan, Kudamaloor Muralikrishnan, Kalanilayam Vinod, Pattu: VELINEZHI ACHUTHANKUTTY, Kala. Balachandran, Kalanilayam Sinu, Chenda: Ayamkudi Unnikrishnan, Maddalam: Kalabharathi Jayashankar,..",,Murali,archive2010-2q.asp
23-04-10,"Sita Swayamvaram, Lavanasura Vadham",Parashala,,Kerala,India,"Chattanoor Kochu Narayana Pillai, Kala. Shamugan, Kala. Vijayakrishnan Unnithan, Kala. Parthasarathy, FACT Padmanabhan, Kala. Arun, Kalabhodini Ragul Krishnan, Kala. Prijith, Kala. Amal, Kalarangam Bi",,Hari,archive2010-2q.asp
23-04-10,Ravana Udbhavam,Ernakulam Kathakali Club,Ernakulam,Kerala,India,"Kala. Balasubramanian, FACT Biju Baskar, Pattu: Kala. Rajendran, Kalanilayam Rajeev, Chenda: Kala. Krishnadas, Gopikrishnan Thampuran, Maddalam: Kala. Sasi",,Hari,archive2010-2q.asp
23-04-10,Harishchandra Cheritham,Cherukolpuzha 6:30 pm,Pattanamthitta,Kerala,India,"Kottayam Ramakrishnan, Mathoor Govindankutty, Kala. Ramachandran Unnithan, Oyoor Ramachandran, Kalanilayam Vijayan, FACT Mohan, Kala. Krishnaprasad, Kala. Myannad Rajeev, Kala. Ulas, Kala. Arun, Pattu",,Hari,archive2010-2q.asp
22-04-10,Ravanavijayam,"Chamgampuzha park, Edapally 6.30PM",Ernakulam,Kerala,India,"Inchakad Ramachandran Pillai (Ravanan); RLV Gopi (Doothan); RLV Radhakrishnan (Rambha); Palanad Divakaran, Kot Vengeri Narayanan (Music); Kal Vijayakrishnan(chenda); Kalanilayam Manoj (Maddalam) etc..",Edapally Kathakali Aswadaka Sadas,Renjith R Ernakulam,archive2010-2q.asp
22-04-10,"Karna Shapadam, Prahalada Cheritham",Parashala,,Kerala,India,"Thonnakkal Peethambaran, RLV Radhakrishnan, Chattanoor Kochu Narayana Pillai, Kala. Shanmugan, FACT Mohan, Kala. Parthasarathy, Kalarangam Biju, Kala. Arun, Kala. Amal, Pattu: Kala. Jayaprakash, Kalan",,Hari,archive2010-2q.asp
22-04-10,"Kuchella Vrittam, Narakasura Vadham",Puthoor,,Kerala,India,"Nelliyod Vasudevan Namboothiri, Kala. Vijayakrishnan Unnithan, Kottakkal Devadas, Kala. Ramachandran Unnithan, Oyoor Ramachandran, Pattu: Kala. Jayaprakash, Kala. Sajeev, Chenda: Kala. Shivadas, Madda",,Hari,archive2010-2q.asp
21-04-10,Kiratham,"Subrahmanya Swamy Temple Thazhakkara,Mavelikara 8pm",Alappuzha,Kerala,India,"Fact Jayadeva Varma,Kalanilayam Raveendranatha Pai,Madhu Varanasi,Kala.Jishnu Ravi Pattu Kalavedi suresh Mangalam Narayanan Namboothiri Chenda Kalamandalam Sreekanh Varma, Maddalam Evoor Madhu",Temple commetee,Sreekanth,archive2010-2q.asp
21-04-10,"Nalacheritham 3, Kiratham",Parashala,,Kerala,India,"Kottakkal Chandrashekara Warrier, FACT Mohan, Kalarangam Biju, Kala. Shamugan, Kala. Amal, Chattanoor Kochu Narayana Pillai, Sadanam Kochu Narayana Pillai, Kala. Vijayakrishnan Unnithan, Kala. Sreejit",,Hari,archive2010-2q.asp
20-04-10,"Purapad, Double Melapadam, Santhana Gopalam, Gitopadesham, Bali Vijayam","near Malakkara snake boat, just after Chakadapadi junction near Edayaranmula",Pattanamthitta,Kerala,India,"Purapad: Unni, Krishna: Kala. Pradeep, Arjuna: Sadanam Krishnankutty, Brahmana: Kala. Kesavan Namboothiri, Brahmana patni: Kalanilayam Vinod, Krishna: FACT Padmanabhan, Arjuna: FACT Mohan, Ravana: Kot",Jaya Lindsey,Jaya Lindsey,archive2010-2q.asp
20-04-10,"Purapad, Melapadam, Santhana Gopalam, Bali Vijayam, Gitopadesham","near Malakkara snake boat, just after Chakadapadi junction near Edayaranmula",Pattanamthitta,Kerala,India,"Krishna: Kala. Pradeep, Arjuna: Sadanam Krishnankutty, Brahmana: Kala. Kesavan Namboothiri, Brahmana patni: Kalanilayam Vinod, Bali: Kavumkal Divakara Paniker, Ravana: Kottakkal Nandakumar Nair, Narad",Jaya Lindsey,Jaya Lindsey,archive2010-2q.asp
20-04-10,"Lavanasuravdham Sampoonam, Dakshayagom","Perandoor Temple, Elamakkara Edappally,Cochin 9 PM",Ekm,Kerala,India,PSV Natya Sanghom,,srikumar,archive2010-2q.asp
19-04-10,Kacha Devayani,Kidhimanoor (or Kilimanoor?),,Kerala,India,"Kala. Kesavan Namboothiri, etc",,Hari the Midget,archive2010-2q.asp
19-04-10,Duryodhanavadham,"Mutalappara Baavati Temple, Ambalappara",Palakkad,Kerala,India,"Kot Nandakumaran Nair,Kot Devadas,Dr CP Unnikrisnan, Janaberi AtiraNandan,JisnuNarayanan, Uma KS,Kala Ramakrisnan, Truppaya Peetambaran, Sadanam Raju, Sadanam Manikantan. Vocal:Kala Moanakrisnan, Vell","JanabheriKathakaliKendram,09447995636",dr Vellinezhi Achuthan Kutty,archive2010-2q.asp
19-04-10,"Santhana Gopalam, Duryodhana Vadham",Kollam,Kollam,Kerala,India,"Thonnakkal Peethambaran, Kalanilayam Madhavan Namboothiri, Chattanoor Kochu Narayana Pillai, Kala. Vijayakrishnan Unnithan, Cheriyankeer Murugan, Pattu: Kala. P.G. Radhakrishnan, Kalabharathi Gireesha",,Hari,archive2010-2q.asp
19-04-10,"Santhana Gopalam, Nizhal Kuttu",Podakulam near Kollam 9:30 pm,Kollam,Kerala,India,"Kala. Kesavan Namboothiri, Thonnakkal Peethambaran, Kala. Saji, Kalarangam Gireeshan, Chattanoor Kochu Narayana Pillai, Kala. Vijayakrishnan Unnithan, Radhakrishnan, Kalarangam Biju Lal, Pattu: Kala. ",,Hari,archive2010-2q.asp
18-04-10,Utharaswayamvaram-Second Part,"Kalikkotta Palace, Thripunithura. 6 p.m.",Ernakulam,Kerala,India,"Utharan-Kal.Harinarayanan,Pathni-R.L.V.Pramod,R.L.V.Akhil,Gopalakanmar-R.L.V.Sreekanth Sarma,Brihandala-Kal.Sreekumar,Sairandhri-Kal.Haridas,Uthara-Ranjith,Pattu-Kal.N.N.Kolathapalli,Kal.Sudheesh,Chen",Thripunithura Kathakali Kendram,"Biju Anand, North Paravur",archive2010-2q.asp
18-04-10,Prahalatha Charitham,Kottayi - Kandathar Bagavathi Temple - Palakkad dist - > 07 PM,Palakkad,Kerala,India,Shri Kala Gopalakrishnan - Mumbai & team,04922 - 285927,Varier,archive2010-2q.asp
17-04-10,SANTHAANAGOPAALAM,"SREEKRISHNASWAMYKSHETHRAM, TKS PURAM,KODUNGALLOOR 10p m",THRISSUR,Kerala,India,"Sreekrishnan:Klm.Arun Warrier,Arjunan:Klm.Shanmughadas,Brahmanan:Ktkl.Nandakumaran Nair,Brahmanapatni:Klm.Sucheendranathan,Samgeetham:Netumpally Ram Mohan,Sadanam Jyothish Babu,Chenda:Sdn.Ramakrishnan",P.NARAYANANKUTTY MENON 9495 568550,M.K.ANIYAN,archive2010-2q.asp
16-04-10,"Rugmangada Cheritham, Duryodhana Vadham",Sri Vallabha Kshetram Thiruvalla,Alleppey,Kerala,India,"Kala. Gopi, Margi Vijayakumar, Kala. Ramachandran Unnithan, FACT Padmanabhan, FACT Mohan, Thiruvalla Babu, Talavadi Aravindan, Kalabharathi Madhavan Namboothiri, Cheriyankeer Murugan, Pattu: Pathiyoor",,Hari,archive2010-2q.asp
16-04-10,Dhuryodhanavadham,"Sree Vallabha Kshethram,Thiruvala..10pm",Pathanamthitta,Kerala,India,"Dhur-sadanam krishnan kutty,raudra-kal.ramachandran unnithan.,dhuryo2-fact mohan,dhus-thalavady aravindan... .. . ... ..",,Girishn n iyer,archive2010-2q.asp
15-04-10,Duryodhanavadham,"Ramamangalam, 7 PM",Ernakulam,Kerala,India,"Kala.Pradeep, Hari.R.Nair, Kala.Shanmukhan,RLV Gopi etc. Pattu. Kala.Jayaprakash",,Gireesh,archive2010-2q.asp
15-04-10,Krishna Leela,Kollam,Kollam,Kerala,India,"Kala. Shanmugan, Kala. Vijayan, Kala. Mukundan, Pattu: Pathiyoor Shankarankutty, Kala. Jayaprakash, Chenda: Kala. Sreekanth Varma, Maddalam: Kalanilayam Manoj",,Hari,archive2010-2q.asp
15-04-10,"Kalayana Saugandhikam, Daksha Yagam",Chotanikkara,,Kerala,India,"Kottakkal Devadas, FACT Padmanabhan, Sadanam Vijayan, RLV Gopi, RLV Sunil, Pattu: Kala. Gopalakrishnan, Kala. Rajesh Babu, Kala. Suchindran, Chenda: Kala. Sreekumar, Kalanilayam Ratheesh, Maddalam: Ka",,Hari,archive2010-2q.asp
15-04-10,"Santhana Gopalam, Duryodhana Vadham","Perumthuruthu, near Neendoor/Kallara, Kot ayam Dist.",Kottayam,Kerala,India,"Brahmanan-Mathoor Govindankutty, Arjunan-Kala. Saseendran, Krishnan-Murugan, Duryadhanan -Chattanoor Kochu Narayana Pillai, Roudrabhiman-Kala.Ramakrishnan, Dussanan-Panamattom Soman, Kalanilayam Gopal",,Hari,archive2010-2q.asp
14-04-10,Daksha Yagam,Sri Vallabha Kshetram Thiruvalla,Alleppey,Kerala,India,"Chattanoor Kochu Narayana Pillai, Thiruvalla Harikumar, Thiruvalla Babu, Kalabharathi Shivan, Cheriyankeer Murugan, Pattu: Kala. Jayaprakash, Kalanilayam Rajeev, Chenda: Ayamkudi Unnikrishnan, Maddala",,Baburaj,archive2010-2q.asp
14-04-10,"Santhana Gopalam, Daksha Yagam",Elambaloor near Kundara,,Kerala,India,"Kala. Unnikrishnan, Kala. Jayakumar, Kalarangam Gireeshan, Kala. Sasi, Kalarangam Biju Lal, Pattu: Kala. P.G. Radhakrishnan, Chenda: Kala. Subhash Babu, Kalabharathi Sumesh, Maddalam: Kala. Ajikumar",,Hari,archive2010-2q.asp
14-04-10,Santhana Gopalam,Murakulam,,Kerala,India,"Kala. Kesavan Namboothiri, etc",,Hari,archive2010-2q.asp
14-04-10,"Purapad, Melapadam, Santhana Gopalam, Daksha Yagam",Elambaloor near Kundara 15 kms after Kollam on the Kottarakkara Route,Kollam,Kerala,India,"Arjuna: Kala. Unnikrishnan, Brahmana: Kala. Jayakumar, Krishna: Kala. Anilkumar, Kalarangam Gireeshan, Kala. Sasi, Varkala Ramachandran, Kala. Parthasarathy, Pattu: Kala. P.G. Radhakrishnan, Kalabhara",,Hari,archive2010-2q.asp
13-04-10,"Subhadraharanam, Lavanasuravadham, Prahalada Charitham","Sreekrishna Swami Temple ,Thodupuzha 10 pm",Idukki,Kerala,India,"Sadanam Krishnan Kutty Kal.Pradeep,Kal.Gopalakrishnan.,KAl.Manoj . Nedumpilli Ram Mohan,Kal.Rajeevan ..",Committee,GIRISH N IYER,archive2010-2q.asp
13-04-10,"Nalacharitham Onnam Divasam, Daksha Yagam","Peruvaram Mahadeva Temple, North Paravur, 9.00 p.m.",Ernakulam,Kerala,India,"Vesham-S/Shri. Kal. Balasubramanian, Kaln.Raghavan,Kaln.Gopi,Pariyanampatta Divakaran,Kal.Shanmughan,Dr.K.R.Rajeev,Vinod Warier,Kal.Sucheendran, Kaln.Sandeep,Kaln.Arjunan,PATTU-S/Shri.Kal.Vinod,Kal.Si","Kshethropadesaka Samithi,Peruvaram Temple","Biju Anand, North Paravur",archive2010-2q.asp
13-04-10,"Subhadraharanam, Balivijayam, Dakshayagam","KOTTAKKAL VISWAMBHARA TEMPLE, KOTTAKKAL -11.00 pm",Malapuram,Kerala,India,"After Carnatic Flute Recital by Sri K.S. Gopalakrishnan- Kala:Kuttan,Sadanam Balakrishnan,Sadanam Ramankutty,Kalani:Balakrishnan/ Pattu-Kala:Rajendran,Kala:Mohanakrishnan,Kala:Babu Namboothiri/ Chenda",KOTTAKKAL ARYAVIDYASALA FESTIVAL COMETTY,"Mani,vathukkodam",archive2010-2q.asp
12-04-10,"Sitaswayamvaram, Kichakavadham","KOTTAKKAL VISWAMBHARA TEMPLE, KOTTAKKAL -11.30 pm",Malapuram,Kerala,India,"After Carnatic Vocal Concert by Smt. S. Sowmya- Parasuraman-Kotta:Kesavan Kundalayar,Kechakan-Kala:Krishnakumar/ Pattu-Kala:Madampi Subrahmanayan Namboothiri,Kala:Vinod/ Chenda-Sadanam Vasudevan,Kala:",KOTTAKKAL ARYAVIDYASALA FESTIVAL COMETTY,"Mani,vathukkodam",archive2010-2q.asp
12-04-10,"Poothanamoksham,Utharaswayamvaram","Sreekrishna Swami Temple ,Thodupuzha",Idukki,Kerala,India,"Kal.Balakrishnan,Kal.Pradeep,Kal.Gopalakrishnan.,KAl.Manoj . Nedumpilli Ram Mohan,Kal.Rajeevan",UTSAVA COMMITTE,GIRISH N IYER,archive2010-2q.asp
12-04-10,"Nalacheritham 2, Kiratham",Umbarnad near Mavelikkara,,Kerala,India,"Sadanam Krishnankutty, Kala. Ramachandran Unnithan, Margi Vijayakumar, FACT Mohan, Kala. Krishnaprasad, Pattu: Pathiyoor Shankarankutty, Kala. Sajeev, Kalanilayam Rajeev, Kalavedi Suresh, Chenda: Ayam",,Hari,archive2010-2q.asp
12-04-10,"Nalacheritham 2, Kiratham",Umbarnad Temple,,Kerala,India,"Sadanam Krishnankutty, Margi Vijayakumar, Neliyod Vasudevan Namboothiri, Oyoor Ramachandran, Kala. Krishnaprasad, Kala. Ramachandran Unnithan, FACT Mohan, Pattu: Pathiyoor Shankarankutty, Kala. Sajeev",,Hari,archive2010-2q.asp
11-04-10,"nalacharitham 4 am divasam,kiratham","nalppathenneswaram sree mahadevar temple,9.30pm",alappuzha,Kerala,India,"kala.sreekumar,margi.vijayakumar,kalanilayam rajasekharan,kala bhagyanath,kala shanmughan,rlv sunilkumar,etc pattu-kala babu namboothiri,kalanilayam rajeev,kalanilayam babu. chenda-kala krishnadas,sad",sree nalppathenneswarathappan kadhakali sangham,amalraj.r,archive2010-2q.asp
11-04-10,Tribute to Kala. Padmanabhan Nair and 'Souryagunam' by Kala. Pradeep,"Lakshmi Kalyana Mandapam, Thekke Madham, Trichur, 3 p.m.",trichur,Kerala,India,"A meeting to pay tributes to late Kalamandalam Padmanabhan Nair Asan by his disciples, fans/devotees and family on the occasion of his 3rd death anniversary (April 3rd 2010.) After the tributary meeti","Sri Kala. Padmanabhan Nair Smaraka Trust, Shoranur",K K GOPALAKRISHNAN,archive2010-2q.asp
11-04-10,"Kirmiravadham, Kalyanasougandhikam, Balivadham","KOTTAKKAL VISWAMBHARA TEMPLE, KOTTAKKAL -11.30 pm",Malapuram,Kerala,India,"After Carnatic Vocal Concert by Sri Shikkil C. Gurucharan- Kala:Rajasekharan,Bheman-Kala:Balasubrahmanayan,Hanuman-Madavoor Vasudevan Nair,Sugrevan-Kotta:Devadas,Bali-Kala:Ramachandran Unnithan/ Pattu",KOTTAKKAL ARYAVIDYASALA FESTIVAL COMETTY,"Mani,vathukkodam",archive2010-2q.asp
11-04-10,Kalyanasaugandikam ShauryaGunnam,Lakshmi Kalyana Mandapam (Thekke Madam Road) Trichur - 7 p.m.,Trichur,Kerala,India,"Kalamandalam Padmanabhan Nair Anusmaranam April 11th 2010 Time:3 pm Lakshmi Kalyana Mandapam (Thekke Madam Road) Trichur Kathakali:Kalyanasaugandikam (Shaurya Gunnam) Bhiman:Kalamandalam-Pradeepkumar,",KALA. PADMANABHAN NAIR SMARAKA TRUST: 9847708744,Vivek Puthiyedath,archive2010-2q.asp
10-04-10,Santhana Gopalam,Paramekavu Temple (Agrashala / Rohini Kalayanamandapam) Trichur Time: 6 pm,Trichur,Kerala,India,"Bharamanan : Peeshapilly Rajeev,ARJUNAN:Kalamandalam Pradeepkumar,Krishanan: PATTU: Nedumbilly Rammohan &",Trichur Kathakali Club: 9446146831,Vivek Puthiyedath,archive2010-2q.asp
10-04-10,Santhana Gopalam,Trivandrum,Thiruvananthapuram,Kerala,India,"Margi Troupe, Kala. Kesavan Namboothiri, etc",,Hari,archive2010-2q.asp
10-04-10,"Purappad, Melappadam,Nalacharitam 4th Day, Duryodhanavadham-","KOTTAKKAL VISWAMBHARA TEMPLE, KOTTAKKAL -09 pm",Malapuram,Kerala,India,"Bahukan-Kotta:Chandrasekhara Varyar,Damayanthi-Kotta:Ssambhu Ebranthiri,Duryodhanan-Kala:Soman,panchali-Kotta:Vasudevan/ Pattu-Nedumpully Rammohan/ Chenda-Kala:Krishnadas,Panamanna Sasi/ Madalam-Kala:",KOTTAKKAL ARYAVIDYASALA FESTIVAL COMETTY,"Mani,vathukkodam",archive2010-2q.asp
10-04-10,"UTHARASWAYAMVARAM(ARAVINDA MIZHI MARE...),NARAKASURAVADHAM","Perumbavoor Dharma Sastha Temple,Perumbavoor",Ernakulam,Kerala,India,Nakruthundi-Nelliyodu....Narakasuran 1-Sadanam Krishnankutty Narakasuran 2-Kal.RamaChandran Unnithan.........,Utsavam,Girish N Iyer,archive2010-2q.asp
09-04-10,"Kuchelavritham,Nizhalkuthu","Asramom Sreekrishna Swami Temple,Near Chinnakada,Kollam",Kollam,Kerala,India,"Kuchelan-Chirakkara Madhavankutty,Sreekrishnan-Ettumannor Kannan,Rugmini-Kal.Anilkumar,Malayan-Kal.Ramachandran Unnithan,Malayathi-Kal.Ramachandran,Duryodanan-Fact Mohanan,Thrigarthan-Kal.Hari.R.Nair,",9447764533,"suresh.v,kollam",archive2010-2q.asp
09-04-10,"Purappad, Nalacharitam 1st Day, Kalakeyavadham, 11.30 pm","KOTTAKKAL VISWAMBHARA TEMPLE, KOTTAKKAL",Malapuram,Kerala,India,"Nalan-kala:gopi,Hamsam-Sadanam Krishnankutty,Damayanthi-Kalluvazi Vasu,Urvasi-Margi Vijayakumar,Arjunan-Kala:Sreekumar,Kalakeyan-Nelliyod Vasudevan Nabothiri,Nandikeswaran-Kotta:Kesavan Ebranthiri/ Pa",KOTTAKKAL ARYAVIDYASALA FESTIVAL COMETTY,"Mani,vathukkodam",archive2010-2q.asp
08-04-10,"Rukmini Swayamvaram, Santhana Gopalam",Sri Vallabha Kshetram Thriuvalla,Alleppey,Kerala,India,"Mathoor Govindankutty, Kala. Kesavan Namboothiri, Kala. Pradeep, Thiruvalla Sadashivan, FACT Padmanabhan, Talavadi Aravindan, Kalabharathi Madhavan Namboothiri, Pattu: Thiruvalla Gopikuttan Nair, Kala",,Balan,archive2010-2q.asp
08-04-10,"Nalacharitham 3rd day,Balivadham","Kongad Thirumandham kunnu Temple,8.30 pm",Palakkad,Kerala,India,"Kala.Vasupisharodi,Kottakkal Kesavan,Kottokkal Devadas,Kala.Hari R Nair,Kala.Nambeesankutty,Rajnarayanan,venu,Krishnadas,Sadanam Ramakrishnan,Kottakkal Madhu,Nedumpally Rammohan etc....",Vazhenkada Kunchu Nair Smaraka Trust.9447838003,Biju Thekkumpat,archive2010-2q.asp
08-04-10,Nalacheritham 4,Kottayam,Kottayam,Kerala,India,"Bahuka: Kottayam Ramakrishnan, Damayanthi: Kalanilayam Gopalakrishnan, Kesini: Kala. Krishnaprasad, Pattu: Kala. Balachandran, Kalanilayam Sinu, Chenda: Kuroor Vasudevan Namboothiri, Maddalam: Kala. V",,Vasudevan,archive2010-2q.asp
07-04-10,Nalacheritham 2,"Kattampak, Near Kaduthuruthy",Kottayam,Kerala,India,"Kala. Bhagyanathan, Kala. Saseendran(as Nalan), Kala. Prasanth, Kala. Vijayan, Panamatta Soman, Kala. Rajesh, Pattu: Kala. Balachandran, Kalanilayam Sinu, Palakkad Vijayan, Chenda: Kidangoor Rajesh, M",,Hari,archive2010-2q.asp
07-04-10,Kuchelavritham [Sampoornam],"Thrippoorathu Sreekrishnaswamy Kshethram,Kalamboor,Muvattupuzha. Time: 8pm",Ernakulam,Kerala,India,"Nelliyodu Vasudevan Namboothiri, Kalanilayam Gopalakrishnan, Kalamandalam Pradeep,Kalamandalam Vijayan, RLV Pramod. Pattu: Kalanilayam Rajeevan, Nedumpilly Rammohan, Kalanilayam Babu. Chenda: Kalamand",Kadhakali Aswadaka Sangham,Sreenath S Kallely,archive2010-2q.asp
07-04-10,"Nalacharitham Onnam Divasam, Dakshayagam","Asramom Sreekrishna Swami Temple ,near Chinnakada,Kollam. 9 P.M",Kollam,Kerala,India,"Nalan-Padmasree Kala.Gopi,Hamsam-Sadanam Krishnankutty,Damayanthi-Margi Vijayakumar,Naradan-Kottakal Devadas,Thozhimar-Kala.Shanmughan & Kala.Anilkumar Dakshan-Kala.Sreekumar,Kal.Krishnaprasad as Siva",a devotee 9447764533,"Suresh,V,Kollam",archive2010-2q.asp
06-04-10,"Santhana Goapalam, Bali Vijayam, Gitopadesham",Aranmula,Pattanamthitta,Kerala,India,"Sadanam Krishnankutty, Kala. Kesavan Namboothiri, Kala. Pradeep, Kalanilayam Vinod, Kottakkal Nandakumar Nair, Kavumkal Divakara Paniker, Talavadi Aravindan, FACT Padmanabhan, FACT Mohan, Pattu: Kala.",,,archive2010-2q.asp
05-04-10,"Nalacheritham 1, Bali Vadham",Sri Krishna Temple Mavelikara 11:00 pm,,Kerala,India,"Nala: Kala. Balasubramanian, Damayanthi: Kala. Rajashekaran, Hamsa: FACT Padmanabhan, Narada: Madhu Varanasi, Thozhimar: Kala. Vaishak, Kala. Jishnu Ravi, Rama: Kala. Krishnaprasad, Lakshmana: Kala. A",,Hari,archive2010-2q.asp
05-04-10,"Nalacheritham 1, Bali Vadham",Mavelikara Temple,,Kerala,India,"Kala. Balasubramanian, FACT Padmanabhan, Madhu Varanasi, Kala. Rajashekaran, Kala. Hari R. Nair, Kala. Krishnaprasad, Kavumkal Divakara Paniker, Kala. Arun, Pattu: Pathiyoor Shankarankutty, Kala. Babu",,Hari,archive2010-2q.asp
05-04-10,"Nalacheritham 1, Thorana Yudham","Sri Rama Temple, Ramapuram Pala",Kottayam,Kerala,India,"Nala: Kala. Shanmugan, Hamsa: FACT Biju Bhaskar, Indra: Kalanilayam Vinod, Agni: RLV Sunil Pallipuram, Yama: RLV Sunil, Varuna: Kalamandalam Pramod, Damayanthi: Kala. Vijayakumar, Saraswathi: Kalakend",,Suni,archive2010-2q.asp
05-04-10,"Purappad,Melappadam,Nalacharitham Onnam Divasam,Balivadham",Sreekrishnaswamy Temple Mavelikara,Alappuzha,Kerala,India,"Nalan:Kalamandalam Balasubrahmanyan,Naradan:Madhu Varanasi,Hamsam:FACT Padmanabhan,Damayanthy:Kalamandalam Rajasekharan,Sugreevan:Kalamandalam Hari.R.Nair,Sreeraman:kalamandalam Krishnaprasad,Bali:Kav",Temple Adviosary Commitee,Sreekanth,archive2010-2q.asp
05-04-10,"Nalacharitham 1st Day (Uthara Bhagam Including Swayamvaram), Thoranayudham","Sree RamaaTemple , Ramapuram Paala",Kottayam,Kerala,India,"Kal Shanmughan, Kal Vijayakumar, Sadanam Bhasi, Kal Prasanth Kal Rajendran, Pathiyoor Sankarankutty,Kal Ramannamputhiri,Kalanilayam Manoj etc......",Renjith R 9447161980,Renjith R Ernakulam,archive2010-2q.asp
05-04-10,"Nalacheritham 1, Bali Vijayam",Etalangi Kottarakkara,,Kerala,India,"Nala: Sadanam Krishnankutty, Hamsa: Kalanilayam Balakrishnan, Damayanthi: Sadanam Bhasi, Ravana: Kala. Ravikumar, Bali: Kala. Ramachandran Unnithan, Narada: Sadanam Vishnuprasad, Pattu: Kala. RamMohan",,Hari,archive2010-2q.asp
05-04-10,Santhana Gopalam,Kottarakkara,,Kerala,India,"Kala. Kesavan Namboothiri, etc",,Hari,archive2010-2q.asp
05-04-10,"Devayani Charitham, Narakasuravadham","Parambikulangara Sree Krishna Temple(4 kms west of Cheraman Mosque,Kodnlr)9 p.m.",Thrissur,Kerala,India,"Vesham-S/Sri.-Kot.Chandrasekhara Warrier,Kesava Kundalayar, Vasudeva Kundalayar,Devadas, Haridasan,Sudheer, Muraleedharan,Rajmohan,A.Unnikrishnan,Hareeswaran,Harikumar,C.M.Unnikrishnan, Sunilkumar,Man",Festival Committee,"Biju Anand, North Paravur",archive2010-2q.asp
04-04-10,Kirmeeravadham,"Karthikatrhirunal Theatre, East Fort, Trivandrum 6.00 p.m.",Trivandrum,Kerala,India,"Kala:Gopi-Dharmaputhrar, Kala: Shanmukhan-Panchali, Thalavadi Aravindan-Dhoumyan, Kala: Arun Varrier-Sooryan, Kala: Mukun dan-Sreekrishnan, Kala: Prasanth-Sudarsanam, Kala: Babu Namputhiri, Kalanilaya","Drisyavedi, Trivandrum",Radhakrishnan. K,archive2010-2q.asp
04-04-10,Kirmeera Vadham,Trivandrum,Thiruvananthapuram,Kerala,India,"Kala. Gopi, Kala. Shanmugan, Kala. Mukundan, Pattu: Kala. Babu Namboothiri, Kala. Vinod, Chenda: Kuroor Vasudevan Namboothiri, Maddalam: Kala. Achutha Warrier",,Hari,archive2010-2q.asp
04-04-10,Nalacheritham 4,Margi Trivandrum,Thiruvananthapuram,Kerala,India,"Margi Troup, RLV Radhakrishnan",,Hari,archive2010-2q.asp
04-04-10,Kathakali (Nizhalkuthu),"6.00 p.m. at Gayathri Kalyana Mandapam, Thali, Calicut",Calicut,Kerala,India,"Artists:kala.Manoj,Kala.Ramachandran Unnithan, Hari.R.Nair, Kala.Rajasekharan,Kala.Balachandran,Vinod,Kala.Ravikumar,Kala.Balasundaran,Anish,Kala.Haridas etc",SOPANAM (Calicut Chapter),M.V. Damodaran,archive2010-2q.asp
04-04-10,"Santhanagopalam,Kamsavadham",Sreekrishnaswamy Temple Mavelikara,alappuzha,Kerala,India,"Mathoor Govindan kutty,Kalamandalam Sreekumar,Kalanilayam Vijayan,Kalamandalam Balakrishnan,kalamandalam Krishnaprasad,Kalanilayam Raveendranatha Pai,Madhu Varanasi etc....... Pattu:Kalamandalam Suren",Temple adviosary commetee,Sreekanth,archive2010-2q.asp
03-04-10,Kathakali (Balivadham),"6.00 p.m. at Gayathri Kalyana Mandapam, Thali, Calicut",Calicut,Kerala,India,"Artista:Kala.Balasubramanian,Kala.Sajan,Pariyanampatta,Nelliyod vasudevan namboodiri,Palanad,Rammohan,Kala.Nandakumar, Kala.Sivadasan,Kala.Hariharan,Kala.Rajnarayanan,and others.",SOPANAM (Calicut Chapter),M.V. Damodaran,archive2010-2q.asp
03-04-10,Nalacheritham 1,Ambalapuzha,,Kerala,India,"Kala. Gopi, Kala. Shanmugan, etc Pattu: Pathiyoor Shankarankutty, Kala. Jayaprakash, Chenda: Kala. Krishnadas, Maddalam: Kalanilayam Manoj",,Hari,archive2010-2q.asp
03-04-10,Kuchela Vrittam,Puthiyedathu Krishna Temple 8PM,Ernakulam,Kerala,India,"Yuva Kala Kendra , Tripunithura",Temple Committee,Aniyappan,archive2010-2q.asp
03-04-10,"Harishchandra Cheritham, Kiratham",Sri Vallabha Kshetram Thiruvalla,Alleppey,Kerala,India,"Madavoor Vasudevan Nair, Kottayam Ramakrishnan, FACT Mohan, FACT Padmanabhan, Kala. Ramachandran Unnithan, Kala. Vijayakrishnan Unnithan, Thiruvalla Harikumar, Thiruvalla Babu, Cheriyankeer Murugan, P",,Baburaj,archive2010-2q.asp
03-04-10,Nalacheritham 1,Ambalapuzha,Alleppey,Kerala,India,"Nala: Kala. Gopi, 2nd Nala: Kala. Shanmugan, Damayanthi: Margi Vijayakumar, Hamsa: Kala. Mukundan, Kala. Vijayan, Pattu: Pathiyoor Shankarankutty, Kala. Jayaprakash, Kalanilayam Babu, Chenda: Kala. Kr",,Hari,archive2010-2q.asp
02-04-10,"Santhana Gopalam, Keechaka Vadham",Ambalapuzha,Alleppey,Kerala,India,"Arjuna: Sadanam Krishnankutty, Brahmana: Mathoor Govindankutty, Kala. Mukundan, Kala. Shanmugan, Kala. Vijayan, Pattu: Kala. Jayaprakash, Kala. Harish, Kalanilayam Babu, Chenda: Kala. Krishnadas, Kala",,Hari,archive2010-2q.asp
02-04-10,Rugmangada Cheritham,Aleppey,Alappuzha,Kerala,India,"Kala. Gopi, Margi Vijayakumar, Pattu: Pathiyoor Shankarankutty, Kala. Sajeev, Kalanilayam Rajeev, Chenda: Kala. Krishnadas, Kuroor Vasudevan Namboothiri, Maddalam: Kala. Achutha Warrier, Kalanilayam M",Kathakali Club of Aleppey,Hari,archive2010-2q.asp
02-04-10,Koodiyattam (Balivadham),"6.30 p.m. at Gayathri Kalyana Mandapam, Thali, Calicut",Calicut,Kerala,India,"Koodiyattam:Balivadham by Pymkulam Ramachakyar smaraka Kalapeeddam,Cheruthuruthy",SOPANAM (Calicut Chapter),M.V. Damodaran,archive2010-2q.asp
01-04-10,(1) Mizhavil Thayambaka; and (2) Nangiyar Koothu (Poothanamoksham),"6.30 p.m. at Gayathri Kalyana Mandapam, Thali, Calicut",Calicut,Kerala,India,"April.1st.Thu:1.Nangyar koothu by Kala.Shylaja and party. 2.Mizhavil Thayambaka by Kala.Eswaranunni and party.S/Shri Kalamandalam Eswaran Unni, Kottakkal Radhakrishnan etc",SOPANAM (Calicut Chapter),M.V. Damodaran,archive2010-2q.asp
01-04-10,Harishchandra Cheritham,Alway,Ernakulam,Kerala,India,"Kala. Ramachandran Unnithan, Kala. Sreekumar, Oyoor Ramachandran, FACT Padmanabhan, Pattu: Kalanilayam Unnikrishnan, Kalanilayam Rajeev, Chenda: Kuroor Vasudevan Namboothiri, Gopikrishnan Thampuran, M",,Hari,archive2010-2q.asp
01-04-10,Kuchella Vrittam,Chotanikkara,,Kerala,India,"Madavoor Vasudevan Nair, Kala. Mukundan, Kala. Vijayakumar, Kalanilayam Vinod, Pattu: Pathiyoor Shankarankutty, Kala. Jayaprakash, Chenda: Kala. Sreekanth Varma, Maddalam: Kalanilayam Manoj",,Hari,archive2010-2q.asp
01-04-10,"Nalacheritham 3, Nalacheritham 4",Mallapuram,Mallapuram,Kerala,India,"Nala: Kala. Krishnakumar, Karkodaka: Kala. Hari R. Nair, Bahuka: Kala. Balasubramanian, Sudeva: Kala. K.G. Vasudevan, Damayanthi: Kala. Suchindran, Varshneyan: Kala. Vaishak, Jivalan: Kala. Vipin, Rit",,Kasinath,archive2010-2q.asp
01-04-10,"Nalacheritham 1, Bali Vadham",Rambayam,,Kerala,India,"Kala. Krishnakumar, Nelliyod Vasudevan Namboothiri, etc, Chenda: Kala. Raman Namboothiri, etc",,Baburaj,archive2010-2q.asp
01-04-10,"Uttharaswayamvaram, Daksha Yagam",Angil,,Kerala,India,"Sadanam Harikumar, Chattanoor Kochu Narayana Pillai, Oyoor Ramachandran, etc",,Hari,archive2010-2q.asp
30-09-10,"Subhadraharanam, Kuchella Vrittam, Kiratham",Sri Vallabha Kshetram Thiruvalla,Pattanamthitta,Kerala,India,"Kottakkal Chandrashekara Warrier, FACT Padmanabhan, Mathoor Govindankutty, Kala. Myannad Rajeev, Talavadi Aravindan, Pattu: Pathiyoor Shankarankutty, Kala. Sajeev",,Balu,archive2010-3q.asp
28-09-10,Bakavadham,Margi Natyagruham at 6 PM,Trivandrum,Kerala,India,,Margi,Sasi Nair,archive2010-3q.asp
27-09-10,Dashamukha Ravana,Ambalapuzha,Alleppey,Kerala,India,"Ravana: Kala. Soman, Pattu: Kala. Harish, Kala. Ajesh Prabhakar, Chenda: Kala. Vijayakrishnan, Krishnapraveen Poduval, Maddalam: Kala. Narayanan Nair, Kala. Achutha Warrier, Thimila: Vasu",,Balu,archive2010-3q.asp
26-09-10,narakasuravadham,"Ananya Festival, Old Fort, Delhi",Delhi,Delhi,India,Sadanam Balakrishnan,"Ananya, New Delhi",s. gopalakrishnan,archive2010-3q.asp
26-09-10,Seetha Swayamvaram&Duryodhana Vadham,"Mukundapuram Madan Nada,Chavara,Kollam",Kollam,Kerala,India,"Sarvasree-Inchakkattu Ramachandran Pillai,Kalamandalam Ratheesan,Margi Vijayakumar,Margi Muralidharan Pillai,Kalamandalam Murukan,Margi Harivalsan,Margi Suresh,Kottakkal Ravikumar,Kalamandalam Balasub","Margi,Tvm&Unnayi Memo Kadh:Kala Kshethram",R.Sreeram,archive2010-3q.asp
25-09-10,KIRATHAM,"Changampuzha Park, Edappally, Cochin 6 PM",Ernakulam,Kerala,India,"Arjunan: Kala Soman, Kattalan: Vazhenkaa Vijayan, Kattalastree: Kott. Vasudevan Kundalayar, Sivan: FACT Biju, Parvathi Kala Pramod, Pattu Kott. P.D.Namboodiri, Kala. Vinod, Chenda Kala. Nandakumar, Ma",Edappalli Kathakali Aswadaka Sadas.,Srikumar,archive2010-3q.asp
24-09-10,"Santhana Gopalam, Ravana Udbhavam, Prahalada Cheritham",Ambalapuzha,Alleppey,Kerala,India,"Brahmana: Kala. Vasu Pisharody, Brahmana patni: Kala. Vijayakumar, Krishna: Kalanilayam Vinod, Arjuna: Kala. Balasubramanian, Ravana: Kottakkal Chandrashekara Warrier, Hiranyakashipu: FACT Mohan, Prah",,Balu,archive2010-3q.asp
23-09-10,Nalacheritham 4,Ambalapuzha,Alleppey,Kerala,India,"Bahuka: Kala. Balasubramanian, Damayanthi: Margi Vijayakumar, Kesini: Kala. Vijayakumar, Pattu: Pathiyoor Shankarankutty, Kala. Jayaprakash, Chenda: Kala. Varanasi Narayanan Namboothiri, Maddalam: Kal",,Balu,archive2010-3q.asp
22-09-10,Nalacheritham 3,Ambalapuzha,Alleppey,Kerala,India,"Nala: Kottakkal Kesavan, Karkodakan: Kottakkal Devadas, Sudeva: Kottakkal Devadas, Damayanthi: Kottakkal Vasudevan, Bahuka: Kottakkal Chandrashekara Warrier, Jivalan: Kottakkal Murali, Varshneyan: Kot",,Balu,archive2010-3q.asp
21-09-10,Nalacheritham 2,Ambalapuzha,Alleppey,Kerala,India,"Nala: Thonnakkal Peethambaran, Damayanthi: RLV Radhakrishnan, Pushkara: FACT Mohan, Kali: Nelliyod Vasudevan Namboothiri, Dwaparan: Thiruvalla Babu, Indra: Thiruvalla Harikumar, Kattalan: Kala. Krishn",,Balu,archive2010-3q.asp
20-09-10,Nalacheritham 1,Ambalapuzha,Alleppey,Kerala,India,"Nala: Kala. Vasu Pisharody, Hamsa: Madavoor Vasudevan Nair, Damayanthi: Kalluvazhi Vasu, Sakhi: Kalanilayam Vinod, Madhu Varanasi, Narada: Kalanilayam Vinod, Pattu: Kalanilayam Unnikrishnan, Kala. Saj",,Balu,archive2010-3q.asp
19-09-10,Rambha Pravesham,Thripunithura 6:00,Ernakulam,Kerala,India,"Thonnakkal Peethambaran, RLV Radhakrishnan, Pattu: Palanad Divakaran, Athipatta Ravi, Chenda: Kuroor Vasudevan Namboothiri, Maddalam: Kala. Achutha Warrier",,Balu,archive2010-3q.asp
19-09-10,VENMANY HARIDAS ANUSMARANAM,"Thiruvaathira Kalyaanamandapam, Thiruvairaanikkulam, Aluva 3pm",Ernakulam,Kerala,India,"Presentation of VENMANY HARIDAS PURASKARAM and ANUSMARANAPRABHAASHANAM by Dr.K.Omanakkutty. KEY NOTE ADDRESS by Shri S,Narayanan Namboothiri on KATHAKALISAMGEETHATHINTE RAAGAVUM BHAAVAVUM. After the p",Anusmaranasamithi Swagathasamgham,M.K.ANIYAN,archive2010-3q.asp
19-09-10,Ravanavijayam,"Sastha Auditorium, Thripunithura. 6 p.m.",Ernakulam,Kerala,India,"Vesham-Ravanan-Thonnakkal Peethambaran,Duthan-R.L.V.Srikanth Sarma,Rambha-R.L.V.Radhakrishnan,Pattu-Palanad Divakaan,Athippatta Ravi,Chenda-Kurur Vasudevan Nambuthiri,Madalam-Kal.Achutha Warier,Chutti",Tripunithura Kathakali Kendram,"Biju Anand, North Paravur",archive2010-3q.asp
18-09-10,""" DHANYASMRUTHI"" M.S.NAMPOOTHIRI JANMASATHAABDIYAAGHOSHAM","Kalanilayam Hall, Irinjalakuda 3pm",Thrissur,Kerala,India,"3pm:AKSHARASLOKASADASSU:K.S.Nair,V.NarayananNambiar,K.B.RajAnand,K.S.Namboothiri,A.K.Narayanan,Dr.K.V.Vasudevan,V.N.Krishnankutty,Kavanad Ravi,Dr.Anoop,K.Vivek, K.Girija,Sreerekha,Asha Suresh.4pm:ANUS",PurogamanaKalsahithyasamgham 9446502468,M.K.ANIYAN,archive2010-3q.asp
18-09-10,"Baka Vadham, Sundari Swayamvaram","Kerala Kalamandalam, Cheruthuruthi",Thrissur,Kerala,India,"Kalamandalam troup,",Kerala Kalamandalam,Balu,archive2010-3q.asp
18-09-10,KEECHAKA VADHAM,"Ernakulathappan Hall, Shivakshetram, Ernakulam 6PM",ERNAKULAM,Kerala,India,"Keechakan: Kala Soman, Sairandhri: RLV Radhakrishnan, Sudeshna: Haripriya Namboodiri, Valalan: FACT Biju Baskaran, Pattu: Kala babu namboodiri, Kala Harish kumar, Chenda: Gopikrishnan Tampuran, Maddal","ERNAKULAM KAHAKALI CLUB, SIVA TEMPLE",Srikumar,archive2010-3q.asp
18-09-10,"Ayyappa charitham, Kiraatham","Nalppathenneeswaram Mahadevar temple, Panavally,Cherthala",Alappuzha,Kerala,India,"Artists Chandrasekhara avrier,Kesavan kundlayer,Vasudevan kundlayer,Haridas, etc Pattu K Narayanan, Kottackal Madhu,Sureshkumar,V Narayanan,Santhosh kumar Chenda Prasadkumar,Vijayaraghavan,Maneesh Ram","Ajith Chaithram,Panavally",k n madhu,archive2010-3q.asp
14-09-10,"Santhana Gopalam, Rugmangada Cheritham",Sri Vallabha Kshetram Thiruvalla,Pattanamthitta,Kerala,India,"Madavoor Vasudevan Nair, FACT Padmanabhan, Kalabharathi Harikumar, RLV Rajashekaran, Cheriyankeer Murugan, Pattu: Thiruvalla Gopikuttan Nair, Kala. Sajeev, Mangalam Narayana Namboothiri, Chenda: Ayamk",,Jaya Parithamma,archive2010-3q.asp
13-09-10,"Santhana Gopalam, Kalyana Saugandhikam",Sri Vallabha Kshetram Thiruvalla,Pattanamthitta,Kerala,India,"RLV Rajashekaran, Kalabharathi Harikumar, Cheriyankeer Murugan, Madhu Varanasi, Kalanilayam Ravindranatha Pai, Thiruvalla Babu, Kala. Arun, Pattu: Thiruvalla Gopikuttan Nair, Kala. Sajeev, Mangalam Na",,Jaya Parithamma,archive2010-3q.asp
13-09-10,Rukmangadacharitham,"Theerthapaadamandapam, East Fort.Tvpm.",Thiruvananthapuram,Kerala,India,"Kotta. Chandrasekharan,Margi Vijayakumar,Arun warrier,Margi Ravindran Nair,Sukumaran,and Arunkumar Paattu-Pathiyoor Sankarankutty & Kala. Harish Namboothiri Kottu - Sadanam Ramakrishnan & Margi Ratnak",Drisyavedi Keralarangakalotsavam,V.Madhu kumar,archive2010-3q.asp
12-09-10,NALACHATHUSHTAYAM - Nalam Divasam - Also Sodaharanaprabhashanam at 10am - Samgeethasamanvayam at 4pm,"Guruvayurappan Hall, Samoothiri School, Tali - 6pm",Kozhikode 673 017,Kerala,India,"Nalan:EttumanurKannan,Kesini:Kala.Suchindran,Damayanthi:Pisappaly Rajiv, Patt:KottakkalMadhu,Ned.Rammohan,VengeriNarayanan,Chenta:Kala.Udayan,KottakalVijayaraghavan,Maddalam:Kala.Hariharan,Jayaprasad,",NAVARASAM Renuka Varma - 08891799964,Radha Madhavan,archive2010-3q.asp
12-09-10,Nalacharitham Onnam Divasam,"Ayodhya Auditorium,Payyannur. 5.30pm",Kannur,Kerala,India,"Kala.Gopi, Sadanam KrishnanKutty, Kala.Shanmughan,Kala.Manoj,Kott.Narayanan, Kala.Unnikrishnan,Kott.Ravi etc",Payyannur Kathakaliarangu.,Dr.P.Pavithran,archive2010-3q.asp
12-09-10,Kathakali pada Kacheri,Sri Vallabha Kshetram Thiruvalla,Pattanamthitta,Kerala,India,"Pattu: Pathiyoor Shankarankutty, Kala. Sajeev, Chenda: Kuroor Vasudevan Namboothiri, Maddalam: Kala. Achutha Warrier, Eddakka: Ayamkudi Unnikrishnan",,Balu,archive2010-3q.asp
11-09-10,NALACHARITHAM RANDAM DIVASAM,KT.MOHAMEDH SMARAKA THEATER THRISSUR 4.30 PM,THRISSUR,Kerala,India,"NALAN-KALA.SHANMUGHAN,DAMAYANDI-KALA.SUCHINDRAN,KALI-KOTTA DEVADAS,DWAPARAN-KALA.CHINOSH,INDRAN-KALA.VIPIN,PUSHKARAN-KALA.ARUN WARRIER,KATTALAN-KALA.MANOJ.MUSIC:PATHIYOOR SHANKARANKUTTY,KOTTA MADHU,KA",KERALA SANGEETHA NATAKA AKADEMI,VIVEK.P,archive2010-3q.asp
11-09-10,NALACHATHUSHTAYAM - Moonnam Divasam - Also Sodaharanaprabhashanam at 10am,"Guruvayurappan Hall, Samoothiri School, Tali - 6pm",Kozhikode 673 017,Kerala,India,"Nalan:Kala.Harinarayanan,Karkotakan:Kala.Chinosh,Bahukan:Kala.Pradeep,Rithuparnan:Kala.Kasinathan,Jeevalan:Kala.Chinosh,Sudevan:Kala.Sajan,Damayanthi:Kara.Rajesh,Patt:Kala.Vinod,",NAVARASAM Renuka Varma - 08891799964,Radha Madhavan,archive2010-3q.asp
10-09-10,NALACHATHUSHTAYAM - Rantam Divasam,"Guruvayurappan Hall, Samoothiri School, Tali, 6 PM",Kozhikode 673 017,Kerala,India,"Nalan:Kala.Soman,Damayanthi:Haripriya,Indran:Harimohan Raja,Kali:KottakkalDevadas,Dvaparan:Kala.Chinosh,Pushkaran:Kala.Arun Warriyar,Kattalan:Kala.Shanmukgan,Patt:Patthiyur Sankarankutty,KottakkalMadh",NAVARASAM Renuka Varma - 08891799964,Radha Madhavan,archive2010-3q.asp
10-09-10,KEECHAKAVADAM,"K.T.MOHAMEDH SMARAKA THEATER ,THRISSUR - 6 PM",THRISSUR,Kerala,India,"KEECHAKAN-KOTA.NANDAKUMAR,SYRANDRI-PESHAPILLY RAJEEV,VALALAN-KALA.EBIN BABU,SUDHESHNA-PEETHAMBARAN,MUSIC:KOTA.NARAYANAN & NEDUMBILLY RAMAN,CHENDA:KALA.VIJAYAKRISHNAN,MADHALAM:KALA.ANISH.CHUTTI KALA.RA",KERALA SANGEETHA NATAKA AKADEMI,VIVEK . P,archive2010-3q.asp
09-09-10,"Rugmangada Cheritham, Prahalada Cheritham",Sri Vallabha Kshetram Thiruvalla,Pattanamthitta,Kerala,India,"Kottakkal Chandrashekara Warrier, Kala. Ramachandran Unnithan, Kala. Soman, Margi Vijayakumar, Pattu: Pathiyoor Shankarankutty, Kottakkal Madhu, Kalanilayam Rajeev, Chenda: Kala. Krishnadas, Kottakkal",,Balu,archive2010-3q.asp
09-09-10,"Rugmangada Cheritham, Prahalada Cheritham",Sri Vallabha Kshetram Thiruvalla,Pattanamthitta,Kerala,India,"Kottakkal Chandrashekara Warrier, etc",,Jaya Parithamma,archive2010-3q.asp
09-09-10,NALACHATHUSHTAYAM - Onnam Divasam,"Guruvayurappan Hall, Samoothiri School, Tali, Kozhikode",Kozhikode 673 017,Kerala,India,"Nalan:Kala.Manoj,Naradan:Kala.Arun Wariyar,Hamsam:sadanam Bhasi,Damayanthi:Kala.Suchindran,Thozhi:Haripriya,Kasinathan,Patt:Nedumpilly Rammohan,Vengeri Narayanan,JyothishBabu,Chenda:Kalanilayam Udayan",NAVARASAM Renuka Varma - 08891799964,Radha Madhavan,archive2010-3q.asp
09-09-10,asari rugmagadacharitham prehladacharitham,thiruvalla srivallabha temple,,Kerala,India,kottakalchandrashekharan kala.r.unnithan margivijayakumar patte pathiyoorsankarankutty kottakalmadhu rajeevan kalakrishnadas kottakalpresad maddalamkalaachuthan manoj,,shyam,archive2010-3q.asp
08-09-10,"Santhana Gopalam, Karna Shapadam",Sri Vallabha Kshetram Thiruvalla,Pattanamthitta,Kerala,India,"Karna: Kottakkal Chandrashekara Warrier, Kunthi: Mathoor Govindankutty, Brahmana: Kalanilayam Karunakara Kurup, Arjuna: Kalabharathi Harikumar, Thiruvalla Babu, Cheriyankeer Murugan, Pattu: Kala. Saje",,Jaya Parithamma,archive2010-3q.asp
05-09-10,"Nalacheritham 4, Daksha Yagam",Sri Vallabha Kshetram Thiruvalla,Pattanamthitta,Kerala,India,"Bahuka: Kottakkal Chandrashekara Warrier, Damayanthi: Kala. Shanmugan, Kesini: Kalakendram Muralidharan Namboothiri, FACT Padmanabhan, FACT Mohan, FACT Jayadev Varma, Talavadi Aravindan, Thiruvalla Ba",,Jaya Parithamma,archive2010-3q.asp
05-09-10,"krimmeravaham(lalitha, panchali)","HSS, Thruvampady auditorium, Pazhaveedu, Alleppey",alleppey,Kerala,India,"Kottackal Devadas, Margi Vijayan, Kal Vijayakumar, Kal Arun Warrier. Pattu- Pathiyur Sankaran Kutty, Kal Sajeevan, Chenda- Kal Krishnadas, Maddalam- Kott Radhakrishnan",Alleppey Distrct Katakali Club,kalarcode murali,archive2010-3q.asp
05-09-10,Daksha Yagam,Sri Vallabha Kshetram Thiruvalla,Pattanamthitta,Kerala,India,"FACT Padmanabhan, FACT Mohan, Talavadi Aravindan, Pattu: Kala. Surendran, Mangalam Narayanan Namboothiri, Chenda: Ayamkudi Unnikrishnan, Maddalam: Kala. Achutha Warrier",,Balu,archive2010-3q.asp
04-09-10,Karna Shapadham,"Govt. Higher Secondary High School Puliyanam, Angamaly, Ernakulam Dist.",Erakulam District,Kerala,India,"Vesham : Kalamandalam Shanmughan, Chembakkara Vijayan, Klamandalam Neeraj, Kalamandalam Shinosh, Pattu : Kottakkal Madhu, Kottakkal Santhosh Chenda : Kalamandalam Harish Maddalam : Kalamandalam Prasan",9447574092,Anil.C,archive2010-3q.asp
04-09-10,Kuchella Vrittam,Kollam,Kollam,Kerala,India,"Madavoor Vasudevan Nair, Oyoor Ramachandran, Kala. Myannad Rajeev, Kottarakkara Badhra, Myannad Kesavan Namboothiri, Pattu: Pathiyoor Shankarankutty, Kalanilayam Rajeev, Chenda: Mangulam Krishnan Namb",,Balu,archive2010-3q.asp
03-09-10,Kalyana Saugandhikam,Kollam,Kollam,Kerala,India,"Sadanam Krishnankutty, Kala. Ramachandran Unnithan, Pattu: Pathiyoor Shankarankutty, Kalanilayam Rajeev, Chenda: Mangulam Krishnan Namboothiri, Maddalam: Kala. Venukuttan",,Balu,archive2010-3q.asp
03-09-10,kalyanasouganthikam,unichakkamveed kollam,,Kerala,India,sadanam unnithan pathiyoor mankulam venukuttan,,shyam,archive2010-3q.asp
01-09-10,"Santhana Gopalam, Krishna Leela",Kollam,Kollam,Kerala,India,"Brahmin: Thonnakkal Peethambaran, Arjuna: Kala. Sreekumar, Brahmin wife: Cheriyankeer Murugan, etc",,Jaya Parithamma,archive2010-3q.asp
01-09-10,Rugmineeswayamvaram,Sreekrishna Swamy Kshetram Mavelikara,Alappuzha,Kerala,India,"Kala.Vijayakumar,Kalanilayam Vinod,Kala Sucheendran Pattu Kala Jayaprakash etc Chenda>Kala Sreekanth Varma",,Sreekanth varma,archive2010-3q.asp
01-09-10,Ruminee Swayamvaram,Sreekrishna Swamy Kshetram Ambalappuzha,Alappuzha,Kerala,India,"Kala.Vijayakumar,Kalanilayam Vinod,Kala Sucheendran Pattu Kala Jayaprakash etc Chenda>Kala Sreekanth Varma",sandarsan Kathakali Vidyalayam,Sreekanth varma,archive2010-3q.asp
01-09-10,"Krishna Leela, Santhana Gopalam",Kollam,Kollam,Kerala,India,"Krishna: Kala. Mukundan, Devaki: Margi Vijayakumar, Yashoda: Kala. Shanmugan, Arjuna: Kala. Sreekumar, Brahmana: Thonnakal Peethambaran, Brahmana patni: Cheriyankeer Murugan, Pattu: Kala. Harish, Kala",,Hari,archive2010-3q.asp
01-09-10,Rukmini Swayamvaram,NSS Chenganassery,Kottayam,Kerala,India,Chenda: Kala. Raman Namboothiri,,Jaya Parithamma,archive2010-3q.asp
01-09-10,Devayani Cheritham,Thuravoor,,Kerala,India,"FACT Padmanabhan, RLV Radhakrishnan, Chenda: Ayamkudi Unnikrishnan, Maddalam: Kalanilayam Manoj",,Balu,archive2010-3q.asp
01-09-10,Kachadevayanicharitham,Thuravoor Temple,Alappuzha,Kerala,India,"Shukran - R L V Gopi, Kachan - FACT Padmanabhan, Devayani - R L V Radhakrishnan, Sukethu - Thiruvizha Jayakumar, Kuttikattalan - Kalakshethra Suchithra Suresh, Kalakshethra Ananthu Mani Kala Vinod, Ka",Sree Mukambhika Kathakali Yogam,Krishnan,archive2010-3q.asp
01-09-10,rugminiswayamvaram,"puthiyakavu temple, chertala",alleppey,Kerala,India,"kal ramachandran unnithan,kal krishnakumar,kal ravikumar, muralidharan nampoothiry,vasudeva paniker. pattu- kal babu nampoothiry, ajesh. chenda- kuroor vasudevan nampoothiri. Maddalam- Kal raj narayan",Kalarcode narayanan nair memorial alleppey distric,kalarcode murali,archive2010-3q.asp
01-09-10,"sandanagopalam, duryodhanavadham",evoor srikrishna temple,alappuzha,Kerala,India,"mathoor govindankutty, fact mohanan, kala.krishnapresad etc.. pathiyoor sankarankutty, sajeevan, babu, mankulam krishnan namboothiri, murali, kala.achuthawarior, madhu",geethasamathi,shyam,archive2010-3q.asp
01-09-10,Rugmineeswayamvaram,Kaippuzha Sreekrishanaswami Kshethram Pandalam. 09:00 PM,Pathanamthitta,Kerala,India,"FACT Jayadeva Varma, KALA Kesavan Nampoothiri,KALA Balakrishnan, KALA Harikumar,Thiruvalla Sivan,Kalavedi Suresh, Parimanam Madhu, Kalabharathi Peethambaran, Thiruvalla Jayan, Thiruvalla Pradeep KALIY",JAYADEVA VARMA (9496950919) FOR SANTHAN PILLA,Devamrutham Pandalam,archive2010-3q.asp
31-08-10,Kuchelavrutham,"Kuttankulangara Temple,Trissur",Trissur,Kerala,India,"Nelliyod Asan(Kuchelan),Kottakal Nandakumaran Nair(Krishna),Sadanam Vijayan Varier(Rugmini),Sadanam Suresh(Kuchelapatni). Pattu:Kalamandalam Mohanakrishnan,Vellinezhi Achuthan Kutty, Santosh Punkunnam","Santosh Punkunnam, 0487-2382932,0091-9446827938",dr Vellinezhi Achuthan Kutty,archive2010-3q.asp
31-08-10,"Santhana Gopalam, Kuchella Vrittam",Sri Vallabha Kshetram Thiruvalla,Pattanamthitta,Kerala,India,"Kalanilayam Karunakara Kurup, RLV Rajashekaran, Kalabharathi Harikumar, Thiruvalla Babu, Cheriyankeer Murugan, Madhu Varanasi, Kalanilayam Ravindranatha Pai, Kala. Arun, Pattu: Kala. Surendran, Kalave",,Jaya Parithamma,archive2010-3q.asp
30-08-10,"Santhana Gopalam, Kuchella Vrittam",Sri Vallabha Kshetram Thiruvalla,Pattanamthitta,Kerala,India,"RLV Rajashekaran, Kalabharathi Harikumar, Cheriyankeer Murugan, Madhu Varanasi, Kalanilayam Ravindranatha Pai, Thiruvalla Babu, Kala. Arun, Pattu: Thiruvalla Gopikuttan Nair, Kala. Sajeev, Mangalam Na",,Jaya Parithamma,archive2010-3q.asp
29-08-10,NALACHARITHAM NAALAAMDIVASAM,"Samgeetha College , Palakkad 5.30pm",Palakkad,Kerala,India,"KOTTAKKAL SIVARAMAN ANUSMARANAM:Radhakrishnan Nair, Dr.T.S.Madhavankutty and K.B.Raj Anand. after that Kathakali.Damayanthi:Peesappilly Rajeevan,Keshini: Sdn.Sadanandan,Baahukan:Klm.Vasu Pisharoty,Sam","MUDRAAKHYA , Palakkad 9447 254113",M.K.ANIYAN,archive2010-3q.asp
29-08-10,Rugmangatha charitham,"NSS Hall Chalakudy, near KSRTC Bus Station",Thrissur,Kerala,India,"Chambakara vijayan, kalamandalam shanmughan, kalamandalam vinod","Kathakali club chalakudy, 9846261645",Kathakali club chalakudy,archive2010-3q.asp
29-08-10,Rugmangatha charitham,"NSS Hall Chalakudy, near KSRTC Bus Station",Thrissur,Kerala,India,"Chambakara vijayan, kalamandalam shanmughan, kalamandalam vinod","Kathakali club chalakudy, 9846261645",Kathakali club chalakudy,archive2010-3q.asp
29-08-10,Kuthelavritham,"Shavassery Temple, Cherthala",Alappuzha,Kerala,India,"Kuchelan - R L V Gopi, Sreekrishnan - Kalabhavanam Sanalkumar Varanadu, Rughmini - Kalakshethra Suchitra suresh, Kalamandalam Gopalakrishnan, Sukumara Bhagavathar, Thiruvizha Jayakumar, Kalamandalam N",Sree Mukambhika Kathakali Yogam,Krishnan,archive2010-3q.asp
28-08-10,UTHARASWAYAMVARAM-SAMPOORNAM,"NSS Hall, PARAKKADAVU (Aluva Mala Route)",ERNAKULAM,Kerala,India,"Kotta chandrasekharan,Kala Balasubramaniyan,kala Ramachandran Unnithan,FACT mohanan,Kala Shanmughan,Kalan gopinathan,etc/Kala Raman Namboodiri,Panamanna sasi(chenda)/Kala Rajanarayanan,Kala manoj(madd","natyadharmi,parakkadavu,683579/mob 9447981912",pnrpisharody,archive2010-3q.asp
27-08-10,Harischandra Charidham,"Mannurkavu Devi Temple,9.30pm",Kollam,Kerala,India,,09349955772,R.Sreeram,archive2010-3q.asp
27-08-10,Nalacheritham 3,"Theerthapada Mandapa, East Fort Trivandrum 6:00",Thiruvananthapuram,Kerala,India,"Kala. Gopi, Kala. Rajashekaran, Chattanoor Kochu Narayana Pillai, Madavoor Vasudevan Nair, Pattu: Pathiyoor Shankarankutty, Kalanilayam Rajeev, Chenda: Kala. Krishnadas, Ayamkudi Unnikrishnan, Maddala",,Hari,archive2010-3q.asp
26-08-10,Kuchella Vrittam,"Theerthapada Mandapa, East Fort Trivandrum 6:00",Thiruvananthapuram,Kerala,India,"Nelliyod Vasudevan Namboothiri, Inchakkad Ramachandran Pillai, Kala. Suchindran, Pattu: Kala. Babu Namboothiri, Kala. Vinod, Chenda: Kuroor Vasudevan Namboothiri, Maddalam: Kala. Achutha Warrier",,Hari,archive2010-3q.asp
26-08-10,VAZHENKATA VIJAYAN -- SAPTHATHIPRANAMAM .......Day 2,"Vazhenkata Kunchu Nair Smarakamandiram , Karalmanna",Palkkad,Kerala,India,9.30am:MADDALAKELI:10:CHOLLIYATTAM(Balivadham).Guru:Vazhenkata Vijayan. 12.30:PIRANNALSADYA.2.30pm:SUHRUDSAMMELANAM.5.30:SAMAPANASAMMELANAM AND VEERASRUMGHALASAMARPANAM.8.30:KATHAKALI. PAKUTHIPPURAPPA,"Kunchu Nair Smaraka Trust,Karalmanna 9388118885",M.K.ANIYAN,archive2010-3q.asp
25-08-10,VAZHENKATA VIJAYAN - SAPTHATHIPRANAAMAM .......Day 1,"Vazhenkata Kunchu Nair Smarakamandiram, Karalmanna",Palakkad,Kerala,India,"9.30am:KELI:Mtnr Sreeraj,CplyHariharan.10:UDGHATANASAMMELANAM.2.30pm:KOOTHU:Klm. Ramachakyar.4:THAYAMPAKA:Klm.Balaraman.5.30:ASHTAPADI:Mtnr.Sankarankutty Marar, Klm.Unnikrishnan,Pnma Sasi.6.30:BHARATH","Kunchu Nair Smaraka Trust,Karalmanna 9388118885",M.K.ANIYAN,archive2010-3q.asp
25-08-10,Devayani Cheritham,"Theerthapada Mandapa, East Fort Trivandrum 6:00",Thiruvananthapuram,Kerala,India,"Kottakkal Kesavan, Margi Vijayakumar, Mathoor Govindankutty, Pattu: Kottakkal Narayanan, Kala. Sajeev, Chenda: Sadanam Ramakrishnan, Maddalam: Margi Ratnakaran",,Hari,archive2010-3q.asp
24-08-10,Kalyana Saugandhikam,"Theerthapada Mandapa, East Fort Trivandrum 6:00",Thiruvananthapuram,Kerala,India,"Hanuman: Sadanam Krishnankutty, Bheema: Kottakkal Chandrashekara Warrier, Kala. Mukundan, Kalanilayam Manoj, Margi Harivalsan, Pattu: Kottakkal Madhu, Kala. Jayaprakash, Chenda: Kala. Raman Namboothir",,Hari,archive2010-3q.asp
24-08-10,Ravana Vijayam,Mavelikkara 5:30 pm,,Kerala,India,"Madavoor Vasudevan Nair, RLV Radhakrishnan, Madhu Varanasi, Pattu: Kalanilayam Unnikrishnan, Kala. RamMohan, Chenda: Kala. Varanasi Narayanan Namboothiri, Kala. Sreekanth Varma, Maddalam: Kalanilayam ",,Balu,archive2010-3q.asp
23-08-10,"Nalacheritham 1, Kuchella Vrittam",Sri Vallabha Kshetram Thiruvalla,Pattanamthitta,Kerala,India,"Kottayam Ramakrishnan, FACT Padmanabhan, Margi Vijayakumar, Kalabharathi Harikumar, Cheriyankeer Murugan, Madhu Varanasi, Kala Arun, Kalanilayam Vinod, Pattu: Kala. Balachandran, Kalanilayam Rajeev, M",,Jaya Parithamma,archive2010-3q.asp
23-08-10,Duryodhana Vadham,"Theerthapada Mandapa, East Fort Trivandrum 6:00",Thiruvananthapuram,Kerala,India,"Krishna: Kala. Shanmugan, Panchali: Margi Vijayakumar, Bheema: Kottakkal Ravi, Shakuni: Margi Suresh, Duryodhana: Inchakkad Ramachandran Pillai, Dussassana: Margi Murali, Roudra Bheema: Thonnakkal Pee",,Hari,archive2010-3q.asp
23-08-10,Duryodhana Vadham,Thrithapavam Mandapam Trivandrum 6:00 pm,Thiruvananthapuram,Kerala,India,"Inchakkad Ramachandran Pillai, Margi Vijayakumar, Oyoor Ratheeshan, etc, Pattu: Kala. P.G. Radhakrishnan, Kala. Krishnankutty, etc, Chenda: Kala. Krishnadas, Ayamkudi Unnikrishnan, etc",,Hari,archive2010-3q.asp
23-08-10,Prahladacharitham,"Vellinezhi Nanu Nair Smaraka Kalakendram,Kuruvatur",Palakkad,Kerala,India,"Kalani Mohanan Varier,Kalamandalam Narayanan Narayanan Kutty. Pattu:Kalamandalam Mohanakrishnan & Vellinezhi Achuthan Kutty. Che: Sadanam Ramadasan & Sadanam Sreehari. Maddlam:Kalamandalam Jayaprasad","0466-2285901,9947598344,9447353992,9446875262",dr Vellinezhi Achuthan Kutty,archive2010-3q.asp
21-08-10,"Santhana Gopalam, Kiratham",Panavalli,,Kerala,India,"Kala. Kesavan Namboothiri, RLV Radhakrishnan, etc.",,Hari,archive2010-3q.asp
20-08-10,Kathakali Demonstration,"Saraswathy Vidyalayam,Vellinezhi",Palakkad,Kerala,India,"Demo: Vellinezhi Achuthan kutty, Kalamandalam Narayanan Kutty Pattu: Kalamandalam Mohanakrishnan. Chenda: Panamanna Sasi. Maddalam: Kalamandalam Raman Kutty","Saraswathy Vidyalayam, Ravi Nambuthiri Thelakkad",dr Vellinezhi Achuthan Kutty,archive2010-3q.asp
20-08-10,Santhana Gopalam Duryodhana Vadham,Sri Vallabha Kshetram Thiruvalla,Pattanamthitta,Kerala,India,"Duryodhana: Kottakkal Chandrashekara Warrier, Dussassana: Talavadi Aravindan, Krishna: FACT Padmanabhan, Roudra Bheema: Kala. Ramachandran Unnithan, Pattu: Kottakkal Narayanan, Kalanilayam Rajeev, Kot",,Jaya Parithamma,archive2010-3q.asp
20-08-10,Rukmangadacharitham,"Theerthapadamandapam,East fort, Tvpm.",Thiruvananthapuram,Kerala,India,Kathakalippada Kacheri - organised by Drisyavedi Kerala Rangakalotsavam. Paattu- Kala. Vinod & Kalani. Rajeevan Chenda- Margi Venugopal & Maddalam Margi Ratnakaran Edakka - Kala. Sreekanth,"Drisyavedi, Kerala Ranga Kalotsavam",V.Madhukumar,archive2010-3q.asp
19-08-10,"Uthara Swayamvaram, Kiratham",Sri Vallabha Kshetram Thiruvalla,Pattanamthitta,Kerala,India,"Madavoor Vasudevan Nair, Sadanam Krishnankutty, Chattanoor Kochu Narayana Pillai, Cheriyankeer Murugan, Thiruvalla Babu, Kala. Vaishak, Kalabharathi Harikumar, Oyoor Ramachandran, FACT Mohan, Pattu: K",,Jaya Parithamma,archive2010-3q.asp
18-08-10,"Karna Shapadam, Daksha Yagam",Sri Vallabha Kshetram Thiruvalla,Pattanamthitta,Kerala,India,"Karna: Kottakkal Chandrashekara Warrier, Kunthi: Mathoor Govindankutty, Dussassana: Talavadi Aravindan, Daksha: FACT Mohan, Shiva: Kala. Pradeep, Sathi: Kalanilayam Madhavan Namboothiri, Bhadrakali: T",,Jaya Parithamma,archive2010-3q.asp
17-08-10,"Kuchella Vrittam, Sree Vallabha Cheritham",Sri Vallabha Kshetram Thiruvalla,Pattanamthitta,Kerala,India,"Kuchella: Nelliyodu Vasudevan Namboothiri, Krishna: FACT Padmanabhan, Sree Vallabha Kathakali Yogam artists, Pattu: Thiruvalla Gopikuttan Nair, Kala. Surendran, etc, Chenda: Ayamkudi Unnikrishnan, Mad",,Jaya Parithamma,archive2010-3q.asp
17-08-10,Sampoorna DURYODHANAVADHAM,"Changampuzha Park, Edappally, 6 PM",Ernakulam,Kerala,India,"Changarappilli Anujan, Kalnilayam Gopalakrishnan,Kalamandalam Ramachandran Unnithan, Kalamandalam Sreekumar, etc. PATTU Kalanilayam Unnikrishnan, Kalanilayam Rajeevan, other Senior Artsts",Kathakali Aswadaka Samithi,Adityan,archive2010-3q.asp
16-08-10,Sri Rama Pattabhishekam,Sri Vallabhakshetram Thiruvalla,Pattanamthitta,Kerala,India,"Kalanilayam Karunakara Kurup, Sadanam Krishnankutty, Kottakkal Chandrashekara Warrier, Mathoor Govindankutty, RLV Rajashekaran, Kala. Ramachandran Unnithan, Margi Vijayakumar, Kala. Balakrishnan, Kala",,Jaya Parithamma,archive2010-3q.asp
16-08-10,SREERAMAPATTABHISHEKAM KATHAKALI YOKAM SRI VAISHNAVAM,"SRIVALLABHA TEMPLE, THIRUVALLA 9.30PM",PATHANAMTHITTA,Kerala,India,"SRI Sadanam Krishnankutty,Kottackal Chandrasekhara Varrier,Mathur Govindankutty,R.L.V Rajasekharan,Kala Ramachandran Unnithan,Margi Vijayakumar,Kala Surendran,Pathiyur Sankarankutty,Kala Krishnadas,Ka",Sri Vaishnavam. Ph no: 9495204203,KALABHARATHI HARI KUMAR,archive2010-3q.asp
16-08-10,karnasapadham,"cherpu,",trissur,Kerala,India,"kalamandalam gopi, kalanilayam gopi, kalanilayam vinod kumar, margi vijayakumar,kalanilayam rajeevan ( from: cherppu ,email: ,slno: 1830 matter: 15-8-2010 instead of 16-8-10- Vinod to confirm)",,vinod,archive2010-3q.asp
15-08-10,RAVANAVADHAM KATHAKALI YOKAM SRI VAISHNAVAM,"SRIVALLABHA TEMPLE, THIRUVALLA 9.30PM",PATHANAMTHITTA,Kerala,India,"SRI Chathur Narayanapillai,Kala Kesavan Nampoothiri,FACT Jayadeva Varma,Kalanilayam Karunakarakurup,Kalabharathi Harikumar,Thiruvalla Gopikuttan Nair,Kala Rajendran,KalaRaman Nampoothiri,Kalabharathi ",Sri Vaishnavam. Ph no: 9495204203,KALABHARATHI HARI KUMAR,archive2010-3q.asp
15-08-10,KARNASHAPADHAM,"East Nata,Bhagavathy Kshethram,Cherpu 7.30pm",Thrissur,Kerala,India,"Duryodhanan:Kln.Gopi,Bhanumathy:Kln.Vinodkumar,Karnan:Sdn.Krishnankuty, Dussaasanan:Pariyaanampatta Divakaran,Kunthy:Kln.Gopalakrishnan. Samgeetham:Klm.Babu Nampoothiri,Kln.Rajeevan,Chenda:Klm.Unnikri",SOPAANAM,M.K.ANIYAN,archive2010-3q.asp
15-08-10,Ravana Vadham,Sri Vallabhakshetram Thiruvalla,Pattanamthitta,Kerala,India,"Kalanilayam Karunakara Kurup, Chattanoor Kochu Narayana Pillai, Kala. Kesavan Namboothiri, FACT Jayadeva Varma, Kala. Balakrishnan, Morzhoor Rajendra Gopinath, Kalabharathi Harikumar, Kalanilayam Madh",,Jaya Parithamma,archive2010-3q.asp
14-08-10,Kumbhakarna Vadham,Sri Vallabhakshetram Thiruvalla,Pattanamthitta,Kerala,India,"Kalanilayam Karunakara Kurup, Mathoor Govindankutty, Kala. Ramakrishnan, RLV Rajashekaran, Chattanoor Kochu Narayana Pillai, Kala. Kesavan Namboothiri, FACT Mohan, Kalanilayam Ravindranatha Pai, Kalab",,Jaya Parithamma,archive2010-3q.asp
14-08-10,KUMBHAKARNAVADHAM KATHAKALI YOKAM SRI VAISHNAVAM,"SRIVALLABHA TEMPLE, THIRUVALLA 9.30PM",PATHANAMTHITTA,Kerala,India,"SRI Mathur Govindankutty,Kala Ramakrishnan,R.L.V Rajasekharan,Chathur Narayanapillai, Kala Kesavan Nampoothiri,FACT Mohanan,Thiruvalla Gopikuttan Nair,Kala Rajendran,Mankulam Krishnan Nampoothiri,Thir",Sri Vaishnavam. Ph no: 9495204203,KALABHARATHI HARI KUMAR,archive2010-3q.asp
14-08-10,ARANGU 2010 - THREE DAY KATHAKALISILPASAALA -- TRIBUTE TO KOTTAKKAL SIVARAMAN,"Kalanilayam Hall, Irinjalakuda",Thrissur,Kerala,India,"9am:(Venue:Madhavanaatyabhoomi)SAMGEETHAKKACHERI.Vocal:Prasanna Venkitaraman, Violin:H.N.Bhaskar,Mrudamgam:Melkaveri K.Balaji,Ghatam:Udupi Sreekanth. 3pm:(Venue:Kalanilayam Hall).KATHAKALIYILE THOURYA",THIRANOTTAM 9249 800700,M.K.ANIYAN,archive2010-3q.asp
14-08-10,Kalakeya Vadham,"Government Sanskrit College, Thripunithura. 5.30 p.m",Ernakulam,Kerala,India,"Artists performing: Indran-Kal.Radhakrishnan,Mathali-Sadanam Vijayan,Arjunan-Sadanam Krishnankutty,Indrani-R.L.V.Pramod,Pattu-Kal.Rajendran,Kaln.Babu,Chenda-Kal.Raman Namboothiri,Madalam-Kal.Prakasan,",Tripunithura Kathakali Kendram,"Biju Anand, North Paravur",archive2010-3q.asp
14-08-10,"NALACHARITHAM 4-AAM DIVASAM,KEECHAKA VADHAM,KIRATHAM","SREE MAHADEVAR KSHETHRAM,NALPPATHENNEESWARAM,PANAVALLY@8.40PM",ALAPPUZHA,Kerala,India,"KOTTACKAL P.S.V.NATYASANGHAM VESHAM:SRI.KOTTAKKAL CHANDRA SEKHARA VARRIER,KOTTACKAL VASUDEVAN KUNDLAYAR,KOTTACKAL KESAVAN KUNDLAYAR,KOTTACKAL DEVADAS,KOTTACKAL HARIDASAN,KOTTACKAL SUDHEER,KOTTACKAL RA","V.P RAMACHANDRAN NAIR,ANJANA SANJEEV,SAGARIKA ,",AMALRAJ.R.9745620041,archive2010-3q.asp
13-08-10,"Santhanagopalam, Dakshayagam, Kiratham.","Nalpathenneeshwaram Sree Mahadevar Kshethram, @ 8:30pm",Alappuzha,Kerala,India,"KOTTAKKAL PSV NATYASANGHAM Vesham : Kottakkal (Chandrasekhara Varrier,Keshavan Kundlayar, Vasudevan Kundlayar, Haridasan, Devdas, Sudheer, RajuMohan, Unnikrishnan, Hareeshwaran, Muralikrishnan, Hariku","AdvaithKrishna,Rajeevam,Panavally.+919745620041",Amal Raj.R,archive2010-3q.asp
13-08-10,SETHUBANDHANAM KATHAKALI YOKAM SRI VAISHNAVAM,"SRIVALLABHA TEMPLE, THIRUVALLA 9.30PM",PATHANAMTHITTA,Kerala,India,"SRI Kala Srikumar,FACT Jayadeva Varma,Kala Vijayakrishnan Unnithan,Mozhur Rajendra Gopinath,Kala Balakrishnan,Kala Suredran,Kala Sajivan,Kala Sivadas,Thiruvalla Harikumar,Kala Achutha Varrier,Kalabhar",Sri Vaishnavam. Ph no: 9495204203,KALABHARATHI HARI KUMAR,archive2010-3q.asp
13-08-10,ARANGU 2010 - THREE DAY KATHAKALISILPASAALA -- TRIBUTE TO KOTTAKKAL SIVARAMAN,"Kalanilayam Hall, Irinjalakuda",Thrissur,Kerala,India,"7am:ANIYARA PARICHAYAPPETAL.9am:Manodharma aattangal chittappetuthal on UTHARAASWAYAMVARAM....KATHAKALI ARANGUKAL Ctd..7)KIRMEERAVADHAM.Aamukham: Dr.A.N.Krishnan,Lalitha:Klm.Vijayakumar,Paanchaali:Klm",THIRANOTTAM 9249 800700,M.K.ANIYAN,archive2010-3q.asp
13-08-10,Sethu Bandhanam,Sri Vallabhakshetram Thiruvalla,Pattanamthitta,Kerala,India,"Kala. Sreekumar, FACT Jayadeva Varma, Kala. Vijayakrishnan Unnithan, Mozhoor Rajendra Gopinath, Kala. Balakrishnan, Cheriyankeer Murugan, Thiruvalla Babu, Kala. Hari R. Nair, Madhu Varanasi, Thiruvanc",,Jaya Parithamma,archive2010-3q.asp
12-08-10,sampoorna ramayanam,sree rama temple triprayar - (ootupura) at 6 pm,thrissur,Kerala,India,major set,P.S.V.Natyasangam Kottakkal/triprayar devassom,sadu engoor - kalimandalam,archive2010-3q.asp
12-08-10,Thorana Yudham,Sri Vallabhakshetram Thiruvalla,Pattanamthitta,Kerala,India,"Madavoor Vasudevan Nair, RLV Rajashekaran, FACT Jayadev Varma, Kala. Sreekumar, Kala. Vijayakrishnan Unnithan, Kalanilayam Karunakara Kurup, Kalanilayam Ravindranatha Pai, Thiruvalla Babu, Madhu Varan",,Jaya Parithamma,archive2010-3q.asp
12-08-10,ARANGU 2010 - THREE DAY KATHAKALISILPASAALA -- TRIBUTE TO KOTTAKKAL SIVARAMAN -,"Kalanilayam Hall, Irinjalakuda",Thrissur,Kerala,India,"ARTISTES(other than actors) IN THE SILPASAALA FOR ALL THREE DAYS SAMGEETHAM:Klm.Jayaprakash,Klm.Hareeshkumar,Klm.Vinod,Kln.Rajeevan,Netumpally Ram Mohan,VengeriNarayanan,Klm.Sudheesh,Klm.Ajesh,Klm.Sre",THIRANOTTAM 9249 800700,M.K.ANIYAN,archive2010-3q.asp
12-08-10,ARANGU 2010 - THREE DAY KATHAKALISILPASAALA -- TRIBUTE TO KOTTAKKAL SIVARAMAN,"Kalanilayam Hall, Irinjalakuda",Thrissur,Kerala,India,"9am:KOTTAKKAL SIVARAMAN ANUSMARANAM: V.Kaladharan.9.30:KATHAKALISILPASAALA. Aamukham:K.B.Raj Anand(Director,Silpasaala).Panel of Aachaaryaas :Nelliyode Vasudevan Nambootiri,Vazhenkata Vijayan,Sadanam ",THIRANOTTAM ---9249800700,M.K.ANIYAN,archive2010-3q.asp
12-08-10,THORANAYUDHAM KATHAKALI YOKAM SRI VAISHNAVAM,"SRIVALLABHA TEMPLE, THIRUVALLA 9.30PM",PATHANAMTHITTA,Kerala,India,"SRI Matavur Vasudevan Nair,R.L.V Rajasekharan,FACT Jayadeva varma,Kala Sreekumar,Kala Vijayakrishnan Unnithan,Kala Balachandran,Kala Sajevan,Kurur Vasudevan Nampoothiri,Kalabharathi Unnikrishnan,Kala ",Sri Vaishnavam. Ph no: 9495204203,KALABHARATHI HARI KUMAR,archive2010-3q.asp
11-08-10,BALIVADHAM KATHAKALI YOKAM SRI VAISHNAVAM,"SRIVALLABHA TEMPLE, THIRUVALLA 9.30PM",PATHANAMTHITTA,Kerala,India,"SRI Matavur Vasudevan Nair,FACT Padmanabhan,Kala Ramachandran Unnithan,Oyur Ramachandran,Kottakkal Devadas,FACT Mohanan,Kala Madhavan Nampoothiri,Kala Suredran,Pathiyur sankarankutty,Kalabharathi Unni",Sri Vaishnavam. Ph no: 9495204203,KALABHARATHI HARI KUMAR,archive2010-3q.asp
11-08-10,Bali Vadham,Sri Vallabhakshetram Thiruvalla,Pattanamthitta,Kerala,India,"Madavoor Vasudevan Nair, FACT Padmanabhan, Kala. Ramachandran Unnithan, Oyoor Ramachandran, Kottakkal Devadas, FACT Mohan, Kalanilayam Madhavan Namboothiri, Kala. Bhagyanathan, Kalakendram Harish, Kal",,Jaya Parithamma,archive2010-3q.asp
10-08-10,Khara Vadham,Sri Vallabhakshetram Thiruvalla,Pattanamthitta,Kerala,India,"Kalanilayam Karunakara Kurup, RLV Rajashekaran, FACT Mohan, Kala. Krishnaprasad, Kalanilayam Madhavan Namboothiri, Kala. Balakrishnan, Kudamaloor Muralikrishnan, Cheriyankeer Murugan, Kalabharathi Har",,Jaya Parithamma,archive2010-3q.asp
10-08-10,KHARAVADAM SRI VAISHNAVAM KATHAKALI YOKAM,"SRIVALLABHA TEMPLE, THIRUVALLA 9.30PM",PATHANAMTHITTA,Kerala,India,"R.L.V Rajasekharan,FACT Mohanan,Kala Krisnaprasad,Kala Madhavan Nampoothiri,Kala Balakrishnan,Kutamalur Muralikrishnan,Kalabharathi Harikumar,Thiruvalla Gopikuttan Nair,Kala Balachandran,Varanasi Nara",Sri Vaishnavam. Ph no: 9495204203,KALABHARATHI HARI KUMAR,archive2010-3q.asp
09-08-10,VICHINNABHISHEKAM SRI VAISHNAVAM KATHAKALI YOKAM,"SRIVALLABHA TEMPLE, THIRUVALLA 9.30PM",PATHANAMTHITTA,Kerala,India,"SRI Kala Ratheshan,Kala Oyur Ramachandran,Kala Krishnaprasad,Kutamalur Muralikrishnan,Kalabharathi Harikumar,Kala Suredran,Kala Balachandran,Kala Raman Nampoothiri,Kalanilayam Manoj,Neelamperur Thanka",Sri Vaishnavam. Ph no: 9495204203,KALABHARATHI HARI KUMAR,archive2010-3q.asp
09-08-10,Vichchinabhishekam,Sri Vallabhakshetram Thiruvalla,Pattanamthitta,Kerala,India,"Kalanilayam Karunakara Kurup, Oyoor Ratheeshan, Oyoor Ramachandran, Kalamandalam Krishnaprasad, Kudamaloor Muralikrishnan, Kalabharathi Harikumar, Thiruvalla Babu, Kalakendram Muralidharan Namboothiri",,Jaya Parithamma,archive2010-3q.asp
08-08-10,Sita Swayamvaram,Sri Vallabhakshetram Thiruvalla,Pattanamthitta,Kerala,India,"Kalamandalam Ramakrishnan, Kalamandalam Kesavan Namboothiri, Kalabharathi Harikumar, Kalabharathi Vasudevan Kalanilayam Vinod, Kalakendram Muralidharan Namboothiri, Thiruvanchoor Subhash, Kalamandalam",,Jaya Parithamma,archive2010-3q.asp
08-08-10,Karnashapatham,"Ayodhya auditorium, Payyannoor, 5.30 pm",Kannur,Kerala,India,"Kala.Shanmughan, Kala.Vijayakumar, Kalanilayam Vinod,Kala.Hari.R.Nair,T.M.Premnath, Nedumpally RamMohan,Sadanam Jyothish Babu, Sadanam Ramakrishnan, Kottakkal Rameshan etc",Payyannoor Kathakaliyarangu,Dr.P.Pavithran,archive2010-3q.asp
08-08-10,6th Monthly Kathakali Appreciation Class by Kala Manoj,"Bhagavathykettu,Near Siva Temple,Tiruvannur Kovilakam,",calicut,Kerala,India,"6th Monthly Kathakali Appreciation Class by Kala Manoj.The organisers plan to evolve a formal syllabus and program that will result in conferring a 'Diploma' in Kathakali appreciation, to the numerous",,hari kumar,archive2010-3q.asp
08-08-10,SEETHA SWAYAMVARAM,"SRIVALLABHA TEMPLE, THIRUVALLA 9.30PM",PATHANAMTHITTA,Kerala,India,"Kala Ramakrishnan,FACT Padmanabhan,Kala Keshavan Nampoothiri,Kala Balakrishan, Kalabharathi Harikumar,Kottakkal Madhu,Klanilayam Rajiv,Kurur Vasudevan Nampoothiri,Kalabharathi Unnikrishan,Kala Achutha",Sri Vaishnavam. Ph no: 9495204203,KALABHARATHI HARI KUMAR,archive2010-3q.asp
07-08-10,PUTHRAKAMESHTI KATHAKALI YOKAM SRI VAISHNAVAM,"SRIVALLABHA TEMPLE, THIRUVALLA 9.30PM",PATHANAMTHITTA,Kerala,India,"SRI Madavur Vasudevan Nair,Kottakkal Chandrasekhara Varrier,Mathur Govindan Kutty, Kala Balakrishnan,Kalabharathi Harikumar,Thiruvalla Gopikuttan Nair, Kottakal Madhu,Kalabharathi Unnikrishnan,kala Ve",Sri Vaishnavam. Ph no: 9495204203,KALABHARATHI HARI KUMAR,archive2010-3q.asp
07-08-10,INAUGURATION OF RAMAYANAM KATHAKALI,"SRIVALLABHA TEMPLE, THIRUVALLA 8.00PM",PATHANAMTHITTA,Kerala,India,"INAUGURATION:- BRAHMASRI AKKIRAMAN KALIDASABHATATHIRI,PADMASRI MATTANOOR SANKARANKUTTY MARAR.",Sri Vaishnavam. Ph no: 9495204203,KALABHARATHI HARI KUMAR,archive2010-3q.asp
07-08-10,kalyana saugandhikam,"Gayatri Kalyana Mandapam,Tali,Calicut",calicut,Kerala,India,"Bhimasenan:Kala Manoj,Panchali:Kala Sajan,Hanuman:Sadanam Krishnankutty,Vocal:Kott.Narayanan,Vengeri Narayanan,Chenda:Kott.Vijayaraghavan,Maddalam:Kala Rajanarayanan,Chutti Kala Balan,,Aniyara:Appunni","Thodayam Kathakali Yogam,Calicut",hari kumar chelli,archive2010-3q.asp
07-08-10,"Purapad, Melapadam, Puthrakameshti",Sri Vallabhakshetram Thiruvalla,Pattanamthitta,Kerala,India,"Kalanilayam Karunakara Kurup, Madavoor Vasudevan Nair, Mathoor Govindankutty, Kalanilayam Madhavan Namboothiri, Kalabharathi Harikumar, Cheriyankeer Murugan, Kalabharathi Vasudevan, Madhu Varanasi, Ka",,Jaya Parithamma,archive2010-3q.asp
05-08-10,Purappadu Melappadam.(Arangeettam),"Sree Poornathrayeesa Temple,Tripunithura.",Ernakulam.,Kerala,India,"Chenda:Master SreeRajVarma(arangeettam),Maddalam:Kala:Vineeth,Pattu:Kala:Gopalakrishnan,Kala:Rajeshbabu,Chutty:EroorSasi etc.....",,,archive2010-3q.asp
02-08-10,"NALACHARITHAM ONNAMDIVASAM, SEETHAASWAYAMVARAM, BAALIVIJAYAM, KIRAATHAM","Kalanilayam Hall, Irinjalakuda 8p m",Thrissur,Kerala,India,"NALACHARITHAM ONNAAMDIVASAM.Nalan:Padmasree Klm.Gopi,Naaradan:Nelliyode Vasudevan Namboothiri,Hamsam:Sdn.Krishnankutty.SEETHAASWAYAMVARAM.Parasuraaman: Kln.Gopi,Sreeraaman:Dr.Damodaran Namboothiri.BAA","Kathakali Club,Irinjalakuda 9249 800700",M.K.ANIYAN,archive2010-3q.asp
01-08-10,Sreeramapattabhishekam,"Abalapuza Sreekrishnasvami Temple Nadakasala,6pm",Alappuza,Kerala,India,"Sreeraman- Kala:Mukundan, Lakshmanan- Kala: Arunkumar, Seetha- Kala:Vijayakumar,Hanooman- Sadanam Bhasi, Vibheshanan- Kalani:Vinod, Sarama- Kala:Rajesh, Guhan- Thiruvalla Babu, Sugreevan- R.Renjith, V","Sandarsan Kathakali Vidyalayam, Abalappuza","Mani,Vathukkodam",archive2010-3q.asp
01-08-10,Sitaswayamvaram,"guruvayurappan hall,Zamorins GHigh School,Tali,Calicut",Calicut,Kerala,India,"Sriraman: Kala Harinarayanan,Sita: Kasinath,Lakshmanan: Arun Ramesh,Dasarathan:Chinosh,Parashuraman: Kott Kesavan Kundalayar Vocal: Kott Madhu and Narayanan Vengeri Chenda: Kott Vijayaraghavan,Kott Ma","Navarasam,Calicut 8891799964",hari kumar chelli,archive2010-3q.asp
31-07-10,Thoranaudham,"Abalapuza Sreekrishnasvami Temple Nadakasala,6pm",Alappuza,Kerala,India,"Hanuman- Sadanam Bhasi, Lankalakshmi- Kala: Balakrishnan, Lankasree & Mandodari- Kala:Shanmukhan, Ravanan- Kalani:Vinod, Seetha- Kala:Vijayakumar, Prahasthan- Thiruvanchoor Subhash, Kinkaran- Kala:Aru","Sandarsan Kathakali Vidyalayam, Abalappuza","Mani,Vathukkodam",archive2010-3q.asp
30-07-10,Balivadham (Mareechan muthal),"Abalapuza Sreekrishnasvami Temple Nadakasala,6pm",Alappuza,Kerala,India,"Ravanan- Kala:Krishnaprasad, Marechan & Thara- Kal:Arun Kumar, Sreraman- Kala:Rajeev, Lakshmanan- Kalani:Vinod, Seetha- Kala:Vijayakumar, Sanyasiravanan- Kalani:Karunakara Kuruppu, Jadayu & Angadan- T","Sandarsan Kathakali Vidyalayam, Abalappuza","Mani,Vathukkodam",archive2010-3q.asp
29-07-10,Vichinnabhishekam & Kharavadham (pradhanabhagangal),"Abalapuza Sreekrishnasvami Temple Nadakasala,6pm",Alappuza,Kerala,India,"Dasaradhan- Kala:Vasupisharadi, Kikeyi- Kala:Vijayakumar, Sreeraman- Kala:Shanmukhan, Lakshmanan- Kalani:Vinod, Sumandrar- Thiruvalla Babu, Soorpanakha- Kala: Balakrishnan, Lalitha- Margi Vijayakumar/","Sandarsan Kathakali Vidyalayam, Abalappuza","Mani,Vathukkodam",archive2010-3q.asp
28-07-10,Puthrakameshti & Sethaswayamvaram (paradhana bhagangal),"Abalapuza Sreekrishnasvami Temple Nadakasala,6pm",Alappuza,Kerala,India,"Dasaradhan & Janakan- Kalani:Vinod, Vaibhandakan & Vasishtan- Kalani:Karunakara Kuruppu, Prajapathyan & Thadaka- Thiruvanchoor Subhash, Sreraman- Kala:Shanmukhan, Lakshmanan- Kala:Arun Kumar, Visvamit","Sandarsan Kathakali Vidyalayam, Abalappuza","Mani,Vathukkodam",archive2010-3q.asp
24-07-10,RAVANA ULBHAVAM,"Changampuzha Park, Edappally 6.30 PM",Ernakulam,Kerala,India,"Kott. Kesavan Kundalayar-Ravanan, Biju Baskar-Kumbhakarnan, Kala. Pramod - Vibhishanan, Pattu - Kala. Gopalakrishnan, Rajesh babu, Chenda- Kala. Krishnadas, Kottakkal Prasad, Maddalam- Kala Prakash, K",Edappally kathakali Aswadaka Sadas,Srikumar,archive2010-3q.asp
22-07-10,Nalacharitham 4,Aranmula Parthasarathy Temple,Pattanamthitta,Kerala,India,"Bahuka: Kala. Gopi, Damayanthi: Margi Vijayakumar, Kesini: Kudamaloor Muralikrishnan, Pattu: Pathiyoor Shankarankutty, Kalanilayam Rajeev, Chenda: Kuroor Vasudevan Namboothiri, Maddalam: Kala. Achutha",,Jaya,archive2010-3q.asp
21-07-10,Nalacharitham 3,Aranmula Parthasarathy Temple,Pattanamthitta,Kerala,India,"Nala: FACT Mohan, Karkodakan: Thiruvalla Babu, Bahuka: Thonnakkal Peethambaran, Sudeva: Mathoor Govindankutty, Damayanthi: Kudamaloor Muralikrishnan, Jivalan: Thiruvalla Sadashivan, Varshneyan: Aranmu",,Jaya,archive2010-3q.asp
20-07-10,Nalacharitham 2,Aranmula Parthasarathy Temple,Pattanamthitta,Kerala,India,"Nala: Kottakkal Chandrashekara Warrier, Damayanthi: Kudamaloor Muralikrishnan, Pushkara: Kottakkal Kesavan, Kali: Kala. Ramachandran Unnithan, Dwaparan: Kottakkal Devadas, Indra: Thiruvalla Harikumar,",,Jaya,archive2010-3q.asp
19-07-10,Nalacharitham 1,Aranmula Parthasarathy Temple,Pattanamthitta,Kerala,India,"Nala: Kala. Vasu Pisharody, Hamsa: Madavoor Vasudevan Nair, Damayanthi: Kala. Rajashekaran, Sakhi: Kalanilayam Vinod, Madhu Varanasi, Narada: Mathoor Govindankutty, Pattu: Kalanilayam Unnikrishnan, Ka",,Jaya,archive2010-3q.asp
18-07-10,Subhadraharanam,"Govt. Sanskrit College Auditorium, Tripunithura. 6 p.m.",Ernakulam,Kerala,India,"Brahmanar-R.L.V.Sreekanth Sarma,R.L.V.Akhil,Balabhadran-FACT Padmanabhan,Srikrishnan-Sadanam Bhasi,Pattu-Kalm.Gopalakrishnan,Kalm.Sreejith,Chenda-Kot.Prasad,Madalam-Kalm.Vineeth,Chutti-Kaln.Saji & Ani",Tripunithura Kathakali Kendram,"Biju Anand, North Paravur",archive2010-3q.asp
13-07-10,Kiratham,"Karthikathirunal Theatre, East fort, Thiruvananthapuram",Thiruvananthapuram,Kerala,India,"Kala.Ratheesan,Enchakaattu Ramachandranpillai,Margi harivalsan, Ravindran nair, sukumaran etc. Paattu-kala.Jayaprakash,Sudheesh, Kottu-Kalabha. Unnikrishnan,Kala.Venukuttan chutti-RLV Somadas, Sreekum","Drisyavedi, Tvpm.",V.Madhukumar,archive2010-3q.asp
12-07-10,BAALIVIJAYAM,"Kalanilayam Hall, Irinjalakuda 5p m",Thrissur,Kerala,India,"5pm: Public Meeting and Presentation of UNNAYI WARRIER SAMMANAM to veteran Maddalam Artist Thrikkur Unnikrishnan. Other guests:Venu G,PurushanKatalundi & Ravunni. BAALIVIJAYAM:Raavanan:Kln.Gopi,Mandod",UWS KALA NILAYAM 0480 2822031,M.K.ANIYAN,archive2010-3q.asp
11-07-10,Ravanavijayam,"HS Thiruvampady, auditorium, Pazhaveedu,Alleppey 5.30 pm",alleppey,Kerala,India,"kuberan-rlv sunil, naradan-kal. Ramachandran unnithan, Ravana-Kott Chandrasekara warrier, dootha-Vaudevapanicker, Rambha- kal Shanmugan, Pathiyur sankarankutty, Kal sajeevan, Kuroor vasudevan nampooth",Alleppey district kathakali club,kalarcode murali,archive2010-3q.asp
11-07-10,Keechaka Vadham,"Singapore (Chong Pang CC,Yishun) -7 P.M",,SINGAPORE,SINGAPORE,"Kala. Balasubramanian, Kott. Devadas, Kala. Vijayakumar ,Kala.Arun Kott. Madhu, Kala. Hareesh,kala. Venu Mohan,Kala. Kuttinarayanan","mudra cultural society, Singapore",vikar,archive2010-3q.asp
11-07-10,KALYAANA SOUGADHIKAM,"Kalanilayam Hall, Irinjalakuda 6p m",Thrissur,Kerala,India,"Bheemasenan:Klm.Harinarayanan,Paanchaali:Klm.Kasinathan,Hanuman:Sdn.Bhasi, Samgeetham:Vengeri Narayanan,Klm.Sudheesh,Chenda:Klm.Nandakumar, Maddalam:Klm.Venu,Chutty:Klm.Ravikumar.","Kathakali Club,Irinjalakuda 9249 800700",M.K.ANIYAN,archive2010-3q.asp
10-07-10,Nalacharitham Randam Divasam,Singapore(Sembawang CC)- 7.00 P.M,,SINGAPORE,SINGAPORE,"Kala. Balasubramanian,Kott. Devadas, Kala. Vijayakumar , Kala.Arun Warrier Kott. Madhu, Kala. Hareesh,kala. Venu Mohan, Kala. Kuttinarayanan","mudra cultural society,Singapore",vikar,archive2010-3q.asp
04-07-10,Karna Shapadam,Cherplassery,Thrissur,Kerala,India,"Karna: Kala. Krishnakumar, Kunthi: Kala. Kesavan Namboothiri, etc, Pattu: Kottakkal Madhu, Kala. RamMohan, Chenda: Varanasi Narayanan Namboothiri, Maddalam: Kala. Hariharan",,Kesav,archive2010-3q.asp
03-07-10,Banayudham Part 2 (USha Chitralekha),Sreekrishna Temple Ambalapuzha 6.30 PM,Alappuzha,Kerala,India,"Kal Vijayakumar(Chitraleka); Kal Shanmukan (Usha) Pathiyoor Sankarankutty; Kal Jayaprakash (Music); KAln MAnoj (Maddalam) Kal Sreekanth, Kaln Ratheesh(Edakka)",Sandarsan Kathakali Vidyalayam,Renjith R 9447161980,archive2010-3q.asp
02-07-10,"Kirmeeravadham (Lalitha - Panchali), Bakavadham",Ambalapuzha Sreekrishnana Temple - 6 p.m,Ambalapuzha,Kerala,India,"Kirmeeravadham - Lalitha - Margi Vijayakumar, Panchali - Chambakkara Vijayan Bakavadham - Bheeman - Kal Shanmugan Singers - Pathiyoor Sankarankutty, Kal Jayaprakash Maddalam - Kala Manoj Chenda - Rath",Ranjini(Dubai) & Sandarshan KathakaliVidyalayam,Ranjini Nair,archive2010-3q.asp
31-12-10,"Purappad, Double Melappadam, Santhanagopalam","Sree Dhanwanthari Kshethram, Maruthorvattam, Cherthala 8 PM",Alappuzha,Kerala,India,"Arjunan - Sadanam Krishnankutty, Sreekrishnan - Kalanilayam Rajasekharan, Brahmanan - Kalamandalam Sreekumar, Brahmanapatni - Vellinezhi Haridas, Sudarshanam - Fact Biju Bhasker, Vishu - RLV Pramod. P",9495109960,Ragesh Nandan,archive2010-4q.asp
30-12-10,SANTHANAGOPALAM,ASRAMOM SREEKRISHNA TEMPLE,KOLLAM,Kerala,India,"Sree Krishnan - Ettumanoor P.Kannan, Brahmanan - Peesapally Rajeevan etc",Suresh 9447764533,V.N,archive2010-4q.asp
30-12-10,SANTHANAGOPALAM,"Sreekrishna Swami Temple, Asramom,Kollam, 7 PM",Kollam,Kerala,India,"Ettumanoor Kannan-Arjunan,Peesapilli Rajiv-Brahmanan,Kal.Anilkumar-Sreekrishnan,Madhu Varanasi-Bhramana stree,Pattu-Kal.Vinodh,Kal.Vishnu,Chenda-Kal.Ravi Shankar,Maddalam-Kalabharathi Remanan",9447764533,"suresh.v,kollam",archive2010-4q.asp
30-12-10,KATHAKALI LECTURE DEMONSTRATION,"GURU GOPINATH LECTURE DEMONSTRATION, VATTIYOORKAVU, 10 A.M",THIRUVANANTHAPURAM,Kerala,India,KATHAKALI LECTURE DEMONSTRATION BY ARTIST - SRI ETTUMANOOR P. KANNAN,0471-2364771 (NADANA GRAAMAM CONTACTNO),VN,archive2010-4q.asp
30-12-10,Duryodhanavadham.,"Mahaganapathi Temple,Pnangad,",Ernakulam,Kerala,India,"Duryodhanan:KottakkalChandrasekharan,Dussasanan:KottakkalDevadas,Krishnan:FACTPadmanabhan,Panjali:RLVRadhakrishnan,Raudrabheeman:KalaSreekumaretc...Pattu:KalaRajeevan&KalaSreejith,Chenda:KalaRamannamb",,,archive2010-4q.asp
30-12-10,Nalacharitham Part-2,"Kalkshethra, (Adayar, Chennai)","Chennai,",Tamilnadu,India,"Sri. Kalamandalam Gopi, Sri.Margi Vijayakumar, Sri. Sadanam Balakrishnan, Sri. Kalamandalam Krishnakumar Etc.",,C.Ambujakshan Nair,archive2010-4q.asp
30-12-10,kalakeya vadham,paramekkavu temple,thrissur,Kerala,India,kalamandalam soman,thrissur kathakali club,sasidharan,archive2010-4q.asp
30-12-10,Dhuruyodhanavadham,Panagadu Temple,Ernakulam,Kerala,India,"Dhuruyodhanan - Kotta. Chandrasekhara Warrier, Dushasanan - Ramachandran Unnithan, Darmaputhrar - Sadhanam Vijayan, Sakuni - R.L.V. Gopi, Panchali - RLV Radhakrishnan, Sreekrishnan - FACT Padhmanabhan",Panagadu Temple,Krishnan,archive2010-4q.asp
29-12-10,KATHAKALI LECTURE DEMONSTRATION,"GURU GOPINATH NADANA GRAAMAM, VATTIYOORKAVU, 10 A.M",THIRUVANANTHAPURAM,Kerala,India,KATHAKALI LECTURE DEMONSTRATION BY ARTIST - SRI. ETTUMANOOR P. KANNAN,0471-2364771 (NADANA GRAAMAM CONTACT NO),VN,archive2010-4q.asp
29-12-10,Kalyanaswagandhigam,Vakkel Temple,Kottayam,Kerala,India,"Bhiman (1) - Kalakshethra Suchithra suresh, Panchali - Kalakshethra Anjana, Hanuman - Kalakshethra Sreeja Soman, Bhiman (2) - Kalashethra Agninandha, Pattu - Kottakkal P D Namboothiri, Kala Rajesh Bab","Kerala Kalakshethra , Amballoor",Krishnan,archive2010-4q.asp
29-12-10,Kalyana Saugandhikam,Vaikom,Kottayam,Kerala,India,"Youth program, Pattu: Kottakkal P.D. Namboothiri, Kala. Rajesh Babu, Chenda: Kalanilayam Ratheesh, Maddalam: Kottakkal Hari",,Balu,archive2010-4q.asp
29-12-10,ARJUNA VISHADA VRUT-THAM,Pakalkkuri -Kala Bharathi - MKK Nayar Anusmaranam,Trivandrum,Kerala,India,"Jayadrathan; Sri: Madavoor Vasudevan Nair : Arjunan: Sri: Kottakkal Chandrasekhran, Dussala: Kala: Rajasekharan, Sree Krishnan : Kottakkal Sudheer: pattu: Kottakkal Madhu & Kala: Rajeev Chenda: Kal: K",Kalabharathi,Rajasekhar.P.Vaikom,archive2010-4q.asp
28-12-10,Nalacheritham 4,"Sree Karthika Thirunal Theatre, East fort, Thiruvananthapuram, 6:00 pm",Thiruvananthapuram,Kerala,India,"Kala. Gopi, Margi Vijayakumar, Kala. Mukundan, Pattu: Pathiyoor Shankarankutty, Kala. Vinod, Chenda: Kala. Krishnadas, Maddalam: Margi Ratnakaran",Drisyavedi,Hari,archive2010-4q.asp
28-12-10,Nalacheritham 4,"Sree Karthika Thirunal Theatre, East fort, Thiruvananthapuram, 6:00 pm",Thiruvananthapuram,Kerala,India,"Kala. Gopi, Margi Vijayakumar, Kala. Mukundan, Pattu: Pathiyoor Shankarankutty, Kala. Vinod, Chenda: Kala. Krishnadas, Maddalam: Margi Ratnakaran",,Hari,archive2010-4q.asp
28-12-10,KATHAKALI LECTURE DEMONSTRATION,"GURU GOPINATH NADANA GRAMAM, VATTIYOORKAVU, 10. AM",THIRUVANANTHAPURAM,Kerala,India,KATHAKALI LECTURE DEMONSTRATION BY ARTIST - SRI ETTUMANOOR P. KANNAN,0471-2364771 (GURU GOPINATNADANA GRAMAM CONTACTNO),VN,archive2010-4q.asp
27-12-10,Lavanasuravadham (Mannanum Mannathiyum Muthal),Anavathil Temple,Ernakulam,Kerala,India,"Mannan - Kott. Devadas, Mannathi - R.L.V. Gopi , Hanuman - Jayakumar, Seetha - Sadhanam Vijayan, Kusan - RLV Raghu, Lavan - Vivek Pattu - Kala. Gopalakrishnan, Kala. Rajesh Babu, Chenda - Kala. Vijaya",Anavathil Temple Devasam Committee,Krishnan,archive2010-4q.asp
27-12-10,Nalacheritham 3,"Sree Karthika Thirunal Theatre, East fort, Thiruvananthapuram, 6:00 pm",Thiruvananthapuram,Kerala,India,"Kala. Gopi, Margi Balasubramanian, Kala. Hari R. Nair, Kala. Sreekumar, Margi Ravindranath, Margi Harivalsan, Pattu: Kala. Babu Namboothiri, Kala. Harish, Chenda: Kala. Krishnadas, Maddalam: Kala. Ach",Drisyavedi,Hari,archive2010-4q.asp
26-12-10,Nalacheritham 2 second part,"Sree Karthika Thirunal Theatre, East fort, Thiruvananthapuram, 6:00 pm",Thiruvananthapuram,Kerala,India,"Ettumanoor Kannan, Kala. Vijayakumar, Kalanilayam Vinod, Kottakkal Ravikumar, Pattu: Kottakkal Madhu, Kalanilayam Rajeev, Chenda: Sadanam Ramakrishnan, Maddalam: Kalanilayam Manoj",,Hari,archive2010-4q.asp
26-12-10,Nalacheritham 2 second part,"Sree Karthika Thirunal Theatre, East fort, Thiruvananthapuram, 6:00 pm",Thiruvananthapuram,Kerala,India,"Ettumanoor Kannan, Kala. Vijayakumar, Kalanilayam Vinod, Kottakkal Ravikumar, Pattu: Kottakkal Madhu, Kalanilayam Rajeev, Chenda: Sadanam Ramakrishnan, Maddalam: Kalanilayam Manoj",Drisyavedi,Hari,archive2010-4q.asp
26-12-10,NALACHARITHAM 2nd Part (Kattalan onwards),"Theerthapada Mandapam, East Fort. 6 p.m",Thiruvananthapuram,Kerala,India,Kattalan - Ettumanoor P. Kannan Damayanti - Chambakara Vijayan Singers - Kottakkal Madhu,DRISYAVEDI,Ettumanoor P. Kannan,archive2010-4q.asp
25-12-10,Santhanagopalam kathakali,Ennakkattu kottaram 8 pm,Alappuzha,Kerala,India,"FACT Jayadeva Varma, Kala Keshavan Nampoothiri, Kala Revindranatha Pai, Varanasi Madhu, Kalavedi Suresh, Parimanam Madhu, Kidangoor Rajesh, Margi N Nampoothiri, Chingoli Purushothaman. Kaliyogam: Sree",FACT Jayadeva Varma,Mr & Mrs Deelip Varma,archive2010-4q.asp
25-12-10,Karna Shapadam,Mathoor Sri Bhagavathy Temple Nedumudy at 6.30 PM,Alapuzha,Kerala,India,"Padmasri Kala. Gopi, Mathoor Govindankutty, Margi Vijayan,Kala.Ramachandran Unnithan, Kala. Hari R Nair , Pathiyur Sankarankutty, Kala.Babu Nampoothiri, Kala. Krishnadas, Kala. Achutha Warrier. Kalani",Sandersan Kaliyogam.,Balu,archive2010-4q.asp
25-12-10,Nalacheritham 2,Trivandrum,Thiruvananthapuram,Kerala,India,"Nala: Kala. Balasubramanian, Damayanthi: RLV Radhakrishnan, etc",,Hari,archive2010-4q.asp
25-12-10,Nalacheritham 2,"Sree Karthika Thirunal Theatre, East fort, Thiruvananthapuram, 6:00 pm",Thiruvananthapuram,Kerala,India,"Kala. Krishnakumar, Kala. Balasubramanian, Nelliyod Vasudevan Namboothiri, RLV Radhakrishnan, Kala. Myannad Rajeev, Margi Suresh, Pattu: Palanad Divakaran, Kala. Sajeev, Chenda: Kuroor Vasudevan Nambo",,Hari,archive2010-4q.asp
25-12-10,Nalacharitham Onnam divasam,Priyadarshini Hall triprayar (near temple) 7.30 pm,thrissur,Kerala,India,PSV Naatya sangam Kottakkal major set,"Kalimandalam triprayar,9744923625",Sadu Engoor,archive2010-4q.asp
25-12-10,"devayaani charitham. vadakkan rajasooyam, kiratham.","Mannukkavu temple, karunagappally.",kollam,Kerala,India,"Kachan:Injakkattu ramachandrapilla. Devayani: chavara parukkutty. Sukran:Kala ravikumar. \ Jarasandhan:Kala Ramachandran Unnithan. Paattu:Kala vinod, Rajeevan,Ajesh .Chenda:Sivadas, Murali.Maddalam:Ac",,Harisankar s v,archive2010-4q.asp
25-12-10,Karna Shapadam,"Mathur Bhagavathy Temple, Nedumudi, Alappuzha",Alleppey,Kerala,India,"Karna: Kalamandalam Gopi, Kunthi: Mathoor Govindankutty, Duryodhana: Kalamandalam Ramachandran Unnithan, Dussassana: Kalamandalam Hari R. Nair, Bhanumathi: Margi Vijayakumar, Pattu: Pathiyoor Shankara",,Hari,archive2010-4q.asp
25-12-10,Karnashapatham,"Mathoor Bhagavathi Temple,Nedumudi-6.30 Pm to 9.30 Pm",Alappuzha,Kerala,India,"Karnan-Kala.Gopi,Kunthi-Mathoor Govindan Kutty,Duriyodhanan-Kala.Ramachandran Unnithan,Bhanumathi-Margi Vijaya Kumar,Dushasanan-Kala.Hari.R.Nair,Music-Pathiyoor Sankaran Kutty,Kala.Babu Namboothiri,Ch",Mathoor Kalari-09886212266,Deepu Jayan,archive2010-4q.asp
25-12-10,Mutiyan aaya puthran (story from Bible),Pathanamthitta Kathakali club,Pathanamthitta,Kerala,India,"Artists performing : Ettumanoor P. Kannan, FACT Mohanan etc.",Pathanamthitta Kathakali club - Ph:9496950979,Anil,archive2010-4q.asp
25-12-10,Nalacharitham Onnam Divassam & Abhijnana Sakunthalam (Koodiyattam),"Priyadarshini Hall, Triprayar, 1.30 pm to 11pm",Thrissur,Kerala,India,"1.30pm Camp (Koodiyatam-kadhakali demo);5.00pm Kalimandalam puraskaram to Madambi Subramanian;5.30pm Koodiyatam:Skunthalam- Sakunthala:Kapila,Mukkuvan:Venuji,Suraj,Rajaneesh,Ranjith.. 7.30 Kadhakali:O",Kalimandalam triprayar-9744923625,Sadu Engoor,archive2010-4q.asp
24-12-10,Solo Stree Vesham Margam with Naraka Sura Vadham Lalitha as the highlight,"Padatik, 7 pm",Calcutta,West Bengal,India,presenting solo stree vesham genus of Kathakali as devised under the able guidance of Guru Srio FACT Padmanabhan,"Padatik,. Calcutta",Prabal Gupta,archive2010-4q.asp
24-12-10,Nalacheritham 1,"Sree Karthika Thirunal Theatre, East fort, Thiruvananthapuram, 6:00 pm",Thiruvananthapuram,Kerala,India,"Inchakkad Ramachandran Pillai, Kala. Shanmugan, Oyoor Ratheesh, Margi Ravindranath, Kala. Vipin, Pattu: Kala. Jayaprakash, Kala. Ajesh Prabhakar, Chenda: Ayamkudi Unnikrishnan, Maddalam: Margi Ratnaka",Drisyavedi,Hari,archive2010-4q.asp
24-12-10,Nalacharitha Mela from 24th December to 28th December 2010 as part of Kerala Natyolsavam of Drisyavedi,"Theerthamandapam, East Fort, Trivandrum 6 p.m. Nalacharitham Day 1",Trivandrum,Kerala,India,"Nalan-Inchakat Ramachandran Pillai, Naradan-Margi Ravindran Pillai,Hamsam-Kala: Ratheesan,Damayanthi-Kala:Shanmkukhan,Maids-Kala:Vipin, Prijith Music:Kala:Jayaprakash,Ajesh, Chenda-Margi Unnikrishnan,","Drisyavedi, Trivandrum",Radhakrishnan Kanjingad,archive2010-4q.asp
24-12-10,Nalacheritham 2,Thrissur,Thrissur,Kerala,India,"Kala. Krishnakumar, Kala. Gopi, Margi Vijayakumar, Pattu: Pathiyoor Shankarankutty, Kala. Babu Namboothiri, Kala. Vinod, Chenda: Kala. Unnikrishnan, Maddalam: Kottakkal Ravi",,Balu,archive2010-4q.asp
24-12-10,"NALACHARITHAM 1st Part, Ravanodbhavam",Thiruvalla 5 P.M,Pathanamthitta,Kerala,India,"Melappadam (Mattannur Shankarankutty, Mattannur Sreeraj and Cherppulasseri Sivan), Nalan-Ettumanoor P. Kannan, Hamsam-Sadanam Bhasi, Utbhavam Ravanan-Kala. Soman, Singer- Nedumpully Rammohan, Chenda-K",Renuka Varma 08891799964,Ettumanoor P. Kannan,archive2010-4q.asp
22-12-10,KUCHELAVRITHAM,,Kannur,Kerala,India,"Krishnan-Ettumanoor P. Kannan, Kuchelan-PariyanampattaDivakaran Singers Kottakkal Madhu, Rammohan, Chenda-Sadanam Ramakrishnan, Maddalam-Hariharan. Venue- Kannur.",Renuka Varma. Ph: 8891799964.,Vivek,archive2010-4q.asp
22-12-10,nalacharitham onnam divasam,sree narayanapuram sreekrishna kshetram - 6.30 pm,thrissur,Kerala,India,"nalan - gopi assan, hamsam- neeliyode, damayanthi- kala sivadas, naradan/thozhi-kala arun varier, paatu- klm unnikrishnan, chenda-kuroor vasudevan, maddalam- klm vasu, chutti- klm saji, chamayam- eroo","exe. officer, sreekrishna swamy kshetram",sadu engoor,archive2010-4q.asp
22-12-10,Kiratham,Keezhoor Temple,Kottayam,Kerala,India,"Arjunan - Kala. Prasanth, Kattalan - R.L.V Gopi, Kattalasthri - R.L.V. Sunil pallippuram, Pattu - FACT Jayaprasad, Chenda - Kalanilayam Ratheesh, Madhalam - Kala Haridas",Keezhoor Devasam,Krishnan,archive2010-4q.asp
21-12-10,KARNASAPADHAM,"KAITHALI MAHADEVA TEMPLE Mele Pattambi, PATTAMBI 7 pm",Palakkad,Kerala,India,"KARNAN:PADMASREE KALA.GOPI,KUNTHI:Margi Vijaykumar, DURYODHANA:Kala.Krishnakumar BHANUMATHY:Kala.Sucheedra Nath,DUSSSASANAN:Kala.Hari R Nair, SANGEETHAM: Kala.Babu Namboodiri,Kala.Vinod, CHENDA: Kala.",Kaithali Temple Thirruvathira Maholsava,Ranjith SKM,archive2010-4q.asp
21-12-10,KARNASAPADHAM,7PM KAITHALI TEMPLE PATTAMBI,PALAKKAD,Kerala,India,VEESHAM KALAGOPI MARGIVIJAYKUMAR KALAKRISHNAKUMAR HARI R NAIR SUCCHINDRANATHAN PATTU KALABABUNAMBOODIRI KALAVINOD CHENDA KALAUNNIKRISHNAN MADDALAMKALARAJANARAYANAN CHUTTI SIVARAMAN KOPPU APPUNNITHARAK,THIRUVATHIRA MAHOTSAVAM,Adv KTKrishnadas,archive2010-4q.asp
20-12-10,"Karna Shapadam, Gurudakshina",near the Malakkara snake boat just after Chakkadapadi junction,Pattanamthitta,Kerala,India,"Kala. Gopi, Margi Vijayakumar, Kala. Krishnaprasad, Kottakkal Devadas, Madhu Varanasi, Thonnakkal Peethambaran, Kalanilayam Gopalakrishnan, Mathoor Govindankutty, Kudamaloor Muralikrishnan, Kalanilaya",Jaya & FACT Mohan,Jaya,archive2010-4q.asp
20-12-10,"Poothana Mooksham, Sita Swayamvaram",Ernakulam,Ernakulam,Kerala,India,"Pattu: Kottakkal P.D. Namboothiri, etc",,Balu,archive2010-4q.asp
20-12-10,"Poothanamoksham, Seethaswayamvaram",Thirumarayikulam Temple,Ernakulam,Kerala,India,"Poothana - Kala. Vijayan, Parasuraman - R.L.V. Gopi, Sreeraman - Kalanilayam Bijoy, Dhasharadhan - Kala. Radhakrishnan, Seetha - Kalakshethra Srinandhini, Laxshmanan - Kalakshethra Gopikrishnan, Pattu","Kerala Kalakshethra , Amballoor",Krishnan,archive2010-4q.asp
19-12-10,Santhana Gopalam,Palakkad,Palakkad,Kerala,India,"Brahmana: Kala. Kesavan Namboothiri, Brahmana patni: Vellinezhi Haridas, Arjuna: Kala. K.G. Vasudevan, Krishna: Kala. Kalluvazhi Vasu, etc",,Hari,archive2010-4q.asp
19-12-10,NALACHARITHAM-1,"KARTHYAYANI TEMPLE,ATTUR- 29 KM FROM THRISSUR,THRISSUR- CHELAKKARA ROUTE, 10 PM",THRISSUR,Kerala,India,"10pm Kala. Gopi(Nala), Arun warrier(Narada), M P S Namboothiri(Hamsam), Shanmughan(Dhamayanthi), Suchindranath(Thozhi-1), Pradeep(Thozhi-2 & Purappad) Ramesh(Purappad) . Pattu- Babu Namboothiri, Rammo","Festival Organisers. 9947071125, 9947142569",Krishnadas K R,archive2010-4q.asp
18-12-10,Jayadratha Charitham (Written by Vinod Warrier),"Kalanilayam, Irinjalakuda. 5:30 PM",Thrissur,Kerala,India,"Arjjunan-Kalm.Shanmughan, Panchali-Kalm.Vijayakumar, Kattalan-Kala.VinodKumar, Jayadrathan-Kala.Gopi, Kotikaasyan-Pariyanampetta Divaakaran, Brahmanan,Sivan-Kala.Sandeep Samgeetham-Kala.Rajeev, Kalm.S","Kathakali Club, Irinjalakuda",Vinod Warrier,archive2010-4q.asp
18-12-10,Julius caesar(Charudatham),"M.D.Ramanathan hall, palakkad",Palakkad,Kerala,India,Charudatham is an adaptation of Julius Caesar.It appeared in Many stages including in Kalakshetra last month.It is being performed under the banner of Gandhi Seva sadanam Kathakali Academy.I am privil,Palakkad Kathakali trust.,sadanam.k.harikumaran,archive2010-4q.asp
18-12-10,Julius caesar(Charudatham),"M.D.Ramanathan hall, palakkad",palakkad,Kerala,India,"Charudatham is an adaptation of Julius Caesar.Sadanam harikumaran, Narippatta narayanan nambutiri, Kalanilayam Balakrishnan etc are the main performers.It is performed under the banner of Gandhi Seva ",Palakkad Kathakali trust,sadanam.k.harikumaran,archive2010-4q.asp
18-12-10,Santhana Gopalam,Kottayam,Kottayam,Kerala,India,"Kala. Kesavan Namboothiri, etc",,Hari,archive2010-4q.asp
17-12-10,Solo Stree Vesham Margam with Naraka Sura Vadham Lalitha as the highlight,"Smriti nandan , 7 pm",Bangalore,Karnataka,India,"will be performing solo stree vesham genus of Kathakali as devised under the able guidance of Guru SRI FACT Padmanabhan alonmg with my research paper presentation of "" The Art of Kathakali - Then and ","Natyalakshana, Smriti nandan",Prabal Gupta,archive2010-4q.asp
16-12-10,Lavanasura Vadham,"Nelluvay Temple, 6.30 PM",Thrissur,Kerala,India,"Nelluvay Temple - 6:30 PM Lavanasuravadham(Jaya Gopi-Seetha, Jayanthy-kushan, Dr.Rajeev-Lavan, Kaln. Gopi-Hanumaan) Kiraatham (Vinod Warrier-Arjjunan, Kalm. Balasubrahmanian-Kattalan, Kaln.Vinod Kumar",Nelluvay Termple,Vinod Warrier,archive2010-4q.asp
16-12-10,Rugmini Swayamvaram,Trikkayil Sreekrishna Temple Edappally 7 PM,Ernakulam,Kerala,India,"Kal Vijayakumar (Rugmini); Ettumanoor P Kannan (Sundara Brahmanan); Kal Shanmughan (Sree Krishnan); Kal Jayaprakash, Kaln Rajeevan (music); Kaln Ratheesh(chenda); Kaln Manoj(Maddalam); Error Manoj(Chu",Renjith R 9447161980,Renjith R Ernakulam,archive2010-4q.asp
15-12-10,Nalacheritham 1,Guruvayoor,Thrissur,Kerala,India,"Kala. Gopi, Margi Vijayakumar,Sadanam Krishnankutty(Hamsam) Pattu: Pathiyoor Shankarankutty, Kala. Babu Namboothiri, Chenda: Kala. Unnikrishnan, Maddalam: Kottakkal Ravi",,Balu,archive2010-4q.asp
15-12-10,ganapathiprathal(by kqalarcode Narayanan Nair),"Melpathur auditorium, Guruvayur",Thrissur,Kerala,India,"Kal Ramachandran unnithan- Ganapathy, Kal Sreekumar-Vaisravanan, Kal Ravikumar- Sivan, Kal Anil- Parvathy & Rama. Pattu- Pathiyur sankaran kutty, Kal Sajeevan, Kalanilayam Babu. Chenda- Kuroor vasudev",Kal Ramachandran Unnithan(Vazhipadu),"Kalarcode Murali, Alleppey",archive2010-4q.asp
14-12-10,Nizhal Kuttu,Trivandrum,Thiruvananthapuram,Kerala,India,"RLV Radhakrishnan, etc",,Hari,archive2010-4q.asp
13-12-10,Kiratham,Pandalam,Pattanamthitta,Kerala,India,"Kattalan: Kala. Kesavan Namboothiri, Kattalastree: Kalanilayam Ravindranatha Pai, Arjuna: Kala. Krishnaprasad, Pattu: Kala. Surendran, Kalavedi Suresh, Chenda: Kala. Venu, Maddalam: Kalanilayam Omanak",,Hari,archive2010-4q.asp
12-12-10,KALYANASAUGANDHIKAM,"Srirangam Hall, Kottayam. Time 6 p.m",Kottayam,Kerala,India,Bhiman- Ettumanoor P. Kannan and other artists,9446432850,Vivek,archive2010-4q.asp
12-12-10,Nalacharitham Onnam Divasam,"Asramom Sreekrishna Swami Temple,near Chinnakada,Kollam,7P.M",Kollam,Kerala,India,"First Birth Anniversary of baby Navaneeth,Son of Gowrishankar&Priya Parthasarathy. Padmasree Kal.Gopi-Nalan,Sadanam Krishnankutty-Hamsam,Mayyanad Kesevan Namboothiri-Naradan,Kal.Rajasekharan-Damayanth",Parthasarathy-9446815272,"suresh.v,kollam",archive2010-4q.asp
12-12-10,Nalacheritham 1,Asramom SriKrishna Swamy Temple and starts at 7:00 PM,Kollam,Kerala,India,"Padmasri Kala. Gopi, Margi Vijayakumar, Sadanam Krishnankutty, Pattu: Pathiyoor Shankarankutty, Kottakkal Madhu, Kala. Sajeev, Chenda: Kala. Krishnadas, Ayamkudi Unnikrishnan, Maddalam: Kala. Shankara","Navnith Krishna, s/o Gourishankar Krishnamurthy",Balu,archive2010-4q.asp
11-12-10,Solo Stree Vesham Margam with Naraka Sura Vadham Lalitha as the highlight,Bhaskar Rao Indoor Auditorium 6.30 pm,Haryana,Chandigarh,India,"Performing for 159th Baithak of the prestigious Pracheen Kala Kendra at Chandigarh, performing solo stree vesham margam as deviksed under the able guidance of Guru Sri FACT Padmanabhan.","Pracheen kala Kendra, Chandigarh",Prabal Gupta,archive2010-4q.asp
11-12-10,Poothanamoksham(Lalitha); Subhadraharanam(Balabadrar & Krishna),Sreekrishna Temple Natakasala Ambalapuzha 6.30 PM Monthly Performance,Alappuzha,Kerala,India,"Kal Vijayakumar(Lalitha); Kal Shanmughan(Balabhadrar); Kalan Vinod(Sree Krishna); Pathiyoor Sankarankutty, Kal Jayaprakash(Music); Kal Sreekanth, Kaln Ratheesh(chenda); Kaln Manoj(Maddalam); Kal Sukum",Sandarsan Kathakali Vidyalayam 9447161980,Renjith R Ernakulam,archive2010-4q.asp
09-12-10,Daksha Yagam,Thripunithura Temple,Ernakulam,Kerala,India,"Nelliyod Vasudevan Namboothiri, RLV Sasikumar, Shankara Narayanan, Dr. Narayanan Namboothiri, Sadanam Vijayan, Pattu: Kala. N.N. Kollathapalli, Kala. Sudheesh, Kala. Sreejith, Chenda: Sadanam Divkaran",,Padmanabhan,archive2010-4q.asp
09-12-10,Daksha Yagam,Thripunithura Utsavam,Ernakulam,Kerala,India,"Nelliyod Vasudevan Namboothiri, RLV Sasikumar, Pattu: Kala. N.N. Kollathapalli, Kala. Sudheesh, Chenda: Sadanam Divkaran, Gopikrishnan Thampuran, Maddalam: Damodharan, Kala. Sreekumar",,Balu,archive2010-4q.asp
08-12-10,Harishchandra Cheritham,Thripunithura Temple,Ernakulam,Kerala,India,"Thonnakkal Peethambaran, Kala. Ramachandran Unnithan, RLV Radhakrishnan, FACT Padmanabhan, RLV Damodharan, Pattu: Kalanilayam Unnikrishnan, Kalanilayam Rajeev, Kalanilayam Babu, Chenda: Kala. Raman Na",,Padmanabhan,archive2010-4q.asp
08-12-10,Harishchandra Cheritham,Thripunithura Pooranthrayeesha Temple,Ernakulam,Kerala,India,"Kala. Ramachandran Unnithan, RLV Radhakrishnan, etc",,Hari,archive2010-4q.asp
08-12-10,Harishchandra Cheritham,Thripunithura Utsavam,Ernakulam,Kerala,India,"Thonnakkal Peethambaran, Kala. Ramachandran Unnithan, RLV Radhakrishnan, Pattu: Kala. Unnikrishnan, Kalanilayam Rajeev, Chenda: Kala. Raman Namboothiri, Maddalam: Kalanilayam Manoj",,Balu,archive2010-4q.asp
07-12-10,"Rugmangada Cheritham, Duryodhana Vadham",Thripunithura Utsavam,Ernakulam,Kerala,India,Ladies troupe,,Balu,archive2010-4q.asp
07-12-10,"Rugmangada Cheritham, Duryodhana Vadham",Thripunithura Temple,Ernakulam,Kerala,India,Ladies troupe,,Padmanabhan,archive2010-4q.asp
07-12-10,santhanagopalam,"Sreekrishna swamy temple, Thiruvampady, Alleppey",Alleppey,Kerala,India,"Bramanan- Kal Ramachandran unnithan, Krishna- kal Shanmugan, Arjuna- Kal Sreekumar, Bramanasthree- Muralidharan Nampoothiri, Pattu- Pathiyur sankaran kutty, kal sajeevan, Chenda- Kuroor, Maddalam- Kal",Alleppey district kathakali club,"Kalarcode Murali, Alleppey",archive2010-4q.asp
06-12-10,Santhana Gopalam,Kannur,Kannur,Kerala,India,"Kala. Kesavan Namboothiri, etc",,Hari,archive2010-4q.asp
06-12-10,"Kuchella Vrittam, Thorana Yudham",Thripunithura Temple,Ernakulam,Kerala,India,"Kala. Gopi, Kala. Krishnakumar, Kala. Balasubramanian, Nelliyod Vasudevan Namboothiri, Kala. Shanmugan, Pattu: Kottakkal Madhu, Kala. Babu Namboothiri, Kala. Rajesh Babu, Chenda: Kala. Krishnadas, Kal",,Padmanabhan,archive2010-4q.asp
06-12-10,"Kuchella Vrittam, Thorana Yudham",Thripunithura Utsavam,Ernakulam,Kerala,India,"Kala. Krishnakumar, Sadanam Krishnankutty, Nelliyod Vasudevan Namboothiri, Kala. Gopi, Pattu: Kottakkal Madhu, Kala. Babu Namboothiri, Chenda: Kala. Krishnadas, Kala. Unnikrishnan, Maddalam: Kottakkal",,Balu,archive2010-4q.asp
06-12-10,kuchelavritham,tripoonithura temple,,Kerala,India,kala Gopi NELLIYOD Pathiyoor Babu KalaUnnikrishnan kottakalRavi,,hari,archive2010-4q.asp
05-12-10,"Kalyanasaugandhikam, Nalacharitham II(Kattalan-Damayanthi), Duryodhanavadham","Olappamanna Mana,Vellivezhi. PadmashreeKeezhpadam Kumaran Nair SmruthiVandanam",Palakkad,Kerala,India,"Ka KG VasudevanNair(Kattalan),Ka Kuttan (Bheeman), Ka Vazhengada Vijayan Nair(hanuman),Pariyanampatta(Dussasanan),Ka Soman(RaudraBheeman), Sa Manikantan, Ka Narayanankutty, Ka Kannabra Rajesh, Sa Sada","SamgeethaNatakaAcademy,Yuvadhara Club & Vayanasala",dr Vellinezhi Achuthan Kutty,archive2010-4q.asp
05-12-10,Karna Shapadam,Ernakulam Kathakali club,Ernakulam,Kerala,India,"Chenda: Kala. Raman Namboothiri, etc",,Hari,archive2010-4q.asp
05-12-10,"Rukmini Swayamvaram, Bali Vijayam",Thripunithura Temple,Ernakulam,Kerala,India,"Kala. Kesavan Namboothiri, Kala. Sreekumar, RLV Damodharan, RLV Rajashekaran, Pattu: Palanad Divakaran, Kala. Vinod, Kala. Vasudevan, Chenda: Kottakkal Prasad, etc",,Padmanabhan,archive2010-4q.asp
05-12-10,"Rukmini Swayamvaram, Bali Vijayam",Thripunithura Utsavam,Ernakulam,Kerala,India,"Kala. Balasubramanian, Kala. Sreekumar, etc Pattu: Palanad Divakaran, Chenda: Kottakkal Prasad",,Balu,archive2010-4q.asp
05-12-10,KARNASAPADHAM,"BHARATHIYA VIDYA BHAVAN HALL, TIME 6 P.M,",ERNAKULAM,Kerala,India,"Karnan- Ettumanoor P. Kannan, Kunti-Sri Mathur Govindankutti, Duryodhanan- Kalamandalam Shanmukhan, Bhanumati-Kalamandalam Vijayan, Dussasanan- Hari R Nair. Organised by Eranakulam club. Venue-Bharath",Ernakulam Kathakali Club,Vivek,archive2010-4q.asp
05-12-10,Duryodhanavadham,"Sama Ayyappan Temple, Baroda",Baroda,Gujarat,India,"Vesham- Sada. Harikumar, Kalani. Balakrishnan, Sada. Sreenath, Sada. Krishnada, Chenda- Sada. Gopalakrishnan Maddalam- Sada. Rajagopal. Pattu- Sada.sIVADAS, sADA. jYOTHISH bABU",P Srinivasan and Team,VK Satheesan Unni,archive2010-4q.asp
04-12-10,Nizhal Kuthu,Thripunithura Utsavam,Ernakulam,Kerala,India,"Madavoor Vasudevan Nair, Talavadi Aravindan, Chengarapally Anujan, Manthavadhi - R L V Gopi etc, Chenda: Kala. Raman Namboothiri, Maddalam: Kala. Gopikuttan",,Balu,archive2010-4q.asp
04-12-10,Nizhal Kuttu,Thripunithura Temple,Ernakulam,Kerala,India,"Madavoor Vasudevan Nair, Talavadi Aravindan, Chengarapally Anujan, Kala. Vijayan, RLV Gopi, Pattu: Kala. Gopalakrishnan, Kala. Sajeev, Kala. Rajesh Babu, Chenda: Kala. Raman Namboothiri, Kala. Radhakr",,Padmanabhan,archive2010-4q.asp
04-12-10,Rugmangatha Charitham & Ulbhavam,"HRH Princess Haya Bint Hussein Theatre, GEMS Wellington School",,Dubai,UAE,"Vesham: Padma Shri Kalamandalam Gopi, Sadanam Krishnan Kutty, Kalanilayam Gopi, Margi Vijayakumar, Kalamandalam Mukundan & artistes from UAE Pattu: Kala Babu Nampoothiri, Kala Vinod, & Kalanilayam Raj",Thiranottam,Ramachandran,archive2010-4q.asp
04-12-10,Manikandhacharitam Part 1,"Ayyappan Temple , Pandesara, Surat",Surat,Gujarat,India,"Sadanam Harikumar, Kalanilayam Balakrishnan, Sadanam Krishnadas, Sada. Jothish Babu, Sada.Sreenath,Sada. Gopalakrishnan, Sada. Rajagopalan","Arangu, Surat",VKS Unni,archive2010-4q.asp
04-12-10,Narakasura Vadham - Lalitha,"Music Academy, Mini Auditorium, Sai Nrityautsava, Chennai",CHENNAI,Tamil Nadu,India,Prabal Gupta - Senior disciple of Guru Sri FACT Padmanabhan presenting his choreography - Narakasura Vadham Lalitha,SAI Nritya Utsava,Prabal Gupta,archive2010-4q.asp
03-12-10,Nalacharitham Moonnam Divasam (Nalan's part only) & Lavanasura Vadham,"HRH Princess Haya Bint Hussein Theatre, GEMS Wellington School",,Dubai,UAE,"Vesham: Padma Shri Kalamandalam Gopi, Sadanam Krishnan Kutty, Kalanilayam Gopi, Margi Vijayakumar, Kalamandalam Mukundan & artistes from UAE Pattu: Kala Babu Nampoothiri, Kala Vinod, & Kalanilayam Raj",Thiranottam,Ramachandran,archive2010-4q.asp
03-12-10,"Santhana Gopalam, Ravana Udbhavam",Thripunithura Temple,Ernakulam,Kerala,India,"FACT Padmanabhan, Kottakkal Chandrashekara Warrier, Kottakkal Kesavan, Pattu: Kottakkal Narayanan, Kala. Harish, Kala. RamMohan, Chenda: Kala. Kesava Poduval, Kottakkal Prasad, Maddalam: Kala. Shankar",,Padmanabhan,archive2010-4q.asp
03-12-10,"Santhana Gopalam, Ravana Udbhavam",Thripunithura Utsavam,Ernakulam,Kerala,India,"FACT Padmanabhan, Kottakkal Chandrashekara Warrier, Kottakkal Kesavan, etc, Pattu: Kottakkal Narayanan, etc, Maddalam: Kala. Shankara Warrier",,Balu,archive2010-4q.asp
03-12-10,Santanagopalam,"Ayyappan Temple, Ankleswar",Baruch,Gujarat,India,"Vesham -Sadanam Harikumar, Kalanilayam Balakrishnan, Sadanam Sreenath Chenda- Sadanam Gopalakrishnan Maddalam- Sadanam Rajagopalan Pattu- Sada. Rajagopal, Sada. Jyothish Babu",Ankleswar Ayyappan Temple Committe,VK Satheesan Unni,archive2010-4q.asp
02-12-10,Nalacharitham Onnam Divasam,"HRH Princess Haya Bint Hussein Theatre, GEMS Wellington School",,Dubai,UAE,"Vesham: Padma Shri Kalamandalam Gopi, Sadanam Krishnan Kutty, Kalanilayam Gopi, Margi Vijayakumar, Kalamandalam Mukundan & artistes from UAE Pattu: Kala Babu Nampoothiri, Kala Vinod, & Kalanilayam Raj",Thiranottam,Ramachandran,archive2010-4q.asp
01-12-10,"Santhana Gopalam, Deshamukha Ravana",near the Malakkara snake boat just after Chakkadapadi junction,Pattanamthitta,Kerala,India,"Krishna: Kala. Kesavan Namboothiri, Arjuna: Kala. Sreekumar, Brahmana: Kala. Vasu Pisharody, Brahmana patni: Kala. Ganeshan, Deshamukha Ravana: Kala. Soman, Pattu: Kala. Harish, Kala. Ajesh Prabhakar,",,Hari,archive2010-4q.asp
30-11-10,Duryodhana Vadham,Ernakulam,Ernakulam,Kerala,India,"RLV Radhakrishnan, etc",,Hari,archive2010-4q.asp
28-11-10,KALAMANDALAM UNNIKRISHNA KURUP ANUSMARANAM,"MODEL ENGLISH SCHOOL ,DOMBIVILI (E),MUMBAI",THANE,MAHARASHTRA,India,"SPEECH BY RAMESH THAMBURAN & PALANAD DIVAKARAN, KACHERI - PALANAD DIVAKARAN, KALAMANDALAM GIREESHAN& NEDUMBULLY RAMMOHAN. MAIN KATCHERI -PALANAD DEEPA& MEERA NEDUMBULLY","BHERI, +91 9821863144",suhas godan,archive2010-4q.asp
28-11-10,"Seethaswayamvaram, Balivadham","Truppilikkal Temple, Vadakkan Vellinezhi 2100hrs",Palakkad,Kerala,India,"Parasu:Ka BalasubrahmanianMargi,Sreeram:Ka NarayananKutty, Baali:Kot Devadas,Sugreev:Ka Hari RNair,Sreeram:Sa Manikantan. Pattu:Ka Sreekumar,Vellinezhi Achuthankutty,Puralippuram Lakshmanan Nambuthiri","Devaswam Utsavacommittee-9495707651,0466 2285362",dr Vellinezhi Achuthan Kutty,archive2010-4q.asp
26-11-10,"Nalacharitham Onnaam divasam, Daksha Yaagam",Vaikom Mahadeva Temple- Ashtami Festival,Kottayam,Kerala,India,R L V GOPI; KALA: BALASUBRAMANIYAN,Devaswam,Rajasekhar.P.Vaikom,archive2010-4q.asp
26-11-10,"Nalacharitham (Onnam Divasam), Narakasuravadham",Vaikam Sree Maha Deva Temple,Kottayam,Kerala,India,"Nalan - Kala. Balasubramanyam, Hamsam - R.L.V. GOPI , Dhamayanthi - Kala. Vijayan, Naradhan - Biju Bhasker, Pattu - Pathiyoor Sankaran Kutty, Kala. Sudheesh, Kala. Rajesh Babu, etc.",Vaikam Devasom,Krishnan,archive2010-4q.asp
25-11-10,Poothanamoksham with Kari,"ECA, Indira Nagar",Bangalore,Karnataka,India,Saritha Varma - Sthree vesham - Poothana Guruvayoor Sreekumar - Paattu Cheruthazham Achuthananda Marar - Chenda Cherpulasseri Haridas - Madhalam Anil Kumar - Edacka,,Anil Kumar,archive2010-4q.asp
25-11-10,"Santhana Gopalam, Prahalada Cheritham",Sri Vallabha Kshetram Thiruvalla 9:30 pm,Pattanamthitta,Kerala,India,"Brahmin: Kala. Kesavan Namboothiri, Krishna: Cheriyankeer Murugan, Arjuna: FACT Mohan, Brahmin wife: Kalanilayam Madhavan Namboothiri, Hiranyakashipu: Kalanilayam Vinod, Shukran: Kalanilayam Karunakar",,Hari,archive2010-4q.asp
25-11-10,"Purappad, Melappadam, ARJUNA VISHADA VRUTHTHAM,KIRATHAM","Mahadeva Temple, VAIKOM",Kottayam,Kerala,India,Kottakkal Natyasangham plus Kalamandalm Sankara Varrier & Cheria Kurur Vasudevan Namboothiri,Devaswam,Raju Vaikom,archive2010-4q.asp
24-11-10,"SANTHAANA GOPALAM,,,RAAVANA VIJAYAM,,,KIRAATHAM","Sree Nalppathenneswaram Mahadevar Temple,Panavally ,Cherthala 9.00pm",Alappuzha,Kerala,India,"KOTTAKKAL PSV NATYASANGHAM.. Vesham : Kottakkal (Chandrasekhara Varrier,Keshavan Kundlayar, Vasudevan Kundlayar, Haridasan, Devdas, Sudheer, RajuMohan, Unnikrishnan, Hareeshwaran, Muralikrishnan, Hari","Girish Kumar,Sabitha Girish,Thaliyidthu,panavally",AmaLRaaJ.R.9745620041,archive2010-4q.asp
24-11-10,"garudagarvabhangam, written by Kalarcode Narayanan Nair","Manjuthara, East of Kalarcode Mahadeva temple,Kalarcode",Alleppey,Kerala,India,"Krishna- Kal Sreekumar, Rugmini- Kal shanmugan, Satyabhama- Muralikrishnan, Narada- Govindan kutty, Hanuman- Tvla Harikumar, Garudan- Ettumanoor Kannan Pattu- Pathiyur sankaran kutty, Kal sajeevan, Ch",Alleppey district kathakali club,"Kalarcode Murali, Alleppey",archive2010-4q.asp
24-11-10,GARUDAGARVABHANGAM,Kalarcode 6 P.M,Alleppey,Kerala,India,Ettumanoor P. Kannan Other artists names will soon be updated,Murali. 09443137212,Ettumanoor P. Kannan,archive2010-4q.asp
22-11-10,"Vishnumaya Charitham, Lavanasuravadham (Hanuman)","Thriprayar Temple, 7 PM",Thrissur,Kerala,India,"Krishnan - Kalanilayam Raghavan, Nandi - Vinod Warrier, Vishnumaya - Kalanilayam Gopinathan, Hanuman - Kalanilayam Gopi, Kushan - Kalanilayam Vinod Kumar, Lavan - Kalanilayam Manoj and other artists f",Thriprayar Temple,Vinod Warrier,archive2010-4q.asp
22-11-10,KUCHELAVRITHAM THORANAYUDHAM,NAKERI MANA MANCHIRA ROAD GURUVAUR,TRICHUR,Kerala,India,VESHAM NELLIODEVASUDEVANNAMBUDIRI SADANAMKRISHNANKUTTY KOTTAKKALCHANDRASEKHARAWARIER KALLUVAZHYVASU PARIANMPATTADIVAKARAN KALABALASUBRAMANIAN KALAMANDALAMSIVADASAN PATTU KALANILAYMUNNIKRISHNAN NEDUPIL,NAKERY KESAVAVANNAMBUDIRI SMARAKAM,NAKERIMANA GURUVAYUR,archive2010-4q.asp
21-11-10,Banna Yudham,Palakkad,Palakkad,Kerala,India,"Chithra Lekha: RLV Radhakrishnan, Usha: Kala. Vijayakumar, etc",,Harietc,archive2010-4q.asp
21-11-10,Bali Vadham,"Ammathiruvadi Kshetram, Urakam, 7 PM",Thrissur,Kerala,India,"Kavungal Divakara Panikkar(Sugreevan), Kala.Harinarayanan(Sreeraman), Nelliyode Vasudevan Namboodiri(Bali), Kala. Hareesh(Pattu), Kala.Varanasi Narayanan Namboodiri, Kala. Balasundaran(Chenda), Kala. ","Trikarthika Aghosha Committee, Murali 9847708744",Nandakumar,archive2010-4q.asp
20-11-10,KALAMANDALAM NEELAKANDTAN NAMBEESHAN ANUSMARANAM,"Kerala Kalamandalam Koothambalam, Cheruthuruthy",Thrissur,Kerala,India,10am:INAUGURATION by Smt.Vasanthy Menon. MEMORIAL SPEECH by Sree Killimangalam Vasudevan Namboothiripad.11am:Senior disciples remembering the Kalari of Nambeeshanaashaan followed by SAMGEETHAARCHANA.4,NAMBEESHAN ANUSMARANASAMITHI 9495 169884,"M.K.ANIYAN , Irinjalakuda",archive2010-4q.asp
20-11-10,"subhadraharanam,rajasooyam,kiratham",thiruvannur nada,kozhikode,Kerala,India,Arjunan ktk chandrasekharan balabharan sdn krishnankutty jarasandan nelliyod sisupalan ktkesavan kattalan ktk devadas pattu ktk narayanan ktk madhu vengari narayanan chenda ktk prasada ktk vijaragavan,Narnyatkavu utsavacommitty Thodayam KathakaliYogam,sreekumarnedungadi,archive2010-4q.asp
19-11-10,DURYODHANAVADHAM,"Sree Subrahmaniaswaamy Kshethram , Kuzhur ----- 6.30pm",Thrissur,Kerala,India,"Duryodhanan:Klm.Sreekumar,Dussaasanan:Nelliyode Vasudevan Namboothiri, Dharmaputhrar:Kln.Manoj,Kuttibheeman:Kln.Sandeep,Paanchaali:Klm.Vijayakumar, Shakuni:E.K.Vinod Warrier,Sreekrishnan:Kln.Gopalakri",Utsavaaghosham. 09495 333046 ( Anil P.Menon ),"M.K.ANIYAN, Irinjalakuda",archive2010-4q.asp
19-11-10,"KUCHELAVRITHAM,,SREE RAMA PATTABHISHEKAM,,KIRAATHAM","SREE NAALPPATHENNEESWARAM MAHADEVAR TEMPLE,PANAVALLY",ALAPPUZHA,Kerala,India,"KOTTAKKAL PSV NATYASANGHAM Vesham : Kottakkal (Chandrasekhara Varrier,Keshavan Kundlayar, Vasudevan Kundlayar, Haridasan, Devdas, Sudheer, RajuMohan, Unnikrishnan, Hareeshwaran, Muralikrishnan, Hariku","DR.A.P,SASI,GAYATHRIMANDIRAM,PANAVALLY","AMALRAAJ.R.,9745620041",archive2010-4q.asp
19-11-10,"Purappad,Kalakeyavadham(up to sorgavarnana), Karnavadham","Udayanapuram sree Subrahmanyasvami Temple,Udayanapuram,Vaikom",Kottayam,Kerala,India,"Indran&Arjunan(in karnavadham)-Sadanam Vijayan,Mathali&Salyar-Sadanam Krishnadas,Arjunan(in kalakeyavadham)-Kalani:Krishnan,Indrani,Kunthi&Pathmavathi-FACT Bijubhaskar,Sreekerishnan-R.L.V.Gopi,Karnan-","Kerala Kathakali Center,Fortcochi","Mani,Vathukkodam",archive2010-4q.asp
18-11-10,"Nalacharitham-III,Nalacharitham-IV","Kumaranalloor Devi Temple,Kottayam",Kottayam,Kerala,India,"Nalan(in nala-III)-Kala:Prasanth,Karkodakan-Panamittam Soman,Bahukan(in Nala-III)-Kala:Balasubrahmanayan,Rithuparnan-Kala:Murali,Jeevalan-Thiruvanchoor Subash,Vashneyan-Kalakendram:Rahul,Damayanthi(in","SArgakshethra,Mevelloor","Mani,Vathukkodam",archive2010-4q.asp
17-11-10,Dhuryodhana Vadham (Major Set Kathakali),"Pallithrikkovil, Sree Durga Bhagavathy Temple, Ponnurunni",Ernakulam,Kerala,India,"Kalamandalam Sreekumar, Kalamandalam Hari R Nair, Kalamandalam Vijayan, Kalamandalam Rajeevan, FACT Biju Bhaskar, RLV Pramod, Kalanilayam Vinod, Kalamandalam Shanmughan, Kalanilayam Manoj ....etc","09387486332, 09809853737",Balakrishnan R,archive2010-4q.asp
17-11-10,"Purappadu,Nalacharitham-I,Nalacharitham-II","Kumaranalloor Devi Temple,Kottayam",Kottayam,Kerala,India,"Nalan(in nala-I)-Kala:Balasubrahmanayan,Naradan-Kotta:Appu Namboothiri,Hamsam-Kalani:Rakhavan,Damayandhi(in nala-I)-Kalani:Gopalakrishanan,Thozi-Kalakendram:Hareesh,Thozi-Kalakendram:Muraledharan Namb","Sargakshethra,Mevelloor","Mani,Vathukkodam",archive2010-4q.asp
17-11-10,Mohini Vijayam,"Sree Krishna Swamy Temple, South Chittoor Ernakulam- 8:00 PM",Ernakulam,Kerala,India,"Bhasmasuran: Kal: Ramakrishnan, Mohini: Margi Vijaya Kumar, Nadikeswaran: Kalanilayam.Gopinathan, Sree Parameswaran: Chengarappally Anujan, Sree Parvathy: Kal:Haridas, Urvasi: Sadanam Vijayan , Vishnu",Ekadasi Festival at South Chittoor,Rajasekhar.P.Vaikom,archive2010-4q.asp
17-11-10,Duryodhanavaadham,"Pallithrikovil Bhagavathy Temple, Ponnurunni Vytilla 6.30 PM",Ernakulam,Kerala,India,"Kal Sreekumar(Duryodhanan); Kal Hari R Nair(Dussashanan);FACT Biju(Dharmaputhrar); RLV Pramod(Kutti Bhiman, Mumukshu);Kal Vijayakumar(Panchali);Kaln Vinod(Sakuni, Dhridarashtrar) Kal Rajeevan(Sree Kri",Renjith R 9447161980,Renjith R Ernakulam,archive2010-4q.asp
15-11-10,Kuchella Vrittam,Panavali Temple,Ernakulam,Kerala,India,"Krishna: RLV Radhakrishnan, Kuchella: RLV Rajashekaran",,Hari,archive2010-4q.asp
13-11-10,Lavanasura vadham,"ERnakulathappan Hall, Ernakulam 6 PM",Ernakulam,Kerala,India,"Hanuman- Madavur Vasudevan Nair, Seetha- Mathur Govindankutty, Kushan- FACT Biju Baskar, Lavan- Kala Pramod, Patt- Palanadu Divakaran, Sadanam Sivadas, Chenda- Varanasi Narayanan Namboodiri, Maddalam-",Ernakulam Kathakali Club & Kshetra Samathi,Srikumar,archive2010-4q.asp
13-11-10,Nalacharitham 4th Day(Sankaran Embrandiri Anusmaranam),"Changampuzha Park, Edapally 5.30 PM",Ernakulam,Kerala,India,Kal Sankaran Embrandiri Anusmaranam - Award to Kal Hareesh Nalacharitham 4th Day - Peesapilli Rajeevan(Damayanthi); Kal Sucheendran(Kesini); Sadanam Balakrishnan(Bahukan); Kottakal Madhu; Nedumpilli R,Edapally Kathakali Aswadaka Sadas,Renjith R 9447161980,archive2010-4q.asp
13-11-10,PURASKAARASANDHYA,"Kerala Samgeethanataka Academy Naatyagriham , Thrissur 5pm",Thrissur,Kerala,India,Presentation of Kalamandalam Padmanabhan Nair Smaraka Kathakali Puraskaaram to Kalamandalam Soman by Smt.Kalamandalam Sathyabhama. Kalamandalam Padmanabhan Nair Smaraka Prabhaashanam:Dr.Sunil P.Ilayit,"VEDIKA , Thrissur 9249 800700","M.K.ANIYAN , Irinjalakuda",archive2010-4q.asp
13-11-10,Nalacharitam 1st day,"Ammannur Gurukulam,Irinjalakuda",Thrissur,Kerala,India,"Nalan-Kala Pradeep,Naradan-Kalanilayam Madhumohanan,Hamsam-CK Vinod Warrier,Dhamayanthi-Kala Arun Warrier,Sakhimar - Kalamandalam Kashinathan , Kalamadalam Arun Remesh , Pattu- Kala Babu Nambbori, Kal",Marraige Function of Ammannur Rajanessh Chakyar,Kalamndalam Ravikumar,archive2010-4q.asp
13-11-10,Nalacharitham 1,"Ammannur Gurukulam, Irinjalakuda",Thrissur,Kerala,India,"Nalan-Kalm.Pradeep, Naradan-Kala.Madhu Mohan, Hamsam-Vinod Warrier, Damayanthi-Kalm.Arun Warrier Pattu-Kalm.Vinod, Chenda-Kalm.Hareesh, Maddhalam-Kala.Prakasan",Ammannur Rajaneesh Chakyar,Vinod Warrier,archive2010-4q.asp
13-11-10,Prahaladacharitham,"Panchayathu Community Hall, Chennithala. 18.30 Hrs(6 .30 PM)","Alappuzha, Mavelikara",Kerala,India,"Sri. Kalamandalam Krishnaprasad (Hiranyan), Madhu Varanasi (Prahaladan), kalanilayam Raveendranatha Pye (Sukran), Kalamandalam Balakrishnan (Narasimham). Vocal: Sri.Thiruvalla Gopikuttan Nair & Sri.Pa",sri.Chennithala Chellappan Pilla smaraka samithi,C.Ambujakshan Nair,archive2010-4q.asp
11-11-10,kATHAKALI DEMONSTRATION,"NATIONAL SCHOOL OF DRAMA, BHAGVANDAS ROAD-Delhi 10 am to 11.30 am",New Delhi,DELHI,India,Ettumanoor P. Kannan and National School of Drama students.,National School of Drama (NSD),Ettumanoor P. Kannan,archive2010-4q.asp
11-11-10,Devayani Cheritham,Wariyat,,Kerala,India,"RLV Radhakrishnan, etc",,Hari,archive2010-4q.asp
09-11-10,"Nalacheritham 4, Utharaswayamvaram","Swayamvaram Auditorium, Kudamaloor",Kottayam,Kerala,India,soon...,Sapthathi Agosham of Mathoor Govindankutty,Jaya,archive2010-4q.asp
09-11-10,"Nalacheritham 4, Narakasura Vadham, Prahalada Cheritham","Kerala Kalamandalam, Cheruthuruthi",Thrissur,Kerala,India,"Bahuka: Kala. Balasubramanian, Damayanthi: Kala. Kalluvazhi Vasu, Narakasura: Kottakkal Nandakumar Nair, Hiranyakashipu: Kala. Ravikumar, Narasimha: Kala. Hari R. Nair, Pattu: Kala. P.G. Radhakrishnan",,Balu,archive2010-4q.asp
07-11-10,Karna Shapadham,"Kalikotta Palace, Thripunithura. 5.30 PM.",Ernakulam,Kerala,India,"Mali Karnasapatham Award 2010 - Award Ceremony on 7th November 2010 at 5.30 p.m. at Kalikotta Palace, Thripunithura. Mali Foundation will bestow the Mali Karnasapatham Award 2010 on well known Kathaka",Tripunithura Kathakali Kendram,"Biju Anand, North Paravur",archive2010-4q.asp
06-11-10,"SANTHANA GOPALAM, RAVANAVIJAYAM, KIRAATHAM","SRI.Nalppathenneswaram Mahadevar kshethram,panavally.9.00pm",Alappuzha,Kerala,India,"Kalamandalam Kesavan Namboothiri,kalamandalam sreekumar,R.L.V radhakrishnan,kalanilayam rajasekharan,kalamandalam bhagyanath,F.A.C.T bijubhaskar,rlv sunil,pallippuram sunikumar,kalamandalam pramod,kal",sri naalppathenneswarathappan kadhakali sangham.,Amalraj.R. 9745620041,archive2010-4q.asp
06-11-10,Kuchella Vrittam,Patheeragakav,,Kerala,India,"Pariyanampatta Divkaran, Kala. Pradeep, Vellinezhi Haridas, Pattu: Palanad Divakaran, Panayoor Kuttan, Chenda: Kala. Balasundaran, Maddalam: Kala. Raj Narayanan",,Hari,archive2010-4q.asp
05-11-10,BALI VADHAM SAMPURNAM,"AMBALAPUZHA TEMPLE VAYANASALA, 6 PM ONWARDS",ALLAPPY,Kerala,India,"KALA KESAVADEV, KALA VASUPISHARADI, KOTTAKAL HARIDAS, ETC.,",JAYA KUMAR 09922507880,RAMESH,archive2010-4q.asp
05-11-10,BALIVADHAM (from RAVANAN),"Natakasala Ambalapuzha Sree Krishna Swamy Temple, 6.30PM",ALAPPUZHA,Kerala,India,"Ravanan I-KALAMANDALAM VASU PISHARODY,Bali- KALAMANDALAM KESAVADEV, Sugrivan- KOTTAKKAL DEVADAS,Ravanan II- KAL:MUKUNDAN, Jadayu- KAL:HARI.R.NAIR, Raman- KAL:SHANMUKHAN, Marichan- KAL:VINOD, Lakshmana","9952478915, 9922507880",Jayakrishnan Adiyodi,archive2010-4q.asp
05-11-10,BALIVADHAM (From Ravanan Marichan),"Natakasala Ambalapuzha Sree Krishna Swamy Temple , 6.00 PM",Alappuzha,Kerala,India,"Ravanan I-KALAMANDALAM VASU PISHARODY,Bali- KALAMANDALAM KESAVADEV, Sugrivan- KOTTAKKAL DEVADAS,Ravanan II- KAL:MUKUNDAN, Jadayu- KAL:HARI.R.NAIR, Raman- KAL:SHANMUKHAN, Marichan- KAL:VINOD, Lakshmana","Karath Kathakali Aswadakar, 9922507880,9995198940,",Jayakrishnan Adiyodi,archive2010-4q.asp
01-11-10,"Devayaneecharitham, Balivijayam, Kiratham","kalarcode sree mahadeva temple, Kalarcode at 8.00 pm",alleppey,Kerala,India,"Kal Vasupizharati, Kot Chandrasekhara warrier, Kal Balasubramanyan, margi Vijayakumar, Mathur Govindan kutty, Kot Devadas, Kal Sreekumar, Kal Shanmugan, Muralidharan Nampoothiri. Pattu- Pathiyur Sanka",alleppey district kathakali club,kalarcodemurali,archive2010-4q.asp
01-11-10,Rambhapraveesam,"K R L ,Kochi.6.30pm.",Ernakulam.,Kerala,India,"Ravanan:Kala:Sreekumar,Rambha:Chembakkara Vijayan,Paatu:Kala:Babu Namboothiri,Kla:Vinod.Chenda:GopikrishnanThampuran,Maddalam:Kla:Manog,Kaliyoogam EroorSura&Party.......",K R L LTD .KOCHI.,,archive2010-4q.asp
31-10-10,Subhadraharanan (Balabhadran & Sreekrishnan),"Changampuzha Park, Edapally 6.30 PM",,Kerala,India,"Sadanam Ramankutty (Balabhadrar); Kalan Balakrishnan(sreekrishnan);Kal Narayanan Nambeesan, Kal Vasudevan (Music) ; Sadanam Ramakrishnan (chenda) Error Sasi (aniyara)",Edapally Kathakali Aswadaka Sadas,Renjith R 9447161980,archive2010-4q.asp
31-10-10,"nalacharitam-4, Duryodhana vadham sampoornam","kalarcode sree mahadeva temple, kalarcode, 9.00 pm",alleppey,Kerala,India,"Kal Vasupizharati, Kottackal Chandrasekhara warrier, Kal Balasubramanyan, Margi vijayakumar, Mathur Govindan kutty, Kottackal Devadas, Kal Sreekumar, Kal Shanmugan, Muralidharan Nampoothiri. Pattu- Pa",Alleppey district Kathakali Club,kalarcodemurali,archive2010-4q.asp
30-10-10,"Poothanamoksham (Margi Vijayan), Utharaswayamvaram sampoornam","Mannarsala Nagaraja temple, Harippad, 10 pm",alleppey,Kerala,India,"Sadanam Krishnankutty, Kot Chandrasekhara warrier, Mathur Govindan kutty, Margi Vijayakumar, Kot Devadas, Krishnaprasad, Muralikrishnan, Pattu- Kal Unnikrishnan, Pathiyur Sankaran Kutty, Kal Sajeevan,",Mannarsala temple,kalarcodemurali,archive2010-4q.asp
29-10-10,"Karna Shapadam, Gitopadesham, Bali Vadham",Alleppey,Alleppey,Kerala,India,"Karna: Kala. Balasubramanaian, Duryodhana: FACT Mohan, Dussassana: Talavadi Aravindan, Kunthi: Mathoor Govindankutty, Bhanumathi: Madhu Varanasi, Krishna: FACT Padmnabhan, Arjuna: Kala. Prasanth, Bali",,Balu,archive2010-4q.asp
28-10-10,"Nalacheritham 3, Nalacheritham 4",Alleppey,Alleppey,Kerala,India,"Nala: Kottakkal Kesavan, Karkodakan: Kottakkal Sudheer, Bahuka: Kottakkal Chandrashekara Warrier, Sudeva: Kala. Kesavan Namboothiri, Damayanthi: Kottakkal Vasudevan, Rithuparna: Kottakkal Unnikrishnan",,Balu,archive2010-4q.asp
27-10-10,Keechaka Vadham,Alleppey,Alleppey,Kerala,India,"FACT Mohan, Kudamaloor Muralikrishnan, etc, Pattu: Kala. Balachandran, Kala. Harish, Chenda: Kalabharathi Peethambaran, Maddalam: Thiruvalla Radhakrishnan",,Balu,archive2010-4q.asp
27-10-10,"Nalacheritham 1, Nalacheritham 2",Alleppey,Alleppey,Kerala,India,"Nala: Kala. Vasu Pishaordy, Hamsa: Madavoor Vasudevan Nair, Damayanthi: RLV Radhakrishnan, Nala: Kala. Balasubramanian, Damayanthi: Margi Vijayakumar, Pushkara: FACT Mohan, Kali: Kottakkal Devadas, Dw",,Balu,archive2010-4q.asp
26-10-10,"Santhana Gopalam, Bali Vijayam, Prahalada Cheritham",Alleppey,Alleppey,Kerala,India,"Brahmana: Kala. Vasu Pisharody, Brahmana patni: Kala. Ganesh, Krishna: Kala. Balasubramanian, Arjuna: Kottakkal Chandrashekara Warrier, Bali: Kavumkal Divakara Paniker, Ravana: Kottakkal Nandakumar Na",,Balu,archive2010-4q.asp
26-10-10,"Purapad, Melapadam, Thorana Yudham",Kalamandalam,Thrissur,Kerala,India,"Hanuman: Kala. MPS Namboothiri, Ravana: Kala. Vazhenkada Vijayan, Sita: Kala. Shanmugan, Pattu: Kala. Gangadharan, Kala. P.G. Radhakrishnan, Kala. Devakumara Varma, Kala. Vinod, Chenda: Ayamkudi Unnik",,Balu,archive2010-4q.asp
25-10-10,"Kalyana Saugandhikam, Kiratham",Kalamandalam,Thrissur,Kerala,India,"Hanuman: Kala. MPS Namboothiri, Bheema: Kala. Vazhenkada Vijayan, Panchali: Kala. Suchindran, Kattalan: Kala. Ravikumar, Kattalastree: Kala. Suchindran, Arjuna: Kala. Shanmugan, Pattu: Kala. Gangadhar",,Balu,archive2010-4q.asp
25-10-10,Nalacheritham 4,Sri Vallabha Kshetram Thiruvalla,Pattanamthitta,Kerala,India,"Bahuka: Kala. Vasu Pisharody, Damayanthi: Mathoor Govindankutty, Kesini: Kudamaloor Muralikrishnan, Pattu: Pathiyoor Shankarankutty, Kalanilayam Rajeev, Chenda: Kuroor Vasudevan Namboothiri, Maddalam:",,Balu,archive2010-4q.asp
24-10-10,Karna Shapadam,"Sree Karthika Thirunal Theatre, East fort, Thiruvananthapuram, 6:00 pm",Thiruvananthapuram,Kerala,India,"Karna: Sadanam Krishnankutty, Kunthi: Mathoor Govindankutty, Duryodhana: Kalamandalam Krishnaprasad, Dussassana: Kalamandalam Balakrishnan, Pattu: Kalanilayam Rajeev, Kalamandalam Sudheesh, Chenda: Ay",Drisyavedi,Hari,archive2010-4q.asp
24-10-10,Kirmira Vadham,"Sastha Auditorium, Statue Jn., Tripunithura , 6 PM",Ernakulam,Kerala,India,"Sardulan-Kal.Narayanankutty,Arjunan-RLV Raghu,Simhika-Kal.Ramdas,Lalitha-Kalluvazhi Vasu,Panchali-Ratheesh,Sahadevan-RLV Raghu,Pattu-Kot.Madhu,Kal.Rajesh Menon,Chenda-Porur Kuttan,Madalam-Kal.Raj Nara",Tripunithura Kathakali Kendram,"Biju Anand, North Paravur",archive2010-4q.asp
19-10-10,KALAKEYAVADHAM ( Urvashi ),"Bhagavathy Auditorium , Kongaad 6pm",Palakkad,Kerala,India,"Urvashi:Haripriya Namboothiri,Sakhi:Klm.Sucheendranathan,Arjunan:Klm.Arun Warrier. SAMGEETHAM:Ktl.Madhu,Netumpally Ram Mohan. CHENDA:Sdn.Ramakrishnan. MADDALAM:Klm.Hariharan.",Vinu Vasudevan 9388 118885,"M.K.ANIYAN ,Irinjalakuda",archive2010-4q.asp
18-10-10,Duryodhanavadham.,"Gayathri Kalyanamandapam,Calicut.",Calicut.,Kerala,India,"Duryodhanan~Kala~Soman,Dussasanan~Kottakkal~Devadas~Dharmaputhrar~RenukaRevivarma,Panjali~Kala~Sucheendran,Raudrabheeman~Kala~Mukundan.Paattu-Kottakkal~Madhu,Kala~RajeevMenon-Chenda~GopikrishnanThampu","Navarasam,Calicut.",Renuka Revivarma.,archive2010-4q.asp
17-10-10,Rugminiswayamvaram,"Kalanilayam, Irinjalakuda. 7 PM",Thrissur,Kerala,India,"Rugmini-Kala.Aravindan, Brahmanan-Vinod Warrier, Krishnan-Kala.Sandeep",Kalanilayam,Vinod Warrier,archive2010-4q.asp
17-10-10,kuchelavritham,vendar nearkottarakara,kollam,Kerala,India,Nelliyode Vasudevannambhoothiri Kala.Ramachandran Kala.vijayakrishnan Patte pathiyoorSankarankutty MeladamNarayanannambhoothiri ChendaMargivenu Maddalam KalaKochukuttan etc..,,SHYAM,archive2010-4q.asp
17-10-10,KUCHELAVRITHAM,NHANGHATTIRI TEMPLE PATTAMBI 7PM,PALAKKAD,Kerala,India,PARIANAMPATTA DIVAKARAN KALA PRADEEP VELLINEZHI HARIDAS NEDUMPILLY RAMMOHAN,NHANGATTIRY DEWASWAM 04662313461,V P UNNIKRISHNAN,archive2010-4q.asp
16-10-10,KIRATHAM,Pattanamthitta Town Hall 6PM,Pathanamthitta,Kerala,India,"Kala Surendran, Kala Kesavan Namboodiri, Kala Prashanth, Kala Jayadeva Varma",Mudra Performing Arts,Srikumar,archive2010-4q.asp
16-10-10,"Purappad, Seethaswayamvaram","Kodungallur, 7 PM",Thrissur,Kerala,India,"Parasuraman - Kalanilayam Gopi, Sreeraman - Kalanilayam Raghavan",,Vinod Warrier,archive2010-4q.asp
16-10-10,"Poothanamoksham, Kiratham","Aravakad Shiva Temple,Ambalappara 1830hrs",Palakkad,Kerala,India,"Lalitha:Dr CP Unnikrishnan,Arjun:Sa Manikantan,Kattalan:Kottakkal Nandakumaran Nair,Katalastre:Sa Sreenath. Vocal: Vellinezhi Achuthan kutty, Puralippuram Lakshmanan Nambuthiri. Chenda: Sa Ramakrishna",Kavungal Subrahmanian Nambuthiripad- 0466-224117,dr Vellinezhi Achuthan Kutty,archive2010-4q.asp
16-10-10,Nalacheritham 4,"Vigjana pradayani vayanasala Auditorium, Pazhaveedunad, nearThiruvampady school",Alleppey,Kerala,India,"Kala. Balasubramanian, Kalamandalam Rajasekharan, etc",Vayanasala and Alleppey district Kathakali Club,Balu,archive2010-4q.asp
16-10-10,nalacharitam-4th day,"vijana pradayani vayanasala, pazhaveedu, alleppey at 7.00 pm",alleppey,Kerala,India,"kal Balasubrammanyan-bahuka, kal Rajasekharan- Damayanthi, Mathur Muralikrishnan- Kesini, Pattu- Pathiyur Sankaran kutty, Kal Rajeevan. Chenda- Kalanilayam Unnikrishnan. Maddalam- Kal Achuta Warrier",Vigjana pradayani vayanasala & Kalarcode Narayanan,kalarcode murali,archive2010-4q.asp
15-10-10,Nalacharitham-IV,"T D M HALL,ERNAKULAM, 5pm",ERNAKULAM,Kerala,India,"BAHUGAN - KALA BALASUBRAHMANYAN, DAMAYANTHI- MARGI VIJAYAKUMAR, KESINI - KALA SUCHINDRAN, PATTU- KOTTAKL MADHU & KALA RAJESH BABU",ERNAKULAM KATHAKLI CLUB,"Mani,Vathukkodam",archive2010-4q.asp
15-10-10,"Purappad , Double Melappadam , Kuchelavritham","Painkulam Rama Chakyar Kalapeedam, Painkulam , Cheruthuruthy- 6 00 PM",Thrissur,Kerala,India,"Purappad- Kala Sucheendran Double Melappadam- Chenda- Kala Hareesh , Kala Venu Mohan Maddalam - Kala Venu , Kala Madhu Pattu- Kala Hareesh Namboodiri , Nedumbilly Ram Mohanan Kuchelavritham ( From Dan",9744904113,Hari Menon,archive2010-4q.asp
14-10-10,"DASAMUKHA RAVANAN (written & choreographed by kalamandalam vijayakrishnan, project director rajan poduval)","SPACE, CHANDRAMANDALA, 1 ELLIOT BEACH ROAD, BESANT NAGAR CHENNAI",CHENNAI,Tamil Nadu,India,"GURUSMARANADINAM - IN FOND MEMORY OF KALAMANDALAM KRISHNANKUTTY PODUVAL KALASAGAR FELICITATING LIVING LEGENDARY GURUS FOLLOWED BY KATHAKALI BY LEADING ARTISTS LIKE SADANAM BALAKRISHNAN, KALAMANDALAM V","KALASAGAR, KAVALAPPARA - 09283109995","RAJAN PODUVAL, KALASAGAR",archive2010-4q.asp
14-10-10,"Kacha Devayani, Bakka Vadham",Panachikaddu Temple 9:00 pm,Kottayam,Kerala,India,"Nelliyod Vasudevan Namboothiri, Kala. Hari R. Nair, Mathoor Govindankutty, Kala. Myannad Rajeev, Pishapally Rajeevan, Kala. Sajan, Kala. Gopakumar, Pattu: Pallam Madhavan, Palanad Divakaran, Kala. Ram",,Balu,archive2010-4q.asp
14-10-10,Dakshayagam,"Anandabhavanam,Pothankandam, NearCheemeni,Payyannoor. 8pm",Kannur,Kerala,India,"PSV Natyasangham, Kottakkal",Anandabhavanam,Dr.Pavithran,archive2010-4q.asp
14-10-10,"Dakshayagam by PSV Natyasanghom,Kottakkal","Aanandabhavanam,Potthankandam-Peringam-Near Payyanur",Kannur,Kerala,India,20th Annual Navaratri Fest Organised by Krishnananda Bharati.,Swami Krishnananda Bharati of Aanandabhavanam,Hari Kumar Chelli,archive2010-4q.asp
13-10-10,Kuchella Vrittam,Alleppey,Alleppey,Kerala,India,"Mathoor Govindankutty, Kalabharathi Harikumar, etc, Pattu: Kalanilayam Rajeev, etc",,Hari,archive2010-4q.asp
10-10-10,Rugmangada Charitham,TASS Hall Aluva 6 PM,Ernakulam,Kerala,India,"Peesampilly Rajeevan (Rugmangadan); Kal Vijayakumar(Mohini); FACT Biju (Brahmanan1, Sandyavali); R Renjith(Brahmanan2); RLV Pramod(Dharmangadan); RLV Sunil(Mahavishnu) Kalanailaym Rajeevan, Kalanilaya",Renjith R 9447161980,Renjith R Ernakulam,archive2010-4q.asp
09-10-10,"Santhana Gopalam, Narakasura Vadham",Irinjalakuda,Irinjalakuda,Kerala,India,"Sadanam Krishnankutty, Kala. Kesavan Namboothiri, etc, Chenda: Kala. Raman Namboothiri",,Balu,archive2010-4q.asp
09-10-10,Santhana Gopalam,Sri Vallabha Kshetram Thiruvalla,Pattanamthitta,Kerala,India,"Kottakkal Chandrashekara Warrier, Mathoor Govindankutty, Cheriyankeer Murugan, Madhu Varanasi, FACT Mohan, Kalabharathi Harikumar, Kudamaloor Muralikrishnan, Talavadi Aravindan, Thiruvalla Babu, Pattu",,Balu,archive2010-4q.asp
09-10-10,Krishnaleela,"Thelungu samuham hall,East nada,Vaikom-5pm",kottayam,Kerala,India,"Yasoda-Margi Vijayakumar,Devaki-Kala:chebakara Vijayakumar,Krishnan-Kala:Mukundan/ Pattu-Kala:babu Naboothiri,Kala:Hareesh/ Chenda-Kala:Sreekanth Varma/ Madalam-Kalani:Manoj/ Chutty-Kala:Sukumaran / A","Vikkathappan kathakaliclub,Vaikom","Mani,Vathukkodam",archive2010-4q.asp
09-10-10,KALAMANDALAM UNNIKRISHNAKKURUPPANUSMARANAM '' OCTOBER ONPATHU '',"Kalanilayam Hall, Irinjalakuda",Thrissur,Kerala,India,"9am:KATHAKALISAMGEETHAMALSARAM. after that SAMGEETHAARCHANA. 6pm:ANUSMARANASAMMELANAM. 8pm:KATHAKALI. Purappaatu:Kum.Aswathi Raghu,Kum.Kavya Pushpangadan. SANTHAANAGOPALAM. Sreekrishnan:Kln.Mahendran,","Kathakali Club,Irinjalakuda . 9249 800700","M.K.ANIYAN, Irinjalakuda",archive2010-4q.asp
09-10-10,"kishath philarmonic orchestra,Tripunithura.(Layavadyatharangam)","Changambuza Park,Edappally.",Ernakulam.,Kerala,India,"Violin,Flute,Mridangam,Thakil,Thimila,Kombu,TrippleDrum,Jass,Mizhavu,Chenda,Edakka,Maddalam,Thabala,Elathalam&Shankh.(Biju,Aji,Unni Keralavarma,Gopikrishnan Thampuran,Sreekumar,Satheesn,Sasikumar,Xavi",Changambuzha Janmasathabthi Aaghosham.,kishath.,archive2010-4q.asp
09-10-10,Padakacheri,SrikrishnaGanasabha MAVELIKARA,ALLEPPEY,Kerala,India,PATHIYOORSANKARANKUTTY Kala.Rajeshmenon VIOLINE PuthupallyDivakaran MridangamKummanamHarindranath,,SHYAM,archive2010-4q.asp
08-10-10,Poothana Mooksham,Sri Vallabha Kshetram Thiurvalla,Pattanamthitta,Kerala,India,"Poothana: Kalanilayam Gopalakrishnan, Pattu: Kala. Balachandran, Kalanilayam Sinu, Chenda: Kalabharathi Peethambaran, Maddalam: Kalabharathi Jayashankar",,Jaya,archive2010-4q.asp
07-10-10,Santhana Gopalam,Sri Vallabha Kshetram Thiurvalla,Pattanamthitta,Kerala,India,"Brahmana: Mathoor Govindankutty, Brahmana patni: Kalanilayam Madhavan Namboothiri, Arjuna: Thonnakkal Peethambaran, Krishna: Kudamaloor Muralikrishnan, Pattu: Kottakkal P.D. Namboothiri, Kala. Balacha",,Jaya,archive2010-4q.asp
06-10-10,"Kalayana Saugandhikam, Poothana Mooksham",Kottarakkara,Kollam,Kerala,India,"Bheema: Kala. Vazhenkada Vijayan, Hanuman: Kala. MPS Namboothiri, Panchali: Kala. Suchindran, Poothana: Kala. K.G. Vasudevan, Pattu: Kala. Gangadharan, Kala. P.G. Radhakrishnan, Kala. Devakumara Varma",,Babu,archive2010-4q.asp
05-10-10,Nalacharitham 1,Kottarakkara,Kollam,Kerala,India,"Nala: Kala. Vazhenkada Vijayan, Hamsa: Kala. MPS Namboothiri, Damayanthi: Kala. K.G. Vasudevan, Sakhi: Kala. Suchindran, Kala. Kasinath, Narada: Kala. Suchindran, Pattu: Kala. Gangadharan, Kala. P.G. ",,Babu,archive2010-4q.asp
05-10-10,"Nalacheritham 3, Nalacheritham 4",Sri Vallabha Kshetram Thiurvalla,Pattanamthitta,Kerala,India,"Nala: FACT Mohan, Karkodakan: Thiruvalla Babu, Bahuka: Thonnakkal Peethambaran, Varshneyan: Thiurvalla Sadashivan, Jivalan: Thiruvalla Harikumar, Sudeva: Mathoor Govindankutty, Damayanthi: Kudamaloor ",,Jaya,archive2010-4q.asp
04-10-10,Karna Shapadam,Payyanur,Kannur,Kerala,India,"Karna: Kala. Vazhenkada Vijayan, Duryodhana: Kala. Ravikumar, Dussasana: Kala. Neeraj, Bhanumathi: Kala. Suchindran, Kunthi: Kala. K.G. Vasudevan, Pattu: Kala. Gangadharan, Kala. P.G. Radhakrishnan, K",,Babu,archive2010-4q.asp
03-10-10,"Purapad, Melapadam, Nalacheritham 1, Kalyana Saugandhikam, Daksha Yagam","Sangeerthanam Auditoriyam, - 60 th Birthday of R L V GOPI",Ernakulam,Kerala,India,"Kottakkal Chandrashekara Warrier, Madavoor Vasudevan Nair, Kala. Balasubramanian, RLV Radhakrishnan, Kala. Mukundan, Sadanam Vijayan, Kottakkal Devadas, Kala. Pradeep, RLV Pramod, FACT Biju Bhaskar, R",,Balu,archive2010-4q.asp
03-10-10,Balivijayam,"Ayodhya Auditorium, Payyannur",Kannur,Kerala,India,"Kott.Kesavan:Ravanan,Kala.Hari.R.Nair:Naradan,KavungalDivakaraPanicker:Bali, Jishnu Ravi:Mandodari,Kala.Gopalakrishnan:Pattu, Kala.BalaSundaran:Chenda, Kala. Rajanarayanan:Maddhalam, Kala.Sivaraman:Ch",Payyannur Kathakaliarangu,Dr.Pavithran,archive2010-4q.asp
03-10-10,Nalacharitham 2 - Kattalan,"Sastha Kalyanamandapam, Tripunithura",Ernakulam,Kerala,India,"Kalamandalam Pradeep, Kottakkal Narayanan",Venmani Haridas Anusmarana Samithi,Ramu,archive2010-4q.asp
03-10-10,Melappadam,"Sangeerthanam Auditoriyam, - 60 th Birthday of R L V Gopiasan",Ernakulam,Kerala,India,"Pattu - Kottackal Madhu, Kalanilayam Rajeev Madhalam - Kala. Sankara warrier, Kalanilayam Omanakuttan Chenda - Kalamandalam Unnikrishnan, Panamanna Sasi",Kerala Kalakshethra,Krishnan,archive2010-4q.asp
03-10-10,"Nalacharitham (Onnam Divasam),","Sangeerthanam Auditoriyam, - 60 th Birthday of R L V Gopiasan",Ernakulam,Kerala,India,"Nalan - Kottackal Chandrasekhara Warrier, Hamsam - Madavoor Vasudevan, Dhamayanthi - R L V Radhakrishnan Pattu - Kala Babu Naboothiri, Kala Harish",Kerala Kalakshethra,Krishnan,archive2010-4q.asp
03-10-10,"Kalyanaswagandhigam, Dhakshayagam","Sangeerthanam Auditoriyam, - 60 th Birthday of R L V Gopiasan",Ernakulam,Kerala,India,"Bhiman-1 - Kalashethra Suchithra Suresh, Panchali - Kalakshethra Anjana, Hanuman - Sreeja Soman, Bhiman-2 - Kalashethra Agninandha Dhakshan - Kala Balasubramanyan, Sivan - Kala Mukundhan, Sathi - Sada",Kerala Kalakshethra,Krishnan,archive2010-4q.asp
03-10-10,9.00 AM on 03-10-2010 to 5.00 AM on 04-10-2010,"Sangeerthanam Auditoriyam, - 60 th Birthday of R L V GOPIASAN",Ernakulam,Kerala,India,"KELI, PIRANNAL SANDYA, ASTAPADHI, SANGEETHAKACHERI, KADHAKALI PADHAKKACHERI, HASYAKALAPRAKADANAM, SAMSKARIKA SAMMELANAM, AND MAJOR SET KATHALI",Kerala Kalakshethra,Krishnan,archive2010-4q.asp
02-10-10,KALAMANDALAM KALLUVAZHI VASU SHASHTIPOORTHIYAAGHOSHAM,"Bhagavathy Kalyaanamandapam , Kongadu",Palakkadu,Kerala,India,"2pm:SUHRUDSAMMELANAM.4.30pm:SAMAADARANASADASSU. 7.30pm: KATHAKALI. PAKUTHIPPURAPPATU:Sivadasan,.Mukundan,.Arun Warrier,.Sucheendran. NALACHARITHAM NAALAAMDIVASAM:.Chandrasekharan,Kalluvazhi Vasu,.Kesa",VELLINEZHI HARIDASAN 9745 649778,"M.K.ANIYAN , Irinjalakuda",archive2010-4q.asp
02-10-10,Ravana vijayam[rambha pravesam],Gayathri kalyana mandapam Tali 6PM,Kozhikode,Kerala,India,"Ravanan Kala Vasupisharody,Rambha Kala Rajasekharan,Dhoodan Kala Harinarayanan Pattu Ktk Madhu,Santhosh,Chenda Kala Balaraman,Madlam KTK Ravi Chutty Kala Sivaraman Aniyara Appunnitharakan&Party Koppu ",Thodayam Kathakali Yogam Calicut,Sreekumarnedungadi,archive2010-4q.asp
02-10-10,"Santhana Gopalam, Kiratham",Panavalli,,Kerala,India,"Kala. Kesavan Namboothiri, RLV Radhakrishnan, Kalanilayam Rajashekaran, etc",,Hari,archive2010-4q.asp
01-10-10,Kadhakali Workshop,"Creek Park, Dubai",,Dubai,UAE,"Peesapally Rajeev, Kalamandalam Jayaprakash and Kottakkal Vijayaraghavan",Thiranottam,Sreejesh,archive2010-4q.asp
01-10-10,Bali Vadham,Sri Vallabha Kshetram Thiurvalla,Pattanamthitta,Kerala,India,"Bali: Talavadi Aravindan, Sugreeva: Thiruvalla Babu, Rama: FACT Mohan, Sita: Kala. Arun, Lakshmana: Kala. Ullas, Angadan: Unni, Thara: Kala. Arun, Pattu: Kala. Balachandran, Kalanilayam Sinu, Mangalam",,Jaya,archive2010-4q.asp
01-10-10,Kuchella Vrittam,Kottarakkara,Kollam,Kerala,India,"Kuchella: Kala. MPS Namboothiri, Krishna: Kala. Shanmugan, Rukmini: Kala. Suchindran, Pattu: Kala. Gangadharan, Kala. P.G. Radhakrishnan, Kala. Devakumara Varma, Chenda: Ayamkudi Unnikrishnan, Maddala",,Babu,archive2010-4q.asp
01-10-10,Kiratham,Payyanur,Kannur,Kerala,India,"Kattalan: Kala. Vazhenkada Vijayan, Kattalastree: Kala. K.G. Vasudevan, Arjuna: Kala. Ravikumar, Shiva: Kala. Prasanth, Parvathi: Kala. Anilkumar, Pattu: Kala. Vinod, Kala. RamMohan, Chenda: Kottakkal",,Babu,archive2010-4q.asp
31-03-11,"Purappad,Nalacharithan 2divasam,Dakshayagam",Kottakkal Pooram(Not official),,Kerala,India,"Kottakkal Cahndrasekhara varier,Nelliyod Vasudevan Namboothiri,rajasekharan,Krishnakumar,Kottakkal Haridas,Sadanam balakrishnan,Kottakkal Deavadas Etc. Pathiyoor",,tutts,archive2011-1q.asp
30-03-11,"Kalakeya Vadham,raajasooyam",Kottakkal Pooram(Not official),,Kerala,India,"Kala.Gopiasan,Kal.Soman,Unnithan,Kottakkal Kesavan Etc. Pattu:Babu namboothiri,Kalanilayam rajeevan.etc Chenda:kala.unnikrishnan. maddalam:nambeesan",,TUTTS,archive2011-1q.asp
29-03-11,Duryodhanavadam,Chalakkudi Club,Trichur,Kerala,India,Rowdrabhiman (Ettumanoor P. Kannan) and other artists,Murali Master (9846261645),VN,archive2011-1q.asp
29-03-11,Nalacharitham Nalam Divasam (Nalacharitham 4th Day),Kongad Temple; 8.30 pm,Palakkad,Kerala,India,Kalamandalam Vasu Pisharody: Bahukan; Haripriya Namboothiri: Damayanthai; Kottakkal C.M. Unnikrishnan: Kesini. Vocal: Kottakkal Madhu & Sadanam Sivadas. Chenda: Sadanam Ramakrishnan. Maddalam: Kalaman,Temple Committee,Vinu Vasudevan,archive2011-1q.asp
28-03-11,Duryodhanavadham,Thrippurathu Temple. Moovattupuzha,Ernakulam,Kerala,India,Ettumanoor P. Kannan as 'Raudrabhiman',Kalanilayam Rajeevan 9446187275,VN,archive2011-1q.asp
27-03-11,Nalacheritham 2,"Gayatri Kalyanamandapam, Thali, Kozhikode",Kozhikode,Kerala,India,"Nala: Inchakaad Ramachandran Pillai, Kali: Nelliyod Vasudevan Namboothiri, Damayanthi: Kudamaloor Muralikrishnan, Pushkara: Kalabharathi Harikumar, Kattalan: Kala. Manoj, Indran: Kala. Arun Warrier, P",,Balu,archive2011-1q.asp
27-03-11,PRESENTATION OF VEERASHRUMKHALA TO MELAACHAARYAN KALANILAYAM KUNCHUNNI,"Kalanilayam Hall, Irinjalakuda,",Thrissur,Kerala,India,"9.30am:KELI:Mattannoor Sankarankutty Marar,Mattannoor Sreeraj,Ktl.Ravi, Sdn.Bharatharajan,Asiad Sasi.10.30:DEMONSTRATION on THAALAMS in KATHAKALI 2pm:MIZHAAVIL THAAYAMPAKA:Klm.Rajeev,Klm.Hariharan.3pm",KALANILAYAM &KATHAKALI CLUB 9249 800700,"M.K.Aniyan, Irinjalakuda",archive2011-1q.asp
27-03-11,Nalacharitham Randam divasam,Gayatri kalyanamandapam Kozhikode 06.00 P.M,Kozhikode,Kerala,India,"Injakad Ramachandran Pillai,Nelliod Thirumeni,Kudamaloor Muralikrishnan, Kalabharati Harikumar,Kala.Manoj,Kala.Arun warier, Kala.Balachndran, Rammohan,Jayaprakash, Kalabharati Unnikrishnan,Achutha war",Sopanam Calicut chapter.M.V. Damodaran 8547040245,P.Ramachandran,archive2011-1q.asp
27-03-11,"Nalacharitha 2nd day, Balivijayam","Sree RamaaTemple , Ramapuram Paala 9 PM",Kottayam,Kerala,India,"Kal Shanmughan(Nalan); Kal Vijayakumar(Damayanthi); Kal Ramachandran Unnithan(Kali); RLV Sunil(Dwaparan); FACT Biju Bhaskar(Indran, Naradan); Kalanilayam Vinod(Pushkaran); Peesapilly Rajeevan(Kattalan",Renjith R 9447161980,Renjith R Ernakulam,archive2011-1q.asp
26-03-11,Kamsavadham,Gayatri kalyanamandapam Kozhikode 06.00 P.M,Kozhikode,Kerala,India,PSV Natyasangham Kottakkal.All prominent artists participate.,Sopnam calicut chapter MV Damodaran 8547040245,P.Ramachandran,archive2011-1q.asp
26-03-11,KACHADEVAYANI,KOTTATHALA (Near Kottarakara),KOLLAM,Kerala,India,KACHAN (Sri Ettumanoor P. Kannan) and other artists,Rajeev Mayyanad (9446183001|),VN,archive2011-1q.asp
26-03-11,Kalyana sougandhikam,"changampuzha park, idappalli, eranakulam",eranakulam,Kerala,India,"Kala:soman-Bheeman, Sadanam Balakrishnan- hanuman. FACT biju bhaskar-panjali, Music- Madambi subramanyan namboothiri, sadanam sivadas, chenda-kala:raman namboothiri, maddalam:kala:prakash",idappallio kadhakali aswadaka sadass,Sunil Narayanan,archive2011-1q.asp
26-03-11,"Rugmamgadacharitham,Nizhalkuth","Sreekrishnaswamy temple,Mavelikara",Alappuzha,Kerala,India,"Padmasree Kala.Gopi,Margi Vijayakumar,Kala.Balakrishnan,Kala Krishnaprasad,Kala.Shanmughan,Thiruvalla Babu,Chingoli Gopalakrishnan,Madhu Varanasi,Kala.Vysakh,Kala Arun,RLV Akhil, Manthravadi - RLV Gop",Temple Commitee,Ramachandran,archive2011-1q.asp
25-03-11,Rukminiswayamvaram,Ernakulathappan Hall - 6 PM,Ernakulam,Kerala,India,"Rukmini Chambakkara Vijayan, Brahmanan Padmasree Madavur Vasudevan Nair, Krishnan - FACT Padmanabhan, Pattu - Babu namboodiri, Nedumpally Rammohan, Chenda kala Raman Namboodiri, Maddalam Angadippuram ",Jointly by Ambalam and club,Koyikkal,archive2011-1q.asp
25-03-11,"Banayudham(usha-chitralekha),Gurudakshina","Sreekrishnaswamy temple,Mavelikara",Alappuzha,Kerala,India,"Kala.Rajasekharan,kala.Sreekumar,Kalanilayam Vijayan,FACT Jayadeva Varma,Kalanilayam Raveendranatha Pai, Tiruvalla Babu, Madhu Varanasi,Kala.Vysakh Kala.Arun Pattu:Kalamandalam Surendran,Kalavedi Sure",Temple Commitee,Ramachandran,archive2011-1q.asp
25-03-11,Kootiyattam Thoranayudham,Gayatri kalyanamandapam Kozhikode 06.30 P.M,Kozhikode,Kerala,India,Kala.Ramachakyar and troupe,Sopanam Calicut chapter.M.V. Damodaran 8547040245,P.Ramachandran,archive2011-1q.asp
24-03-11,Banayudham (Gopuram & Usha Chitralekha); Balivijayam,Sreekrishna Temple Natakasala Ambalapuzha 10 PM (Temple Festival),Alappuzha,Kerala,India,Inchakkad Ramachandran Pillai(Banan); Kal Vijayakumar (Chitralekha); Ettumanoor Kannan (Ravanan); Kalanilayam Vinod(Naradan); Kal Hari R Nair(Bali),Sandarsan Kathakali Vidyalayam 9447161980,Renjith R Ernakulam,archive2011-1q.asp
24-03-11,Duryodhanavadham,VYTTILA,ERNAKULAM,Kerala,India,Duryodhanan by ETTUMANOOR P. KANNAN and other artists,,VN,archive2011-1q.asp
24-03-11,Duryodhanavadham,Ananthapuram Sreekrishna Temple,Ernakulam,Kerala,India,Ettumanoor P Kannan(Duryodhanan); Kal Hari R Nair(Dussashanan); FACT BijuBhaskar (Dharmaputhrar); Kal Srun Ramesh(Kutti Bhiman); Kal vijayakumar(Panchali); Kalanilayam Vinod (SreeKrishnan); Kal Sreeku,Renjith R 9447161980,Renjith R Ernakulam,archive2011-1q.asp
23-03-11,"Kirmeeravadham upto Pathralabdhi, Lalitha to Kirmeeran",Sreekrishna Temple Natakasala Ambalapuzha 10 PM (Temple Festival),Alappuzha,Kerala,India,Kal Vasu Pisharody (Dharmaputrar); Kal Shamnughan(Panchali); Kal mukundan(Sreekrishnan); Kal Vijayakumar (Lalitha); Kaln Vinod (Kirmeeran),Sandarsan Kathakali Vidyalayam 9447161980,Renjith R Ernakulam,archive2011-1q.asp
22-03-11,,"Manjummal Temple, Eloor Island",Ernakulam,Kerala,India,full Night,temple Committee,Srikumar,archive2011-1q.asp
22-03-11,Kacha Devayani,Ernakulam,Ernakulam,Kerala,India,"RLV Radhakrishnan, etc",,Balu,archive2011-1q.asp
21-03-11,"Kachadevayanicharitham, Kiratham","Trikkariyoor Temple , Kothamangalam",Ernakulam,Kerala,India,"Srukran - RV Sasikumar, Kachan - Kala Sreekumar, Devayani - RLV Radhakrishnan, Sukethu - Chathannoor Narayana Pillai,, Arjunan - R.L.V. Gopi, Kattalan - Chathannoor Narayanapillai, Kattalasthree - RLV",Trikkariyoor Devasam,Krishnan,archive2011-1q.asp
20-03-11,Nala charitham Onnam Divasam,"Kalikotta Palaca,Thripunithura. 6 p.m.",Ernakulam,Kerala,India,"Nalan-Kal.Shanmukhadas,Damayanthi-Sadanam Vijayan,Naradan-R.L.V Pramod,Hamsam-Kal.Rajeevan,Thozhi-R.L.V Pramod,Pattu-Kal.Rajeevan,Kal.Rajesh Babu,Chenda-Kaln.Ratheesh,Madalam-Kal.Achutha Warrer,Chutti",Thripunithura Kathakali Kendram,"Biju Anand, North Paravur",archive2011-1q.asp
19-03-11,Kathakalisamgitakacheri based on Chittappetutthiya Kathakalippadangal Pub by Keralakalamandalam,"Vivekananda Cultural Institute, Thiruvanathapuram 5-30 pm",Thiruvanathapuram,Kerala,India,Vocal: Kala. Vinod & Party Violin: Smt Vrinda Varma Mridamgam: Sri Changanasery Jayan,Samskriti (Global) Ph: 0471-2451077,DrVR Prabodhachandran Nayar,archive2011-1q.asp
18-03-11,Lecture Demonstration on 'Aesthetics of Kathakali',"1.30 pm, Academic Staff College, University of Kerala, Karyavattom",Thiruvananthapuram,Kerala,India,Lecture demo on 'Aesthetics of Kathakali' by Sri Ettumanoor P. Kannan,University Of Kerala,VN,archive2011-1q.asp
18-03-11,Dhakshayagam,Andikadavu Temple,Ernakulam,Kerala,India,"Dhakshan (1) - R.L.V. Gopi, Vedhavalli - RLV Pramod, Sivan - RLV Raghu, Sathi - Sadhanam Vijayan, Veerabhadran - Kala krishna prasad, Bhadrakali - RLV Pramod Dhakshan (2)- Kala Sankaranarayanan , Indr","Andikadavu Temple, Chellanam",Krishnan,archive2011-1q.asp
18-03-11,"Kalyana Saugandhikam, Narakasura Vadham(with Ninam)","Valakkudi, Kottarakkara-Punalur Road",,Kerala,India,"FACT Mohan - Bhiman, FACT Padmanabhan - Hanuman,..",,Koyikkal,archive2011-1q.asp
18-03-11,"Santhana Gopalam, Narakasura Vadham","Thirunakkara Temple, Kottayam",Kottayam,Kerala,India,"Kottakkal (Chandrasekhara Varrier,Keshavan Kundlayar, Vasudevan Kundlayar, Haridasan, Devdas, Sudheer, RajuMohan, Unnikrishnan, Hareeshwaran, Muralikrishnan, Harikumar) Chenda : Kottakkal (Prasad, Vij",,Balu,archive2011-1q.asp
17-03-11,"Sita Swayamvaram, Kamsa Vadham, Kiratham","Thirunakkara Temple, Kottayam",Kottayam,Kerala,India,"Kottakkal Artists Kottakkal(Chandrasekhara Varrier,Keshavan Kundlayar, Vasudevan Kundlayar, Haridasan, Devdas, Sudheer, RajuMohan, Unnikrishnan, Hareeshwaran, Muralikrishnan, Harikumar) Chenda : Kotta",,Balu,archive2011-1q.asp
17-03-11,KIRATAM,"NEDUMKUNNAM, Changanacherry",KOTTAYAM,Kerala,India,ETTUMANOOR P. KANNAN (as Kattalan) and other artists,"Dr Vishwanathan, Changanasherry 9447135883",VN,archive2011-1q.asp
17-03-11,Dakshayagam,"Champakkara, Near Tripunithura",Ernakulam,Kerala,India,"FACT Padmanabhan, Sadanam Vijayan,...",local temple,Srikumar,archive2011-1q.asp
17-03-11,KEECHAKAVADHOM,VALLOOR SIVA TEMPLE PATTAMBI,PALAKKAD,Kerala,India,VESHAM KALA JOHN KALA SIVADAS KALA RAJESH KALA GOPALAKRISHNAN PATTU KALA SUKUMARAN PATTU KALA SUKUMARAN MATTANUR SREEJITH CHENDA SADANAM HARI KALA NARAYANAN KOPPU KALATHARANGINY AVATHARANAM SREEKALA V,KALA SIVADASAN 09387060935,KALA SIVADASAN,archive2011-1q.asp
17-03-11,Keechaka Vadham,Vettakkara,,Kerala,India,"Kala. Kesavan Namboothiri, etc",,Balu,archive2011-1q.asp
17-03-11,"Poothana Moksham(Lalitha),Kiratham","Kollam Puthiyakav Devikshethram,Near Railway station.9.30p.m",Kollam,Kerala,India,"Margi Vijayakumar-Lalitha,Fact Mohanan-Arjunan,Nelliyode-Kattalan,Margi Harivatsan-Kattala sthree,Pattu-Kal.Krishnankutty,Kalanilayam Nandakumar.Chenda-Kal.Krishnadas,Margi Venugopal.Maddalam-Kal.Rave",,"suresh.v,kollam",archive2011-1q.asp
16-03-11,Nalacharitham moonam divasam,"Kollam Puthiyakav Devikshethram,Near Railway station.9.30p.m",Kollam,Kerala,India,"Kal.Ratheesan-Velutha Nalan,Kal.Ramachandran Unnithan-Karkodakan/Sudevan,Kot.Chandrasekharan-Bahukan,Kal.Vipin-Rithuparnan,Kal.Sukumaran-Jeevalan,Kal.Mohandas-Vashneyan,Margi Vijayakumar-Damayanthi,Pa",,"suresh.v,kollam",archive2011-1q.asp
16-03-11,Santhana Gopalam,Kottayam,Kottayam,Kerala,India,"Kala. Kesavan Namboothiri, etc",,Balu,archive2011-1q.asp
16-03-11,"Nalacheritham 4, Bali Vijayam","Thirunakkara Temple, Kottayam",Kottayam,Kerala,India,"Bahuka: Kala. Gopi, Damayanthi: Margi Vijayakumar, Kesini: Kala. Suchindran, Ravana: Kala. Soman, Mandodari: Kala. Suchindran, Narada: Mathoor Govindankutty, Bali: Talavadi Aravindan, Pattu: Palanad D",,Balu,archive2011-1q.asp
15-03-11,"Kalyanasowgandhikam,Balivijayam","Kollam Puthiyakav Devikshethram,Near Railway station.9.30p.m",Kollam,Kerala,India,"Thonnakkal Peethambaran-Bheeman,Kal.Sukumaran-Panchali,Naripatta-Hanuman,Padmabhooshan Madavoor-Ravanan,Attingal Peethambaran-Naradan,Nelliyode-Bali.Pattu-Kal.Mohanakrishnan,Kal.Krishnankutty.Chenda-K",,"suresh.v,kollam",archive2011-1q.asp
15-03-11,"Kalyanasowgandhikam,Balivijayam","Kollam Puthiyakav Devikshethram,Near Railway station.9.30p.m",Kollam,Kerala,India,"Thonnakkal Peethambaran-Bheeman,Kal.Sukumaran-Panchali,Naripatta-Hanuman,Padmabhooshan Madavoor-Ravanan,Attingal Peethambaran-Naradan,Nelliyode-Bali.Pattu-Kal.Mohanakrishnan,Kal.Krishnankutty.Chenda-K",,"suresh.v,kollam",archive2011-1q.asp
15-03-11,Balivijayam,"Karthiyayini Devikshethram,",Kottayam,Kerala,India,"Naradhan - R.L.V. Gopi, Ravanan - Kala Sreekumar, Bali - Kala Krishna prasad, pattu - Kala Gopalakrishnan , Chenda - Kala Rajesh, Madhalam - Kalanilayam Omanakkuttan",Karthiyayini Devikshethram samithi,Krishnan,archive2011-1q.asp
14-03-11,Santhana Gopalam,Pala,Kottayam,Kerala,India,"Kala. Kesavan Namboothiri, etc",,Balu,archive2011-1q.asp
14-03-11,DURYODHANAVADHOM,KANNANOOR BHAGAVATHY TEMPLE NEAR PATTAMBI 7PM,PALAKKAD,Kerala,India,VESHAM KAVUNGAL DIVAKARAPANIKKAR KALASOMAN KALASIVADAS KALAPRADEEP KALAHARINARAYANAN KALAARUNVARIER KALASUCHEEENDRANATHAN PATTU NEDUMPILLY RAMMOHAN SADANAM JYOTISHBABU CHENDA KALABALASUNDARAM SADANAMS,ARIKKATH MANA MUDAVANNUR,DR A R RAMACHANDRAN,archive2011-1q.asp
14-03-11,Kalyanasougandhikam,Koothapadi Sree Darmasatha Temple Thammanam Vytilla 6.30 PM,Ernakulam,Kerala,India,"Ettumanoor Kannan (Bhiman), FACT Biju(Panchali); Kal Manoj(Hanuman); Kal Rajendaran(Music); Kal Vineeth(Maddalam); Kal Venu (Chenda)Kal Sukumaran (Chutti)",Renjith R 9447161980,Renjith R Ernakulam,archive2011-1q.asp
14-03-11,"Nalacharitham Nalam divasam, Narakasuravadham.",Manickamangalam Karthyayani Devi Temple - Near Kalady,Ernakulam,Kerala,India,"Nalacharitham - Padmasree.Kala.Gopi,Kala.vijayakumar,Kala.Mukundan Narakasuravadham - Kottakkal Kesavan. Kala.Hari R Nair. Kala.Neeraj. Kalanilayam.Vinod Kala.Kasinathan Sangeetham Kalamandalam Babu N",9447458610,Anil.C,archive2011-1q.asp
13-03-11,KALAKEYAVADHAM,PAYANNUR CLUB,PAYANNUR,Kerala,India,"Ettumanoor P. KANNAN as ARJUNAN Singers : Madambi Subramanyam Namboothiri, Kalamandalam Vinod Chenda - Varanasi Maddalam - Kala. Manoj",Payannur Club 9447953429,VN,archive2011-1q.asp
13-03-11,"Purapad, Melapadam, Usha-Chithralekha, Karna Shapadam","near the Malakkara snake boat, after Chakkadapadi Junction",Pattanamthitta,Kerala,India,"Mathoor Govindankutty, Pallikoodam Muralikrishnan, Sadanam Krishnankutty, Kala. Pradeep, Kavumkal Divakara Paniker, Sadanam Vijayan, Pattu: Kottakkal P.D. Namboothiri, Kala. Harish, Chenda: Kalanilaya",,Jaya Parithamma,archive2011-1q.asp
13-03-11,"Purapad, Melapadam, Bana Yudham (Usha-Chithralekha), Karna Shapadam","near the Malakkara snake boat, after Chakkadapadi Junction",Pattanamthitta,Kerala,India,"Mathoor Govindankutty, Pallikoodam Muralikrishnan, Sadanam Krishnankutty, Kala. Pradeep, Kavumkal Divakara Paniker, Sadanam Vijayan, Pattu: Kottakkal P.D. Namboothiri, Kalanilayam Rajendran, Kala. Har",,Balu,archive2011-1q.asp
13-03-11,Prahalada Cheritham,Kottarakkara,,Kerala,India,Chenda: Kala. Raman Namboothiri,,Balu,archive2011-1q.asp
12-03-11,Utthara Swayamvaram,Kottarakkara,,Kerala,India,"Sadanam Krishnankutty, etc, Chenda: Kala. Raman Namboothiri, etc",,Balu,archive2011-1q.asp
12-03-11,"Seethaswayamvaram,Dakshayagam","Kalarivathukkal Mahadevar Kshethram,Valathungal,Mayyanad,Kollam.10p.m",Kollam,Kerala,India,"Kottayam Ramakrishnan,Kal.Sreekumar,Kal.Ravikumar,Chathanoor Narayanapillai,Mayyanad Rajiv,Kal.Prasanth.Pattu-Kal.Jayaprakash,Kal.Sudheesh.Chenda-Kuroor.Maddalam-Kalabharathi Ajikumar","Navarangam,Mayyanad","suresh.v,kollam",archive2011-1q.asp
12-03-11,Nalacharitham Nalam Divasam,CHITTUMALA,KOLLAM,Kerala,India,Ettumanoor P. KANNAN as BAHUKAN and other Artists,DR. VENUGOPAL 9446967139,VN,archive2011-1q.asp
12-03-11,"Nalacharitham onnam divasam,Duryodhanavadham",Varkala Janardana swamikshethram 8p.m,trivandrum,Kerala,India,"Padmasree Kal.Gopi,Padmabhooshan Madavoor,Nelliyode,Inchakkad,Kottayam Ramakrishnan, Margi,Kal.Ratheesan,Kal.Krishnadas,Pathiyoor,Kal.Babu Namboothiri,Kalanilayam Rajiv namboothiri",Margi,"suresh.v,kollam",archive2011-1q.asp
11-03-11,UTHARASWAYAMVARAM,ITAYAAVANAM,THIRUVANANTHAPURAM,Kerala,India,on special invitation Sadanam Krishnankutty and ETTUMANOOR P. KANNAN along with MARGI TROUPE,MARGI TROUPE,VN,archive2011-1q.asp
11-03-11,Rugmangada Cheritham,Vettikavavala,,Kerala,India,"Kala. Kesavan Namboothiri, FACT Mohan",,Balu,archive2011-1q.asp
11-03-11,Tripple Thayampaka,"Keezhillam Mahadevar Temple, 7.30PM",Ernakulam,Kerala,India,"Padmasree Mattanoor Sankaran Kutty, Mattanoor Sreekanth, Mattannoor Sreeraj",94471 53971,"Prasad, Keezhillam",archive2011-1q.asp
10-03-11,Santhana Gopalam,Varkala,Kollam,Kerala,India,"Kala. Kesavan Namboothiri, Kalanilayam Gopi, etc",,Balu,archive2011-1q.asp
10-03-11,KachaDevayani,"Kalkulam Sankaranarayana swami temple,Thattarkonam Kollam-Kudra Rd10pm",Kollam dist,Kerala,India,"ETTUMANOOR P. KANNAN as KACHAN, Devayani - Kalamandalam VIJAYAKUMAR, Shukran - Devayani - Kalamandalam VIJAYAKUMAR Shukran - Mayyanadu Kesavan Namboothiri and others Kalkulam Sankaranarayana swami tem",Mayyanad Rajeevan,V.N,archive2011-1q.asp
10-03-11,"Nala charitham Onnam Divasam, Duryodhana Vadham (Keli-6.30 p.m., Purappadu& Melapadam 7.30p.m.)","Annamanada Mahadeva Temple, Annamanada, 10 p.m.",Thrissur,Kerala,India,"S/s.Padmasree Kal.Gopi-Nalan,Kot.Kesavan-Hamsam,Kot.Unnikrishnan-Naradan,Kot.Chandrasekhara Warier-Duryodhanan,Kot.Devadas-Dussasanan,Kot.Rajmohan-Krishnan,Kot.Vasudevan-Panchali,Kot.Haridas-Roudra Bh","Kshethropadesaka Samithi,Annamanada Mahadeva Templ","Biju Anand, North Paravur",archive2011-1q.asp
09-03-11,"Seethaswayamvaram, Kiratham","Trippakkudam Mahadeva Temple , Vechoor",Alappuzha,Kerala,India,"Parasuraman - Kala Ramakrishnan , Sreeraman - Thiruvizha Jayakumar, Dhasaradhan - Kala Radhakrishnan, Seetha - Kalakshethra Sreenandhini, Lakshmanan - Kalakshethra Gopikrishnan, Arjunan - Varanadu San",Thrippakudam Devasam,Krishnan,archive2011-1q.asp
09-03-11,"Kirmeeravadham Upto Pathralabdhi, Utharaswayamvaram Up to Thrigarthavattom, Kiratham","Keezhillam Mahadevar Temple, Between Perumbavoor & Muvattupuzha M.C.Road 9.30 PM",Ernakulam,Kerala,India,"Dharmaputhrar:Padmasree Kala.Gopi, Panchali:Kala.Shanmughan, Sreekrishnan: Kala.Sreekumar, Dhowmyan:Kala.Vinod. Duryodhanan: Kott.Chandrasekhara Varriar,Bhanumathi:Kala.Vijayakumar, Thrigarthan:Kala.R",94471 53971,"Prasad, Keezhillam",archive2011-1q.asp
09-03-11,Utharaaswayamvaram and kiratham,"Ettumanoor Mahadeva Temple, Ettumanoor",Kottayam,Kerala,India,Kottackal troup presnets,Ettumanoorappan Kathakali Aaswadaka Sanghom,V.Madhu kumar,archive2011-1q.asp
08-03-11,"Nalacharitham I, Keechakavadhom","Ettumanoor Mahadeva temple, Ettumanoor",Kottayam,Kerala,India,Kala. Gopi as Nalan and Kottakal Chandrasekhara warriar as Keechakan Members of Kottakal troup performing on the stage,Ettumanoorappan Kathakali Aaswadaka sanghom,V.Madhu kumar,archive2011-1q.asp
08-03-11,Duryodanavadham,PULIMATHU,TRIVANDRUM,Kerala,India,Margi troupe along with Ettumanoor P. KANNAN on special invitation,,VN,archive2011-1q.asp
08-03-11,"Kuchelavritham,Narakasuravadham(Ninam)",Chavara Mukundapuram Kshethram 9p.m,Kollam,Kerala,India,"Padmabhooshan Madavoor,Nelliyode,Kal.Ramachandran unnithan,Kal.Krishnaprasad.Pattu-Kal.Surendran,Kalanilayam Haridas.Chenda-Kuroor",,"suresh.v,kollam",archive2011-1q.asp
08-03-11,Duryodhana Vadham,Kayamkulam,Kollam,Kerala,India,Krishna: Kala. Kesavan Namboothiri,,Balu,archive2011-1q.asp
08-03-11,Nalacheritham 3,Varkala,Kollam,Kerala,India,"Kottakkal Chandrashekara Warrier, etc, Chenda: Kala. Raman Namboothiri, Maddalam: Kala. Venukuttan",,Balu,archive2011-1q.asp
07-03-11,kuchela vritham,"padinjarekkara perumpallikavu devi kshethram ,vaikom 7 Pm",kottayam,Kerala,India,"Kuchelan-kala:radhakrishnan,Sreekrishnan-Pallipuram sunil,rukmini-kalabhavanam gireesh, Music-FACT jayaprasad, kala:rajesh babu, chenda-kala:ashokan,maddalam-kala:vineeth",,Sunil Narayanan,archive2011-1q.asp
07-03-11,"Rugmangadacharitham, Kalyanasaugandhikam, Kiratham",Thiruvegappura Mahakshetram,Palakkad,Kerala,India,"Rugmangadan- Kala. Gopi, Bheeman- Kott.Chandrasekhara Variar, Hanuman- Nelliyod Vasudevan Namboothiri and the artists of PSV Natyasangham Kottakkal","Kshetra Seva Samiti. Mob: 9846183939, 9447963705",Raman Bhattathirippad,archive2011-1q.asp
07-03-11,Kiratham,Panavally,Alleppey,Kerala,India,"Kala. Rajashekaran, RLV Radhakrishnan, etc",,Balu,archive2011-1q.asp
07-03-11,"Kalyanasaugandhikam, Baalivijayam","Ettumanoor Mahadeva temple, Ettumanoor, 9.00 pm",Kottayam,Kerala,India,"Kala. Hyderali smaaraka puraskaaram 2011 presenting to Shri. Kalani. Rajeevan, young and talanted musician followed by kathakali. Aattom - Kala. rama.Unnithan, Ettr. Kannan,Kala.sreekumar,Mathur etc. ",Ettumanoorappan Kathakali Aaswadaka sanghom,V.Madhu kumar,archive2011-1q.asp
06-03-11,UTTARASWAYAMVARAM,"GAYATHRI KALYANAMANDAPAM ,TALI ,KOZHIKODE",KOZHICODE,Kerala,India,"SADANAM KRISHNAN KUTTY,HARIKUMAR,MANIKANDAN,KRISHNADAS,SRINATHAN,SURESH VISHNUPRASAD,KRISHNAPRASAD,GIRISH,KALANILAYAM BALAKRISHNAN ETC; MUSIC;KALA;NARAYANAN NAMBISAN,SADANAM HARIKUMAR,SHYAMALAN,KRISHN",THODAYAM KATHAKALI YOGAM,6/2 changed to 6/3,archive2011-1q.asp
06-03-11,Rugmineeswayamvaram,"Mudavandoor Devi Temple, Chennithala, Near Mavelikara. Time: 19:30 Hrs",Alappuzha,Kerala,India,"Sri. Kalamandalam Krishnaprsad (Brahmanan), Kalamandalam Shanmukhan (Krishnan), Madhu Varanasi (Rugmini) Sri. Kalamandalam Jayaprakash, Kalamandalam Krishna kumar(Vocal) Sri, Kalamandalam Sreekanth va",.,C.Ambujakshan Nair,archive2011-1q.asp
06-03-11,"Karna Shabhatham, Duryodana Vadham",Umayanallor Kudiyiruthuvayal(NH47-Pattarumukku) 9PM,Kollam,Kerala,India,"Karnan - Kala. Balasubramaniyam, Duryodanan - Ettumanoor Kannan, Dushasanan - Thalavady Aravindan, Duryodanan - Madavoor, Dushasanan - Unnithan, Roudra Bheman- Thonnakkal, Pattu - Pathiyoor, Kala. Vin",Parthasarathy - 9447430726,"suresh.v,kollam",archive2011-1q.asp
05-03-11,"Nalacharitham Randam divasam,Dakshayagam","Thrikkadavur Mahadevakshethram,Kollam.9p.m",Kollam,Kerala,India,"Sadanam Krishnankutty-Nalan,Kal.Ramachandran-Damayanthi,Kal.Ramachandran Unnithan-Kali&Kattalan,Kal.Krishnaprasad-Pushkaran,Kal.Hari.R.Nair-Dwaparan&Veerabhadran,Kal.Rajiv,Kal.Prasanth,Kal.Anilkumar,P",Rajan-9847553314,"suresh.v,kollam",archive2011-1q.asp
04-03-11,Nizhal Kuttu,Cherthala,Ernakulam,Kerala,India,"Sadanam Krishnankutty, Kala. Sreekumar, Oyoor Ramachandran, RLV Gopi, Pattu: Kalanilayam Unnikrishnan, Kalanilayam Rajeev, Chenda: Kala. Raman Namboothiri, Kottakkal Prasad, Maddalam: Kala. Shankara W",,Balu,archive2011-1q.asp
04-03-11,Nizhalkuthu,"Varanattu Devi kshethram,Cherthala. 6.30P.M",Alappuzha,Kerala,India,"Kal.Sreekumar-Duryodanan,Sadanam Krishnankutty-Malayan,Kal.Ramachandran-Malayathi,Rlv Gopi-Mandravadi.Pattu-Kalanilayam Unnikrishnan,Kalanilayam Rajiv Namboothiri.Chenda-Kal.Raman Namboothiri,Maddalam",,"suresh.v,kollam",archive2011-1q.asp
04-03-11,Jugalbandhi,"Kollam Puthiyakav Devikshethram,Near Railway station.6.30p.m",Kollam,Kerala,India,"Kottakkal Madhu,Nedumpully Rammohan,Trichy Ganesan,Sadanam Ramakrishnan,Kal.Hariharan",,"suresh.v,kollam",archive2011-1q.asp
04-03-11,Nizhalkuthu,Varanadu Devi kshethram,Alappuzha,Kerala,India,"Dhuruyodhanan - Kala Sreekumar, Malayan - Sadhananm Krishnan kutty, Malayathi - Oyoor Ramachandran, Mandravadhi - R.L.V. Gopi, Parikarmi - Varanadu Sanalkumar, Manikandan - RLV Pramod, Pattu - Kalanil",Varanadu Temple,Krishnan,archive2011-1q.asp
03-03-11,Nalacharitham moonam divasam,"Varanattu Devi kshethram,Cherthala. 6.30P.M(story starts Directly)",Alappuzha,Kerala,India,"Kal.Sreekumar-Veluthanalan,Nelliyode-Karkodakan,Padmasree Kal.Gopi-BHahukan, Rithuparnan-Kalanilayam Rajasekhara panickar,Fact Padmanabhan-Sudevan.Pattu-Kottackal Madhu,Kalanilayam Rajiv namboothiri,C",,"suresh.v,kollam",archive2011-1q.asp
02-03-11,"Dakshayagam ( including dadheechi , nandikeshwaran)","Vaikom mahadeva kshethram, 9pm",kottayam,Kerala,India,"Rlv gopi,pallippuram sunil,rlv raghu, kala:sudheesh,kala:sreejith etc","dakshina moorthi kalakshethram, vaikom",Sunil Narayanan,archive2011-1q.asp
02-03-11,"Nala charitham Nalam Divasam, Seetha Swayamvaram, Kiratham","Emoor Bhagavathi Temple, Kallekulangara. 10.00 p.m.",Palakkad,Kerala,India,"Vesham-S/Sri.-Kot.Chandrasekhara Warrier,Kesava Kundalayar, Vasudeva Kundalayar,Devadas, Haridasan,Sudheer, Muraleedharan,Rajmohan,A.Unnikrishnan,Hareeswaran,Harikumar,C.M.Unnikrishnan, Sunilkumar,Man",Emoor Bhagavathi Temple Ulsava Committee,"Biju Anand, North Paravur",archive2011-1q.asp
02-03-11,HarishchandraCharitam,KANGAZHA MAHADEVA TEMPLE,KOTTAYAM,Kerala,India,"KALAMANDALAM RAMAKRISHNAN (vishwamitran), SRI ETTUMANOOR P. KANNAN (HARISHCHANDRAN) ETC","HARI, TIRUVALLA (9495204203)",VN,archive2011-1q.asp
02-03-11,"Nalacharitham 1, Kiraatham","Kottarakkara Temple, 09:30 PM",,Kerala,India,"Nalan - Kalanilayam Gopi, Hamsam - Kalanilyam Raghavan, Kattalan - Kalanilayam Gopinathan, Arjjunan - Kalanilayam Anil Kumar, Naaradan, Sivan - Vinod Warrier",Kottarakkara Siva Rathri Aghosha Committee,Vinod Warrier,archive2011-1q.asp
01-03-11,DAKSHAYAGAM,"ANJAL, AGASTIYAKODE",,Kerala,India,,,VN,archive2011-1q.asp
01-03-11,DAKSHAYAGAM,"ANJAL, AGASTIYAKODE",KOLLAM,Kerala,India,Ettumanoor P. KANNAN as DAKSHAN & other artists,Mayyanad Rajeevan,VN,archive2011-1q.asp
01-03-11,Kapidvajacaritham,Sreekrishnapuram- 7pm,Palakad,Kerala,India,"Arjunan-Kala.Kuttikrishnan,Draupadi-Kalluvazhi Vasu,Hanuman-Kala.Manoj Chenta-Sadanam Ramakrishnan",Nedumpilly Rammohan,Radha Madhavan,archive2011-1q.asp
01-03-11,"Dhuruyodhanavadham, Kiratham","Thannirmukkam Temple, Chethala",Alappuzha,Kerala,India,"Dhuruyodhanan - R.L.V Gopi, Sreekrishnan - Kala Radhakrishnan, Arjunan - Kala Radhakrishnan, Kattalan - Thiruvizha Jayakumar, Kattalasthree - Kalanilayam Bijoy, Sivan - RLV Sunil Pallipuram Pattu - Ko",Thannirmukkam Temple,Krishnan,archive2011-1q.asp
28-02-11,"keechakavadham, Kiratham",Ayamkudy Mahadeva Temple,Kottayam,Kerala,India,"Keechakan-Kala. Sreekumar, Sairandhri-Champakkara Vijayan, Kattalan-Kala.Prasanth. Vocal-Kalanil.Unnikrishnan, Kala.Babu, Rajesh Babu. Chenda-Kala.Balasundaran, Maddalam-Vineeth",,Gireesh,archive2011-1q.asp
28-02-11,"Karna Shapadham, Duryodhana Vadham","Emoor Bhagavathi Temple, Kallekulangara. 10.00 p.m.",Palakkad,Kerala,India,"Vesham-S/Sri.-Kot.Chandrasekhara Warrier,Kesava Kundalayar, Vasudeva Kundalayar,Devadas, Haridasan,Sudheer, Muraleedharan,Rajmohan,A.Unnikrishnan,Hareeswaran,Harikumar,C.M.Unnikrishnan, Sunilkumar,Man",Emoor Bhagavathi Temple Ulsava Committee,"Biju Anand, North Paravur",archive2011-1q.asp
27-02-11,"Arjuna Vishada Vrittam, Balivadham","Emoor Bhagavathi Temple, Kallekulangara. 10.00 p.m.",Palakkad,Kerala,India,"Vesham-S/Sri.-Kot.Chandrasekhara Warrier,Kesava Kundalayar, Vasudeva Kundalayar,Devadas, Haridasan,Sudheer, Muraleedharan,Rajmohan,A.Unnikrishnan,Hareeswaran,Harikumar,C.M.Unnikrishnan, Sunilkumar,Man",Emoor Bhagavathi Temple Ulsava Committee,"Biju Anand, North Paravur",archive2011-1q.asp
27-02-11,Santhanagopalam,"Chendamangalam Paliyam Puthiya Thrikkovu Temple, North Paravur, 7.30 p.m.",Ernakulam,Kerala,India,Will be updated later...,Chendamangalam Kathakali Asvadaka Samithi,"Biju Anand, North Paravur",archive2011-1q.asp
27-02-11,Mannanum Mannathiyum,"Sreerangam Auditorium,Kottayam 4P.M",Kottayam,Kerala,India,"Kal.Ramachandran Unnithan,Kal.Oyoor Ramachandran,Kuroor,Kal.Sudheesh etc.",Kaliyarangu 9446432850,"suresh.v,kollam",archive2011-1q.asp
27-02-11,,Ettumanoor Mahadeva Temple - 9.00 pm.,Kottayam,Kerala,India,Full night kathakali by PSV Naatyasanghom - details will updated soon.,Utsavam,V.Madhu kumar,archive2011-1q.asp
27-02-11,,Ettumanoor Mahadeva Temple - 9.00 pm.,Kottayam,Kerala,India,Full night kathakali by PSV Naatyasanghom - details will updated soon.,Utsavam,V.Madhu kumar,archive2011-1q.asp
26-02-11,,Ettumanoor Mahadeva Temple - 9.00 pm,Kottayam,Kerala,India,"Kala. Hyderali Memorial Kathakali Puraskaaram 2011 presenting to renowned Maddalam Artist Shri. Kottkal Radhakrishnan by Ettumanoor Kathakali Aaswadajasanghom, followed by full night Kathakali by PSV ",Utsavam,V.Madhukumar,archive2011-1q.asp
26-02-11,Kuchela vritham,"changampuzha park, edappalli",Eranakulam,Kerala,India,"Kuchelan-kala:M.P.S namboothiri, krishnan-kala:mukundan,kuchela pathni-kalani:karunakaran,rukmini-F.A.C.T biju bhaskar..Pttu-kalani:unnikirshnan,kalani:hari,chenda:varanasii narayanan namboothiri,madd",edappalli kathaklai aswadaka sadassu,Sunil Narayanan,archive2011-1q.asp
26-02-11,"NALACHARITHAM ONNAM DIVASAM, BALIVADHAM","PULIYANOOR MAHADEVA KSHETHRAM, Puliyannoor ,Pala",KOTTAYAM,Kerala,India,"Sadanam krishnan kutti, Nelliyod, Ettumanoor P. Kannan as RAVANAN, Hari R Nair. Singers : kalanilayam rajeev, nedumpalli rammohan, Kalamandalam Raman Namboothiri etc",Kalamandalam Raman Namboothiri - 9447182287,VN,archive2011-1q.asp
26-02-11,Dakshayagam,Perumkurussy Siva Temple,Palakkad,Kerala,India,"Ka Kuttykrishnan, Kn Mohana varier, Dinesh Eravimangalam Vocal: Ka Mohanakrishnan, Vellinezhi Achuthan kutty . . .",Temple Committe,dr Vellinezhi Achuthan Kutty,archive2011-1q.asp
26-02-11,"Nalacharitham -1, Bali vadaham","puliyanoor mahadeva kshethram, puliyannoor ,pala",kottayam,Kerala,India,"Sadanam krishnan kutti, nelliyod, harir nair, kalanilayam rajeev, nedumpalli rammohan etc",,Sunil Narayanan,archive2011-1q.asp
26-02-11,Narakasura Vatham -(Ninanjodukoodi),"Zamorins High School ,Tali, 6 pm",Calicut,Kerala,India,"Nakrathundi/Ninam:Ramachandran Unnithan,Lalith:Kala.Suchindran,Jayanthan/Indran:Kala Bajiyo,Narakasuran:Kala.Soman,Narakasurapathni:Kala.Vaishakh. Vocal:Kala.Harish,Kala.Vinod,Sada.Jyotish Babu Chenda","Navarasam,Calicut 8891799964,9349907792",Renuka Verma,archive2011-1q.asp
25-02-11,NIZHALKUTHU,THURAYILKUNNU,KARUNAGAPALLY,Kerala,India,Ettumanoor P Kannan as DURYODHANAN and other artists,Dr. Kannan - 9539968051,VN,archive2011-1q.asp
25-02-11,Kacha-Devayani,"vayaloor mahadeva kshethram, kodakara, thrissur 8.30 pm",thrissur,Kerala,India,"sadanam krishnan kutty, nelliyod , kala:babu namboothiri, kalanilayam rajeevan, nedumballi rammohan etc",,Sunil Narayanan,archive2011-1q.asp
25-02-11,Nalacharitham III & Duryodhanavadham,Ettumanoor mahadeva temple,Kottayam,Kerala,India,"Aattom : Sadanam Krishnankutty,Mathoor,FACT Mohanan,Ettumanoor Kannan,Kudmaloor Muralikrishnan etc.. Paattu: Kotta. PD Namboothiri,Kala. Rajendran,Kalani.Rajeevan etc, Kottu: Kuroor Vasudevan Nambooth",Ettumanoor Kathakali Aaswaadakasanghom,V.Madhu kumar,archive2011-1q.asp
25-02-11,THORANAYUDDHAM,"Kalanilayam Hall, 6pm",Thrissur,Kerala,India,"Hanumaan:Kln.Balakrishnan,Lankaalakshmi:Klm.Chinosh Balan,Lankaasree:Supriya Sreekumar,Kinkaranmaar:Klm.Arun Ramesh,Klm.Sooraj,Raavanan:Klm.Krishnakumar, Mandodari:Supriya Sreekumar,Prahasthan:Klm.Chi","Kathakali Club,Irinjalakuda 9249 800700","M.K.Aniyan, Irinjalakuda",archive2011-1q.asp
24-02-11,NALACHARITHAM ONNAM DIVASAM,"ANJAL, AGASTIYAKODE",KOLLAM,Kerala,India,NALAN - ETTUMANOOR P. KANNAN,DR. P.VENUGOPAL. (9446967139),VN,archive2011-1q.asp
24-02-11,"Nalacharitham (Onnam Divasam), Hamsavum, Dhamayandhi","Karthiyayini Devikshethram Uttupura, Cherthala",Alappuzha,Kerala,India,"Hamsam - R.L.V. Gopi, Dhamayandhi - Varanadu Sanal Kumar, Thozhi - Kala Radhakrishnan, Pattu - Kala Gopalakrishnan, Chenda - Kala Sreekanth, Madhalam - Kala Haridhas",Pallipuram Gopalanair Asan Smaraka samithi,Krishnan,archive2011-1q.asp
24-02-11,"Seethaswayamvaram, Nizhalkuthu",Vaikam Sree Maha Deva Temple,Kottayam,Kerala,India,"Parasuraman - Kala Ramakrishnan, Sreeraman - Kala Prasanth,Dhasaradhan - FACT Biju basker, Dhuruyodhanan - Kala Sreekumar, Malayan - RLV Raghu, Malayathi - Kala Ganesh, Mandhravadhi - R.L.V Gopi, Pari",Vaikam Devasom,Krishnan,archive2011-1q.asp
24-02-11,"Seetha swaymawaram, nizhalkuth",vaikom mahadeva kshethram,kottayam,Kerala,India,"Parsashuraman-kala:ramakrishnan,SreeRaman-kala:prashanth, Duryodhanan-Kala:sreekumar,Thrigarthan:kal:bhagyanath, malayan:rlv raghu, malayathi:kala:ganesh Pattu:kala:babu namboothiri,kal:sudheesh,Melam",,Sunil Narayanan,archive2011-1q.asp
24-02-11,Santhanagopalam,"Kazhakootam, Thiruvananthapuram",Thiruvananthapuram,Kerala,India,Kala. Kesavan Namboodiri- Brahmanan,Kalanilayam Srinivasan,Jay,archive2011-1q.asp
23-02-11,,Pallasana Meenkulathi Bhagavathy Temple,,Kerala,India,"Kottakkal (Chandrasekhara Varrier,Keshavan Kundlayar, Vasudevan Kundlayar, Haridasan, Devdas, Sudheer, RajuMohan, Unnikrishnan, Hareeshwaran, Muralikrishnan, Harikumar) Chenda : Kottakkal (Prasad, Vij",,Balu,archive2011-1q.asp
20-02-11,Lecture Demonstration (10 a.m) followed by Poothanamoksham Kathakali performance & Cholliyattom - 7 to 10 pm,"Queenstown CC Auditorium, 365 Commonwealth Avenue",Singapore,,SINGAPORE,LECTURE DEMONSTRATION BY SRI. ETTUMANOOR P. KANNAN at 10 a.m Evening 7p.m-10 p.m - Performance - Poothanamoksham by Kalamandalam Sucheendran followed by CHOLLIYATTOM by Sri. ETTUMANOOR P. KANNAN VOCAL,"MUDRA CULTURAL SOCIETY,SINGAPORE.TEL-0016581397235",VN,archive2011-1q.asp
20-02-11,"Nalacheritham, Bali Vadham","Purandara Bhavana, Sangeetha Sabha, 8th Main Road HAL II, stage, Bangalore",Bangalore,Karnataka,India,"Nala: Kala. Gopi, Damayanthi: Margi Vijayakumar, Bali: Kala. Ramachandran Unnithan, Sugreeva: Kala. Hari R. Nair, Rama: Kala. Shanmugan, Thara: Margi Vijayakumar, Angadan: Kala. Arun, Pattu: Pathiyoor",,Balu,archive2011-1q.asp
19-02-11,Amparishacharitham,Mallapally Thirumalida Mahadeva Temple 7.30PM,Pathanamthitta,Kerala,India,"Kala. Kesavan Namboodiri - Durvasavu; Kala Bhagyanathan- Ambareeshan; Avatharanam : Parthasaradhy Kathakali Yogam, Aranmula PH 9847049886",Thirumalida temple,Jay,archive2011-1q.asp
19-02-11,"Bana Yudham (Usha Chithra Lekha), Utthara Swayamvaram",Ernakulam,Ernakulam,Kerala,India,"Sadanam Krishnankutty, RLV Radhakrishnan, Nelliyod Vasudevan Namboothiri, Pattu: Kala. Gopalakrishnan, Palanad Divakaran, Chenda: Kuroor Vasudevan Namboothiri, Maddalam: Kala. Narayanan Nair",,Balu,archive2011-1q.asp
19-02-11,Lecture Demonstration on Kathakali (10 a.m) followed by Performance (Hamsam & Damayanthi) - 7 to 10 pm,"TRCC Studio, Republic Polytechnic, 9 Woodlands Avenue 9, SINGAPORE",,,SINGAPORE,10 a.m LECTURE DEMONSTRATION BY SRI. ETTUMANOOR P. KANNAN. 7p.m-10 p.m- Performance - Hamsam & Damayanthi from Nalacharitham Onnam Divasam by Ettumanoor P. Kannan and Kalamandalam Sucheendran VOCAL - ,"MUDRA CULTURAL SOCIETY,SINGAPORE.TEL-0016581397235",VN,archive2011-1q.asp
19-02-11,Nalacharitham Onnam Divasam (Only the part involving Hamsam & Damayanthi),"TRCC Studio, Republic Polytechnic, 7.00 PM",Woodlands,,Singapore,"Ettumanoor Kannan ,Kala. Sucheendranathan,Kala.KrishnaDas,Margi Retnakaran, Kalani. Rajeevan This program also showcase selected themes and perform those in Cholliyattam style",Mudra Cultural Society (+65 98520578),Vikar,archive2011-1q.asp
18-02-11,Kalyana Saugandhikam,Ernakulam,Ernakulam,Kerala,India,"Sadanam Naripatta Naryanan Namboothiri, Kala. Balasubramanian, Pattu: Kala. N.N. Kollathapally, Kala. Sudheesh, Chenda: Kala. Raman Namboothiri, Maddalam: Kala. Prakash",,Balu,archive2011-1q.asp
17-02-11,Subhadraharanam,"TDM HALL, Ernakulam",Ernakulam,Kerala,India,"Kala. Gopi, Kala. Mukundan, Kala. Hari Narayanan, Kala. Arun, Pattu: Kala. Madambi Subramanian Namboothiri, Sadanam Shivadas, Chenda: Kala. Unnikrishnan, Maddalam: Kala. Narayanan Nair",,Balu,archive2011-1q.asp
17-02-11,"Nala charidham randam divasam,Duryodhanavadham","Sasthamkotta Sree Dharma Sastha Temple,9.30pm",Kollam,Kerala,India,"Sri.Nelliyodu vasudevan nambuthiri,Kala balasubramanyan,Arkanur Gopalakrishnan,Kala Ramachandran,Kala Ravikumar,Kala Rajiv,Kala Hari R Nair,Kala Prasanth,Kala Anilkumar,Madhu varanasi,Mukundapuram Har","Sreekrishna Vilasam Kadhakali Yogam,Poruvazhy",R.Sreeram-9349955772,archive2011-1q.asp
17-02-11,KIRATHAM,"Thechikav Ayyappa temple,Chentrappinni,TCR dt",THRISSUR,Kerala,India,"Peesappilly Rajeevan.Nedumpally Ram mohan, Sadanam Jyothish Babu ..,",Prathishta dina utsavam-3 rd day,PCR VARMA,archive2011-1q.asp
16-02-11,"Kirmiravadham, Sitaswayamvaram, Dakshayagam","Guruvayur, Melpattur auditorium, 9.30 PM",,Kerala,India,"Padmashrî Kalamandalam GOpi, Kalamandalam Troupe",,Chakori,archive2011-1q.asp
16-02-11,Kirmiravadham + +,"Guruvayur, Melpattur auditorium",,Kerala,India,Padmashrî Kalamandalam Gopi,,Chakori,archive2011-1q.asp
16-02-11,"Kalyanasowgandhikam,Kiratham",Uliyakkovil Bhagavathy Kshethram(4k.m frm kollam rly station)11.30P.M,Kollam,Kerala,India,"Padmabhooshan Madavoor,Sadanam Krishnankutty,Kal.Ramachandran Unnithan,Kal.Ramachandran,Pathiyoor,etc",,"suresh.v,kollam",archive2011-1q.asp
16-02-11,Kuchella Vrittam,Sri Vallabha Kshetram Thiruvalla 05:00 am,Pattanamthitta,Kerala,India,Sri Vallabha troupe,,Jaya Parithamma,archive2011-1q.asp
15-02-11,Kiratham,Sri Vallabha Kshetram Thiruvalla 03:00 am,Pattanamthitta,Kerala,India,Sri Vallabha troupe,,Jaya Parithamma,archive2011-1q.asp
15-02-11,DAKSHAYAGAM-Kanninakkanandam muthal-Dadheeji ulpade,"Vadayar Elamkavu temple,Vaikom 7PM",Kottayam,Kerala,India,"Kala Sreekumar,Kala Soman,Kala Radhakrishnan etc,Kala Babu Namboothiri,Kala Hareesh,Kala Vinod Kottakkal Prasad,Kala Omanakuttan",Kshethropadesaka samithi,V.P.N. Namboothiri,archive2011-1q.asp
15-02-11,Lavanasuravadham,"Kottamkulangara Temple, Alappuzha",Alappuzha,Kerala,India,"Seetha - Varanadu Sanal Kumar, Kusan - Kalakshethra Agninandha, Lavan - Kalakshethra Sreeja Soman, Sathrugnan - Kalakshethra Suchitra Suresh, Hanuman - R.L.v. Gopi pattu - Kala Balachandran, Chenda - ","Kerala Kalakshethra , Amballoor",Krishnan,archive2011-1q.asp
14-02-11,"Nalacharitham nalam Divasam, Kiratham","Meenkulathi Temple, Pallassana",Palakkad,Kerala,India,"PSV Nattya sangam, Kottakkal",Pazhayakavu Devaswam,Sreekumar,archive2011-1q.asp
14-02-11,Santhana Gopalam,Sri Vallabha Kshetram Thiruvalla 01:00 am,Pattanamthitta,Kerala,India,Sri Vallabha troupe,,Jaya Parithamma,archive2011-1q.asp
14-02-11,"THOTAYAM , PURAPPAATU , NALACHARITHAM MOONNAAMDIVASAM","Sri Bellikunath Bhagavathi Kavu,East Bellikoth,Kanjangad 7:30pm",Kasargod,Kerala,India,"THOTAYAM:Klm.Arun Ramesh,Klm.Aadithyan.PURAPPAATU:Klm.Sucheendranathan,Klm. Chinosh Balan.Nalan:Klm.Manojkumar,Karkotakan:Klm.Arun Ramesh,Baahukan: Ettumanoor P.Kannan,Rithuparnan:Klm.Chinosh Balan,Je",Ambala Committee 9249 800700,"M.K.Aniyan, Irinjalakuda",archive2011-1q.asp
14-02-11,Nalacharitham Munnamdivasam,"Sri Bellikunath Bhagavathi Kavu,East Bellikoth at 7:30",Kasargod,Kerala,India,Nalan - Kala Manoj:Kargodakan-Kala Arun Ramesh:Bahukan -Ettumanoor Kannan; Sudevan-Peeshappili Rajeevan;Damayanthi-Kala Sucheendran Pattu - Kala Hareesh & Kala Vinod &Kala Ajesh Chenda - Kala Nandakum,Ampala Committee,Jayarajan Pulikkodan,archive2011-1q.asp
13-02-11,Keechaka Vadham,Sri Vallabha Kshetram Thiruvalla 01:00 am,Pattanamthitta,Kerala,India,Sri Vallabha troupe,,Jaya Parithamma,archive2011-1q.asp
13-02-11,Ravanodbhavam,"KALIKOTA PALACE,Thripunithura 6 p.m.",Ernakulam,Kerala,India,"Maalyavan-Nelliyodu Vasudevan Nambuthiri,Sumali-Pariyanampatta Divakaran Nambuthiri,Mali-Kal.Hari R.Nair,Naradhan-Kalluvazhi Vasu,Panchali-R.L.V.Gopi,Indran-Kal.Radhakrishnan,Mahavishnu-R.L.V.Pramod,P",Thripunithura Kathakali Kendram,"Biju Anand,North Paravur",archive2011-1q.asp
13-02-11,Nalacharitham moonnam divasam,"Ayodhya Auditorium, Payyannoor 4.30 pm",Kannur,Kerala,India,"Kala.Gopi-Sudevan, Sada.Krishnankutty-Bahukan, Kala.Balasubrahmanian-Nalan, Kala.Ramachandran Unnithan-Karkodakan, Margi Vijayan-Damayanthi,Kala.Manoj-Rithuparnan.Kalani.Unnikrishnan,Kala.Unnikrishnan",Payyannoor kathakaliarangu,Dr.P.Pavithran,archive2011-1q.asp
13-02-11,Prahlada Charitham,"Meenkulathi Temple, Pallassana",Palakkad,Kerala,India,"PSV Nattya sangam, Kottakkal",Pazhayakavu Devaswam,Sreekumar,archive2011-1q.asp
12-02-11,Sampoorna Ramayanam,"Meenkulathi Temple, Pallassana",Palakkad,Kerala,India,"PSV Nattya sangam, Kottakkal",Pazhayakavu Devaswam,Sreekumar,archive2011-1q.asp
12-02-11,"Rugmangadha charitham, Duryodhan vadham","Meenkulathi Temple, Pallassana",palakkad,Kerala,India,"PSV Nattya sangam, Kottakkal",Pazhayakavu Devaswam,Sreekumar,archive2011-1q.asp
12-02-11,Sampoorna Ramayanam,"Meenkulathi Temple, Pallassana",Palakkad,Kerala,India,"PSV Nattya sangam, Kottakkal",Pazhayakavu Devaswam,Sreekumar,archive2011-1q.asp
12-02-11,Nalacheritham 1,"BASALIOS COLLEGE,Kottayam at 1PM",Kottayam,Kerala,India,"Nala: Kala. Gopi, Hamsa: Sadanam Krishnankutty, Damayanthi: Margi Vijayakumar, Pattu: Pathiyoor Shankarankutty, Kalanilayam Rajeev, Chenda: Kuroor Vasudevan Namboothiri, Maddalam: Kalanilayam Manoj (B",,Hari,archive2011-1q.asp
12-02-11,"Nalach eritham 2, Daksha Yagam",Sri Vallabha Kshetram Thiruvalla 9:00 pm,Pattanamthitta,Kerala,India,Kalamandalam troupe,,Jaya Parithamma,archive2011-1q.asp
11-02-11,Bakka Vadham,Sri Vallabha Kshetram Thiruvalla 01:00 am,Pattanamthitta,Kerala,India,Sri Vallabha troupe,,Jaya Parithamma,archive2011-1q.asp
11-02-11,"Rugmangadha charitham,Kuchelavritham","Meenkulathi Temple, Pallassana",Palakkad,Kerala,India,"PSV Nattya sangam, Kottakkal",Pazhayakavu Devaswam,Sreekumar,archive2011-1q.asp
10-02-11,"Santhanagopalam,seethaswayamvaram","Meenkulathi Temple, Pallassana.",Palakkad,Kerala,India,"PSV Nattya sangam, Kottakkal",Pazhayakavu Devaswam,Sreekumar,archive2011-1q.asp
10-02-11,Nizhal Kuttu,Sri Vallabha Kshetram Thiruvalla 12:30 am,Pattanamthitta,Kerala,India,"Mathoor Govindankutty, Kottayam Ramakrishnan, Oyoor Ramachandran, Kalanilayam Karunakara Kurup, Thiruvalla Babu, Thiruvalla Sadashivan, Kalakendram Muralidharan Namboothiri, Kalanilayam Vinod, Pattu: ",,Jaya Parithamma,archive2011-1q.asp
10-02-11,Arjuna Vishada Vruttham,Pallasna Temple,Palakkad,Kerala,India,"Kottakkal Troupe: Jayadrathan : Sri Kottakkal Chandrasekharan Dussala: Kottakkal Vasudevan Arjunan: Sri Kottakkal Kesavan Kundalayar Sri Krishnan : Sri Kottakkal Sudheer Pattu: Kottakkal Narayanan, Ko",Temple,Raju,archive2011-1q.asp
10-02-11,"KARNASAPADHAM, DURYODHANAVADAM","KURAKANNI, NEAR VARKALA",Thiruvananthapuram,Kerala,India,"Karnan - Sadanam Krishnankutty, Kunthi - Kalamandalam Rajasekaran. Duryodanavadam - Duryodanan - Sri Madavoor Vasudevan Nair, SreeKrishnan - Ettumanoor P. KANNAN, Panchali - Margi Vijayakumar, RowdraB",UNNI - 9645542356,VN,archive2011-1q.asp
09-02-11,Kalyana Sougandhikam,"Govt Moyan L P School, Palakkad. 7.30 p.m. (6pm function)",Palakkad,Kerala,India,"Kot. Nandakumaran, Thrippayya Peethambaran, Kala Arun Varyar, Its part of ""Kunchuvaettan Anusmaranam"" by Samiti",Kunchuvaettan Anusmarana Samithy-9961041471,Satheesan Thekkumpat,archive2011-1q.asp
09-02-11,"Poothana Mooksham, Kalyana Saugandhikam",Sri Vallabha Kshetram Thiruvalla 01:00 am,Pattanamthitta,Kerala,India,Sri Vallabha troupe,,Jaya Parithamma,archive2011-1q.asp
09-02-11,Prahaladhacharitham,"Kuppiyadikavu Temple, Vaikam",Kottayam,Kerala,India,"Hiranyakashipu - R.L.V. Gopi, Sukracharyan - Sadhanam Vijayan, Narasimham - Jayakumar","Kuppiyadikavu Temple, Vaikam",Krishnan,archive2011-1q.asp
08-02-11,"Karna Shapadam, Duryodhana Vadham",Sri Vallabha Kshetram Thiruvalla 9:00 pm,Pattanamthitta,Kerala,India,"Kottakkal Chandrashekara Warrier, Talavadi Aravindan, Oyoor Ramachandran, Kala. Rajashekaran, Kala. Soman, Kala. Sreekumar, FACT Mohan, Kottakkal Devadas, Kalanilayam Karunakara Kurup, Kalabharathi Ha",,Jaya Parithamma,archive2011-1q.asp
08-02-11,Duryodhanavadham,AYIROOR PUTHIYAKAVU,Pathanamthitta,Kerala,India,"Duryodanan - Ettumanoor P. KANNAN, Dussananan - Sri Ramachandran Unnithan",Johnson(PathanamthittaKathakaliclub)9496950979,VN,archive2011-1q.asp
08-02-11,Duryodhanavadham,AYIROOR PUTHIYAKAVU,Pathanamthitta,Kerala,India,"Duryodanan - Ettumanoor P. KANNAN, Dussananan - Sri Ramachandran Unnithan",Johnson(PathanamthittaKathakaliclub)9496950979,VN,archive2011-1q.asp
07-02-11,Sri Vallabha Cheritham,Sri Vallabha Kshetram Thiruvalla 12:30 am,Pattanamthitta,Kerala,India,Sri Vallabha troupe,,Jaya Parithamma,archive2011-1q.asp
07-02-11,"Othello Kathakali by Kalakshetra, Chennai","Regional Theatre, Kerala Sangeeta Nataka akademi, Trichur",Trichur,Kerala,India,"Guru Sadanam Balakrishnan as Othello and Padmashree Leela Samson (Director, Kalakshetra) as Desdemona.",Pallavi Krishnan Lasya Akademi,Lasyotsavam,archive2011-1q.asp
06-02-11,"Devayani Charidham,Bali Vijayam","Pandaravila Muhurthy Temple,Kovoor,Kollam",Kollam,Kerala,India,"Sri.Sadanam Krishnan Kutty,Mayyandu Kesavan Nambuthiri,Kala. Ramachandran,Kala Sreekumar,Arkannur Gopalakrishnan,Kala Rajeevan Nambuthiri,Kala Prasanth,Kala Arun Pattu-Pathiyur Sankaran Kutty,Kottakka",Pandaravila Muhurthy Temple festival Committee,R.Sreeram-9349955772,archive2011-1q.asp
06-02-11,UTTARASWAYAMVARAM,"GAYATHRI KALYANAMANDAPAM ,TALI ,KOZHIKODE",KOZHIKODE,Kerala,India,"SADANAM KRISHNAN KUTTY,HARIKUMAR,MANIKANDAN,KRISHNADAS,SRINATHAN,SURESH VISHNUPRASAD,KRISHNAPRASAD,GIRISH,KALANILAYAM BALAKRISHNAN ETC; MUSIC;KALA;NARAYANAN NAMBISAN,SADANAM HARIKUMAR,SHYAMALAN,KRISHN",THODAYAM KATHAKALI YOGAM,satheesan c m,archive2011-1q.asp
05-02-11,"Nalacharitham Randam divasam,Kiratham.",Chavara Thekkum Bhagom-Panakkattode Temple,Kollam,Kerala,India,"Padmasree Kal.Gopi,Kal.Ramachandran Unnithan,Margi Vijayakumar,THalavady Aravindan,Mayyanad Rajeev,Pathiyoor,Kuroor,etc",,"suresh.v,kollam",archive2011-1q.asp
05-02-11,Kalyana Saugandhikam,Ambalapuzha 9:00 am,Alleppey,Kerala,India,"Kala. Shanmugan, Kalanilayam Vinod, Kalanilayam Vijayan, Pattu: Kala. Jayaprakash, Kalanilayam Babu, Chenda: Kala. Sreekanth Varma, Maddalam: Kalanilayam Manoj",,Balu,archive2011-1q.asp
05-02-11,"Ambareesha charitham, Duryodhanavadham","Kanhangad Kavvai Molothumkuzhy Sreekrishnapuram temple, 8.30 pm",Kasargod,Kerala,India,"PSV Natyasangham, Kottakkal","Dr.P.Pavithran,9447124107",Dr.P.Pavithran,archive2011-1q.asp
03-02-11,Prahaladhacharitham,Amaravathi Temple,Ernakulam,Kerala,India,"Hiranyakashipu - RLV Raghu, Srukracharyan - Sadhanam Vijayan, Prahaladhan - Vivek, Narasimham - R.L.V. Gopi Pattu - Kala Gopalakrishnan, Kala Sucheendran, Chenda - Kala Vijayan, Kala Asokan, Madhalam ",Amaravathi Temple,Krishnan,archive2011-1q.asp
02-02-11,Dhakshayagam,Vaikam Sree Maha Deva Temple,Kottayam,Kerala,India,"Dhakshan (1) - R.L.V Gopi, Vedhavalli - Gopika, Sivan - RLV Sunil Pallipuram, Sathi - Kalabhavanum Girish, Nandhikesharan - Kala Radhakrishnan, Dhakshan (2) - RLV Raghu, Veerabhadran - FACT Biju Bhask",Vaikam Devasom,Krishnan,archive2011-1q.asp
01-02-11,"Nalacharitham 2 (Kattalan, Damayanthi)","L.B.S.M.H.S.S, Avittathur (Near Irinjalakuda)",Thrissur,Kerala,India,"Kattalan - Vinod Warrier, Damayanthi - Supriya ; Sangeetham - Palanad Divakaran, Panayoor Kuttan ; Chenda - Kalanilayam Kunjunni ; Maddhalam - Kalanilayam Prakashan","L.B.S.M.H.S.S, Avittathur",Vinod Warrier,archive2011-1q.asp
31-01-11,"Harischandra Cheritham, Santhana Gopalam",Aranmula Parthasarathy Temple,Pattanamthitta,Kerala,India,"Kala. Kesavan Namboothiri, Kala. Ramachandran Unnithan, Oyoor Ramachandran, FACT Mohan, Talavadi Aravindan, Madhu Varanasi, Thiruvalla Babu, Kala. Ullas, Kala. Arun, Kalavedi Shankardas, Pattu: Kala. ",,Balu,archive2011-1q.asp
31-01-11,DAKSHAYAGAM,DAKSHAYAGAM,Kannur,Kerala,India,"Kalamandalam Soman, ETTUMANOOR P. KANNAN, Kalamandalam Shanmugan etc",Renuka Varma 08891799964,VN,archive2011-1q.asp
30-01-11,"Nalacharitham Onnam Divasam, Keechakavadham",Kannur,Kannur,Kerala,India,"Nalan - ETTUMANOOR P. KANNAN, Hamsam - Sadanam Bhasi, Keechakan - Kalamandalam Soman",Renuka Varma 08891799964,VN,archive2011-1q.asp
30-01-11,"Nalacheritham 2, Santhana Gopalam",Sri Vallabha Kshetram Thiruvalla,Pattanamthitta,Kerala,India,"Kala. Krishnakumar, Kala. Gopi, Margi Vijayakumar, Kala. Ramachandran Unnithan, Talavadi Aravindan, Thiruvalla Babu, Pattu: Kala. Balachandran, Kala. Babu Namboothiri, Kala. Jayaprakash, Chenda: Kala.",,Balu,archive2011-1q.asp
30-01-11,Nizhal Kuthu,"Dhakshinamookambika Temple, North Paravur, 6.30 p.m.",Ernakulam,Kerala,India,"Duryodhanan-Kal.Pradeep,Malayan-Sadanam Krishnankutty,Malayathi-Oyur Ramachandran,Doothan-R.L.V Pramod,Thrigarthan-Kal.Hari R.Nair,Manthravadhi-Kal.Ravikumar,Parikarmi-Kal.Hari R.Nair,Srikrishnan-Kal.","Kshethropadesaka Samithi,DhakshinamookambikaTemple","Biju Anand, North Paravur",archive2011-1q.asp
29-01-11,"Kuchella Vrittam, Bali Vijayam",Sri Vallabha Kshetram Thiruvalla,Pattanamthitta,Kerala,India,"Nelliyod Vasudevan Namboothiri, Ettumanoor Kannan, FACT Mohan, Thiruvalla Babu, Talavadi Aravindan, Pattu: Kala. Krishnankutty, Kala. Balachandran, Kala. Devakumara Varma, Chenda: Ayamkudi Unnikrishna",,Balu,archive2011-1q.asp
29-01-11,Duryodhanavadham,"NAFA Theatre, Bugis, Singapore, 7 PM",,Singapore,Singapore,"Duryodhanan: Kala Sudevan, Dussasanan: Kala Biju, Darmaputran: Mr Ganesh Iyer, Kutti Bheeman: Kalarangam Santhosh, Panchali: Pramod Nrityalaya, Sakuni: Kala Prasad, Krishnan: Kalarangam Santhosh, Mumu","Bhaskar's arts academy Kathakali troupe, Singapore",Ganesh,archive2011-1q.asp
29-01-11,Nala charitham Onnam Divasam,"Kannmkulangara Sreekrishna Temple, North Paravur.6.30 p.m.",Ernakulam,Kerala,India,"Nalan-Kal.Shanmukhadas,Damayanthi-Sadanam Vijayan,Naradan-R.L.V Pramod,Hamsam-Dr.E.N.Narayanan,Thozhi-R.L.V Pramod,Pattu-Kaln.Rajeev,Kal.Sudheesh,Chenda-Gopikrishnan Thamburan,Madalam-Kaln.Manoj,Chutt",Thiruvulsava Committee,"Biju Anand, North Paravur",archive2011-1q.asp
27-01-11,Solo Stree Vesham with Naraka Sura Vadham Lalitha as the highlight,"J.S.S.Auditorium, BANGALORE 6;15 pm",Bangalore,Karnataka,India,"Vesham: Prabal Guptha, Pattu: Kalamandalam Mohanakrishnan,, Chenda and Edakka : Kalamandalam Krishna Praveen, Maddalam : Kalamandalam Aneesh",Prestigious 27th Kinkini Dance Festival,Prabal Gupta,archive2011-1q.asp
26-01-11,Daksha Yagam,Trivandrum,Thiruvananthapuram,Kerala,India,"Kala. Balasubramanian, etc",,Hari,archive2011-1q.asp
26-01-11,"Santhanagopalam, Duryodhanavadham","Chittannur Sri Krishna Temple, Vilayancode",Kannur,Kerala,India,"Kottakkal Chandra sekhara Warrier as Brahmanan, and Kottakkal Devadas as Rowdra Bheeman",9447054908,Deepu Vasudevan,archive2011-1q.asp
26-01-11,Duryodhana vadham,kanakakkunnu palace trivandrum,trivandrum,Kerala,India,"Madavoor aasaan,oyoor Ramachandran..............",,harisankar sv,archive2011-1q.asp
26-01-11,Dakshayagam,kanakakkunnu palace trivandrum,trivandrum,Kerala,India,"Balasubrahmanyan, Unnithan, Shanmughan, Hari R nair..............",,harisankar sv,archive2011-1q.asp
25-01-11,BHAKAVADAM & SUBHADRA HARANANM,THIRUVAMBADY SREE PADMAM AUDITORIUM HALL TRICHUR 6.00 PM,TRICHUR,Kerala,India,"ASHARI-KOT.DEVADAS,DHARMAPUTRAR -KLM.BAJIYO,BHEEMAN -KLM.NEERAJ,KUNTHI-KALA.SHIBI CHAKRAVARTHI BALABHADRAR -KLM.SOMAN,SREEKRISHNAN-KLM HARINARAYANAN PATTU:SDM.SIVADASAN,KLM VISWAS CHENDA:KLM BALASUNDA",Natyapriya Sankaramkulangara Trichur 9387103510,Vivek P,archive2011-1q.asp
25-01-11,Duryodhana Vadham,Trivandrum,Thiruvananthapuram,Kerala,India,"Madavoor Vasudevan Nair, Thonnakkal Peethambaran, Oyoor Ramachandran, Kottakkal Ravikumar, Pattu: Kala. Balachandran, Kala. Sajeev, Chenda: Kalanilyam Kunjunni, Maddalam: Kala. Achutha Warrier",,Hari,archive2011-1q.asp
25-01-11,Karnasapadham,Kannur 06pm,Kannur,Kerala,India,"Karna: Ettumanoor P Kannan. Kunti: Pissappalli Rajivan. Singers: Kottakkal Madhu, Rammohan",Renuka Varma 08891799964,Renuka Varma,archive2011-1q.asp
25-01-11,"NALACHARITHAM ONNAAMDIVASAM(UTTHARABHAAGAM) , LAVANAASURAVADHAM , KIRAATHAM","Kalanilayam Hall , Irinjalakuda 6.30pm",Thrissur,Kerala,India,"36th Annual day celebrations of Dr.K.N.Pisharoty Smaraka Kathakali Club and Award Presentation to Klm.Narayanan Namboothiri, Pariyanampatta Divakaran and Ktl,Krishnandas.8.30pm:KATHAKALI. PURAPPAATU(w","KATHAKLI CLUB, IRINJALAKUDA 9249800700","M.K.Aniyan, Irinjalakuda",archive2011-1q.asp
24-01-11,DAKSHAYAGAM,"Sankarankulankara Temple, Kannattukara Trchur 2PM and 6.30 PM",TRICHUR,Kerala,India,"Dakshan - ETTUMANOOR P. KANNAN, Sivan - Kalamandalam Manoj Veerabadran - Hari R. Nair,from: matter: Venue Sankarankulamgara Temple Kannattukara (Punkunnam) Time 2.00pm Choliyattam - Narakasuravadham A",Vinu Vasudevan 9446769199,VN,archive2011-1q.asp
24-01-11,Nalacheritham 1,Trivandrum,Thiruvananthapuram,Kerala,India,"Kala. Gopi, Kala. Rajashekaran, Kala. Ratheesh, Kalanilayam Raghavan, Pattu: Pathiyoor Shankarankutty, Kalanilayam Rajeev, Chenda: Kala. Krishnadas, etc",,Hari,archive2011-1q.asp
24-01-11,Nalacharitham onnam divasam,kanakakkunnu palace trivandrum,trivandrum,Kerala,India,"Gopi aasaan, Kalanilayam Raghavan,Kala.Rajasegharan..............",,harisankar sv,archive2011-1q.asp
23-01-11,Thoranayudham,kanakakkunnu palace trivandrum,trivandrum,Kerala,India,"Sadanam krishnankutty, Ettumanoor Kannan.............",,harisankar sv,archive2011-1q.asp
23-01-11,Thorana Yudham,Trivandrum,Thiruvananthapuram,Kerala,India,"Sadanam Krishnankutty, Ettumanoor Kannan, Mathoor Govindankutty, Pattu: Palanad Divakaran, Margi Sivadas, Chenda: Sadanam Ramakrishnan, Maddalam: Kala. Prakash",,Hari,archive2011-1q.asp
23-01-11,"Krishaayanam ( Sree krishna as main "" veesham ""","Narasimha Parthasaarathy Temple,Thiruvangoor, Koylandy.",Kozhikode,Kerala,India,Chittappeduthiyathum Krishanan aayi rangathum - Kala.Balasubrmanianan.Sangeetham - Kala.Sukumaran.Kalathil Unnikrishan Aaasayaavishkaranam:Kalathil Unnikrishanan & Sasi Oravankara,Kaliyarangu Koylandy.+919388831124,Narayanan Namboodiripad Cheram,archive2011-1q.asp
23-01-11,Santhana Gopalam,Sri Vallabha Kshetram Thiruvalla,Pattanamthitta,Kerala,India,"FACT Mohan, Kalanilayam Vinod, Talavadi Aravindan, Thiruvalla Babu, Pattu: Kala. Surendran, Kalanilayam Sinu, Parimanam Madhu, Chenda: Ayamkudi Unnikrishnan, Thiruvalla Harikumar, Maddalam: Thiruvalla",,Balu,archive2011-1q.asp
23-01-11,THORANAYUDHAM,"NISHAGANDHI FESTIVAL, MUSEUM AUDITORIUM",Thiruvananthapuram,Kerala,India,RAVANAN - ETTUMANOOR P. KANNAN HANUMAN - SADANAM KRISHNANKUTTY,NISHAGANDHI FESTIVAL COMMITTEE,VN,archive2011-1q.asp
23-01-11,"Nalacharitham Randam Divasam ( Kattalan's Rangam) & Rambhaprav 6,30 PM",SreeShankaramkulangaraTempleKannattukara( Punkunnam) 6.30PM,Trichur,Kerala,India,"Nalacharitham Randam Divasam Kattalan- Sdm Bhasi,Damayanthi - Klm Kashinathan Rambhapravesham Ravanan- Klm Pradeepkumar,Rambha-Vellinezhi Haridas,Dudhan-Klm.Neeraj Pattu: Sdm. Shyamalan,Klm Vishwas Ch",Natyapriya Sankaramkulangara Trichur 9387103510,Vivek P,archive2011-1q.asp
23-01-11,Ravanodbhavam(Purva Bagam),Changampuzha Park Edapally 6 PM,Ernakulam,Kerala,India,"Nelliyodu Vasudevan Namputhiri(Mali); Kal Ramachandran Unnithan(Sumali); Pariyananmpatta Divakaran(Malyavan) FACT Biju (Indran); RLV Pramod(Naradan); RLV Sunil (Mahavishnu) ; Kal Gopalakrishnan, Sadan",Edapally Kathakali Aswadaka Sadas,Renjith R 9447161980,archive2011-1q.asp
23-01-11,Santhanagopalam,"Udhayanapuram Temple, Vaikam",Kottayam,Kerala,India,"Sreekrishnan - R.L.V Sunil Pallipuram, Arjunan - Kala Prasanth, Bhramanan - R.L.V. Gopi, Bhramanasthree - Kalabhavanam Girish, Pattu - Kala. Babu Namboothiri, FACT Jayaprasad, Kala Rajesh Babu, Madhal",Udhayanapuram Temple,Krishnan,archive2011-1q.asp
22-01-11,Keechakavadham,Changampuzha Park Edapally 6 PM,Ernakulam,Kerala,India,"Kal Vijayakumar(Syrandri), Haripriya Namputhiri(Sudeshna); Kottackal Nandakumar(Keechakan); Kalanilayam Vinod(Valalan) Palanad Divakaran, Meledam Narayanan Namputhiri(Music); Kal Ramannamputhiri(Chend",Edapally Kathakali Aswadaka Sadas,Renjith R 9447161980,archive2011-1q.asp
22-01-11,"Rugmangada charitham, Duryodhanavadham","SreeKrishna Temple Ambalapuzha, Kalabham Festival 9 PM",Alapuzha,Kerala,India,"Kal Vasupisharody,Ettumanoor Kannan, Kal Shanmughan, Kal Vijayakumar, Kal Mukundan, Pathiyoor Sankarankutty, Kal Jayaprakash, Sadanam Ramakrishnan, etc.....",Sandarsan Kathakali Vidyalayam Ambalapuzha,Renjith R,archive2011-1q.asp
22-01-11,"Kuchella Vrittam, Santhana Gopalam",Sri Vallabha Kshetram Thiruvalla,Pattanamthitta,Kerala,India,"RLV Rajashekaran, Kalabharathi Manmadhan, Kalanilayam Rajashekaran, Thiruvalla Sadashivan, Kalarangam Madhavan Namboothiri, Pattu: Kala. Devakumara Varma, Kalanilayam Sinu, Kalabharathi Radhakrishnan,",,Balu,archive2011-1q.asp
22-01-11,Narakasura Vadham,Trivandrum,Thiruvananthapuram,Kerala,India,"Nelliyod Vasudevan Namboothiri, Naripatta Narayana Namboothiri, Margi Vijayakumar, etc, Pattu: Kottakkal Narayanan, Margi Damu, Chenda: Ayamkudi Unnikrishnan, Maddalam: Kala. Venukuttan",,Hari,archive2011-1q.asp
22-01-11,narakasura vadham,kanakakkunnu palace trivandrum,trivandrum,Kerala,India,"Nelliyodu, Narippatta, Margi Vijayakumar,Kott Narayanan............",,harisankar sv,archive2011-1q.asp
22-01-11,"Nalacharitham - 1st Day, Subhadraharanam (Krishnan & Balabhadran) and Duryodhanavadham","Rohini Auditorium, Guruvayur",Thrissur,Kerala,India,Leading artists,"944646978, 9447674218, 9447444186, 9446721588",SASI,archive2011-1q.asp
22-01-11,"Nalacharitham onnamdivasam,Subadraharanan(Balabhadran&Sreekrishnan)Duryodanavadham",Guruvayoor Rohini Auditorium,Thrisoor,Kerala,India,"Padmasree Kal.Gopi,Madavoor,Sadanam Krishnankutty,Kot.Chandrasekharan,Kal.Balasubramanyan,Kalamandalam Rajasekharan,Kot.Devadas,Pathiyoor,Kal.Krishnadas,etc.",Unnithan shashtibdapoorthi celebration9446469781,"suresh.v,kollam",archive2011-1q.asp
22-01-11,"Nalacharitam-1, Subhadraharanam, Duryodanavadham","Rohini Kalyana Mandapam, Guruvayur",trichur,Kerala,India,"60 th birt day celebration of Sri Kal Ramachandran Unnithan...Bhadradeepam by Kal Gopi(9am), Melappadam(9.30am),Seminar(11am), Pirannal Sadya(12 noon),Suhrud sammelanam(2pm),Sweekaranam(5.30pm), Katak",Unnithan shshtipoorthi committee(9446469781),"Kalarcode Murali, Alleppey",archive2011-1q.asp
21-01-11,karthaveeryarjuna vijaym,kanakakkunnu palace trivandrum,trivandrum,Kerala,India,"Injakkadu Ramachandranpilla, kala ratheesan,...........",,harisankar sv,archive2011-1q.asp
21-01-11,Karthaveera Arjuna Vijayam,Trivandrum,Thiruvananthapuram,Kerala,India,"Inchakkad Ramachandran Pillai, Athingal Peethambaran, Kala. Ratheesh, Margi Sukumaran, Margi Balasubramanian, Pattu: kala. Krishnankutty, Margi Nandakumar, Chenda: Kala. Krishnadas, etc",,Hari,archive2011-1q.asp
21-01-11,"Kuchella Vrittam, Santhana Gopalam",Sri Vallabha Kshetram Thiruvalla,Pattanamthitta,Kerala,India,"Talavadi Aravindan, Thiruvalla Babu, Kalarangam Madhavan Namboothiri, Pattu: Kala. Surendran, Kala. Devakumara Varma, Parimanam Madhu, Chenda: Ayamkudi Unnikrishnan, Kalabharathi Peethambaran, Maddala",,Balu,archive2011-1q.asp
21-01-11,Dakshayagam(from Poontenvani ..),Changampuzha Park Edapally 6 PM,Ernakulam,Kerala,India,"Padm. Kal Gopi(Dakshan1); Kal Sucheendran(Vedavalli); Kal Shanmughan(Sathi); FACT Biju Baskhar(Vrida Brahmin, Badrakali); Kal Harinarayanan(Sivan); Kal Prasanth(Dakshan2); Pallipuram Sunil(Indran); Ka",Edapally Kathakali Aswadaka Sadas,Renjith R 9447161980,archive2011-1q.asp
20-01-11,UTHARASWAYAMVARAM,"VENDAAR, KOLLAM DIST",KOLLAM,Kerala,India,"Duryodhanan - Kottakkal Chandrasekara Warrier, Brihannala - ETTUMANOOR P. KANNAN",Radhakrishnan 9947872607,VN,archive2011-1q.asp
20-01-11,UTHARASWAYAMVARAM,"VENDAAR, KOLLAM DIST",KOLLAM,Kerala,India,"Duryodhanan - Kottakkal Chandrasekara Warrier, Brihannala - ETTUMANOOR P. KANNAN",Radhakrishnan 9947872607,VN,archive2011-1q.asp
20-01-11,rugminiswayamvaram,kanakakkunnu palace trivandrum,trivandrum,Kerala,India,"Vasupisharody,krishnakumar,Mukundan. Kott Madhu............",,harisankar sv,archive2011-1q.asp
20-01-11,KUCHELAVRUTHAM,CALICUT CITY SERVICE CO--OPERATIVE BANK H O NEAR CHALAPPURAM POST OFFICE,KOZHIKODE,Kerala,India,Kuchelan naripatta narayanan namboodiri sreekrishnan -kesavan kundalayar rugmini- kala arun warriyar sangeetham-ktkl narayana vengeri narayanam chenda - ktkl vijayaragavan madalam kal harinarayanan ko,alicutcityco operativegabankthadayam kathakaliyom,SREEKUMAR,archive2011-1q.asp
20-01-11,Rukmini Swayamvaram,Trivandrum,Thiruvananthapuram,Kerala,India,"Kala. Krishnakumar, Kala. Vasu Pisharody, Kala. Mukundan, Pattu: Kottakkal Madhu, Kala. Harish, Chenda: Kuroor Vasudevan Namboothiri, Maddalam: Kalanilayam Manoj",Nishagandhi Festival,Hari,archive2011-1q.asp
20-01-11,rugmini swayam varam,trivandrum kanakakkunnu palace 7pm,trivandrum,Kerala,India,"kala Vasupisharody,mukundan,koottakkal Madhu, chenda Kuroor...........",,harisankar sv,archive2011-1q.asp
19-01-11,Nizhalkuth,"Mannurkavu Devi Temple,Mynagappally-(near Karunagappally)",Kollam,Kerala,India,"Kala Ratheesan,Kala Ramachandran,FACT Mohanan,Kala Hari.R.Nair,Kala Prasanth,Kala Anil Kumar,Kala Akhil,Master Kannan","Sreekrishnavilasam Kadhakali Yogam,Poruvazhy",R.Sreeram-sreeramllb@gmail.com,archive2011-1q.asp
19-01-11,Nizhalkuth,"Mannurkavu Devi Temple,Mynagappally-(near Karunagappally)",Kollam,Kerala,India,"Kala Ratheesan,Kala Ramachandran,FACT Mohanan,Kala Hari.R.Nair,Kala Prasanth,Kala Anil Kumar,Kala Akhil,Master Kannan Pattu-Kala Balachandran,Kalabharathy Suresh Chenda-Kalabharathy Suresh Maddalam-Ka","Sreekrishnavilasam Kadhakali Yogam,Poruvazhy",R.Sreeram-sreeramllb@gmail.com,archive2011-1q.asp
19-01-11,Nizhalkuth,"Mannurkavu Devi Temple,Mynagappally-(near Karunagappally)",Kollam,Kerala,India,"Kala Ratheesan,Kala Ramachandran, FACT Mohanan,Kala Hari.R.Nair, Kala Prasanth,Kala Anil Kumar, Kala Akhil,Master Kannan Pattu-Kala Balachandran, Kalabharathy Suresh Chenda-Kalabharathy Suresh Maddala","Sreekrishnavilasam Kadhakali Yogam,Poruvazhy",R.Sreeram-sreeramllb@gmail.com,archive2011-1q.asp
18-01-11,HARICHANDRACHARITHAM,KEECHAPPILLIL DEVI TEMPLE 9 PM,KOLLAM,Kerala,India,"KOTTAKKAL CHANDRASEKHARAWARRIER,KALA.RAMACHANDRANUNNITHAN,KALA.OYOOR RAMACHANDRAN,KOTTAKKAL DEVADAS,KALA.HARI R NAIR,KALA.ANILKUMAR,MADHU VARANASI ETC.PATTU-PATHIYOOR SANKARANKUTTY,KALA.BALACHANDRAN,K",9497619038,AJITH,archive2011-1q.asp
18-01-11,Nizhalkuthu,"Vazhakkulam Temple, Muvattupuzha",Ernakulam,Kerala,India,"Dhuruyodhanan - FACT Mohanan, Malayan - Kala Sankaranarayanan, Malayathi - Sathyabhama, Mandhravadhi - R.L.V. Gopi, pattu - Kala Rajesh Babu, Kala Sreejith, Chenda - Kalavedhi Murali, Madhalam - Kala ",Vazhakkulam Temple,Krishnan,archive2011-1q.asp
17-01-11,KEECHAKAVADHOM,PATTAMBI GURUVAYOORAPPAN TEMPLE 06 30 pm,Palakkad,Kerala,India,Vesham kalaBalasubramanyan kalaSivdasn kalaRagesh kalaNarayanankutty Pattu kalaMohanakrishnan kala Sivaprasad chenda kalaVijayakrishnan maddalam kalaAneesh,Sreekala Valloor Pattambi 9387060935,DR RAMAN NAMBISAN 9496192628,archive2011-1q.asp
17-01-11,"Usha Chitralekha, Duryodhanavadham","Kuripuzha Thottinkara Bhagavathy temple 9 P.M,",Kollam,Kerala,India,"Margivijayakumar-Chithralekha,Kal.Anilkumar-Usha, Ramachandran unnithan-Duryodanan,Kottakal devadas-Dussasanan,Ettumannor kannan-Sreekrishnan,Kal.Ramachandran-Panchali,FACT Mohanan-Roudra Bheeman.Patt",Suresh 9447764533,Ettumanoor P. Kannan,archive2011-1q.asp
17-01-11,SANTHANAGOPALAM,630PM Pattambi GurruvayoorappanTemple,PALAKKAD,Kerala,India,vesham KottakkalChandrasekharan kalaMPSNamboodiri kalaSivadasan kalaRajesh pattuPalanadDivakaran KottakkalNarayananVengery chendaKottakkalVijayaraghavan maddalamKalaNarayanan koppuKalatharanginy,KALA SIVADASAN 9387060935,VSGodanNamboodiripad,archive2011-1q.asp
16-01-11,KALIANASOUGANDHIKAM,6 30 pm PattambiGuruvayoorappanTemple,PALAKKAD,Kerala,India,"Vesham:kala Kuttikrishnan, kala,Sivadasan, kala Rajesh, Pattu: Kala Narayanan Nambudiri,Sadanam Sivadasan, chenda: kala Vijayakrishnan, maddalam: kala Narayanan, koppu: Kalatharangini.",KALA SIVADASAN 9387060935,DrRamanNambisan,archive2011-1q.asp
16-01-11,KALYANASOUGANDHIKAM,KEECHAPPILLIL DEVI TEMPLE 8 PM,KOLLAM,Kerala,India,"BHEEMAN-ETTUMNUR KANNAN,PANCHALI-MADHU VARANASI,HANUMAN-KOTTAKKAL NANDAKUMARAN;CHENDA-KALA.SIVADASAN,MADDALAM-KALABHARATHI REMANAN;PATTU-KOTTAKKAL MADHU,KALA.VISHNU",9497619038,AJITH,archive2011-1q.asp
16-01-11,Keechaka Vadham,Mangad,,Kerala,India,"Keechaka: Kala. Krishnakumar, Syrandri: RLV Radhakrishnan, etc",,Hari,archive2011-1q.asp
16-01-11,Bali Vijayam,"Sastha Auditorium, Statue Jn.,Thripunithura 6 p.m.",Ernakulam,Kerala,India,"Ravanan-Kal.Soman,Naradan-R.L.V.Damodara Pisharadi,Bali-Sad.Mohanan,Pattu-Kal.N.N.Kolathapilly,Kal.Rajesh Babu,Chenda-Kal.Radhakrishnan,Madalam-Kal.Gopikuttan,Chutti-Eroor Manoj, Aniyara-Eroor Sasi,Su",Thripunithura Kathakali Kendram,"Biju Anand, North Paravur",archive2011-1q.asp
16-01-11,Kirmeeravadham(poorvabhagam),"Gov.TTI, budh jn. Mavelikara",alqappuzha,Kerala,India,"kal. Gopi,FACT . Padmanabhan, Kal. Krishnaprasad, Kal. Balakrishnan, Kal. Rajeev madambi subramanyan namboothiri, nedumbully rammohan, kal. Unnikrishnan, Kal Narayanan nair, Kal. Narayanan varanasi, E",kathakali aswadaka sangham,kalamandalam sreekanth varma,archive2011-1q.asp
16-01-11,Rugmini Swayamwaram,"Asramom Sreekrishna Temple,7P.M",Kollam,Kerala,India,"Kal.Kesavan Namboothiri-Sundara Brahmanan,Kal.Anilkumar-Rugmini,Kal.Mukundan-Sreekrishnan,Pattu-Kal.Vinodh,Kal.Sabari,Chenda-Kalanilayam Rathesh,",Sandarsan Ambalappuzha,"suresh.v,kollam",archive2011-1q.asp
16-01-11,Sreeramapattabhishekam,Ayyappan Kavu Temple,Ernakulam,Kerala,India,"R.L.V Gopi, FACT Padhmanabhan, Sasikumar, Kala Sreekumar, Kala. Rajendran, Kalanilayam Babu, Gopikrishnan, Kala Haridas etc",Ayyappankavu Temple,Krishnan,archive2011-1q.asp
15-01-11,"Nalacharitham (Onnam Divasam), Hamsavum, Dhamayandhi",Chovara Temple,Ernakulam,Kerala,India,"Hamsam - R.L.V Gopi, Dhamayandhi - R.L.V Radhakrishnan",Chovara Temple devasam,Krishnan,archive2011-1q.asp
15-01-11,Banna Yudham,Alway,,Kerala,India,"RLV Radhakrishnan, etc",,Hari,archive2011-1q.asp
15-01-11,Utharasoyamvaram,"Parvathy Kalyanamandapam,Palakkad. 7 p.m",Palakkad,Kerala,India,"Duryodanan-Kala.Soman,Bhanumathy-Smt.Haripriya Namboodiri,Dhuthan-Sadanam Bhasi,Thrigarthan-Kottakkal Devadas,Utharan-Kala.Suchindranath.SANGEETHAM-Kottakkal Madu,Nedumpally Ram mohan,Sadanam Jyothish",Vazhenkada Kunchu Nair Smaraka Trust. 9447838003,Biju Thekkumpat,archive2011-1q.asp
15-01-11,RAMAYANAM,MANUURKAVU,KARUNAGAPALLY,Kerala,India,"RAVANAN - ETTUMANOOR P. KANNAN, SREERAMAN - KALA RAJEEVAN, SEETHA - KALA ANIL ETC",KALA/ ANIL,V.N,archive2011-1q.asp
15-01-11,RAMAYANAM,MANNURKAVU,KARUNAGAPALLY,Kerala,India,"RAVANAN - ETTUMANOOR P. KANNAN, SREERAMAN - KALA. RAJEEVAN, SEETHA - KALA. ANIL ETC",KALAMANDALAM ANIL,V.N,archive2011-1q.asp
14-01-11,KARNASAPATHAM,KEECHAPPILLIL DEVI TEMPLE 8 PM,KOLLAM,Kerala,India,"DURYODHANAN-KALA.SREEKUMAR,BHANUMATHI-KALA.ANILKUMAR,KARNAN-SADANAM KRISHNANKUTTY,DUSSASANAN-KOTTAKKAL DEVADAS,KUNTHI-MARGI VIJAYAKUMAR;PATTU-PATHIYOOR SANKARANKUTTY,KALA.SAJEEVAN;CHENDA-KURUR VASUDEV",9497619038,AJITH,archive2011-1q.asp
14-01-11,Nalacharitham Nalam Divasm,Thrikoor Mahadev Kshetram (6.00 PM),Trichur,Kerala,India,"Bhahukan - Padmsree Klm.Gopiashan,Damayanthi -Klm.Shanmugan,Keshini - Klm. Suchindran.Pattu Kot.Narayanan,Nedumpilly Raman,Chenda,Chenda - Klm.Unnikrishnan Madhalam Kot.Ravi Edakka - Kot. Vijayaragava",Thrikkoor Mahadeva Kshetra Ulsavam -9446036669,Vivek P,archive2011-1q.asp
13-01-11,"KUCHELAVRITHAM,UTHRASWAYAMVARAM","SUBRAMANYA TEMPLE KARIKKAD,MANJERI 10 PM",MALAPPURAM,Kerala,India,"KALAMANDALAM M.P.S NAMBOOTHIRI,KALAMANDALAM SOMAN,KALAMANDALAM MANOJ,KALAMANDALAM SAJAN,VELLINEZHI HARIDAS ...",,VINU,archive2011-1q.asp
13-01-11,Santhana Gopalam,Adoor,,Kerala,India,"Kala. Kesavan Namboothiri, FACT Mohan",,Hari,archive2011-1q.asp
12-01-11,"Nalacheritham 2, Kiratham",Chengannur Temple 6:30 pm,Alleppey,Kerala,India,"Nala: Kala. Gopi, Pushkara: Kala. Krishnakumar, Damayanthi: Margi Vijayakumar, Kali: Kala. Ramachandran Unnithan, Kattalan: Kala. Balasubramanian, Arjuna: Kala. Krishnaprasad, Kattalan: FACT Mohan, Ka",,Hari,archive2011-1q.asp
12-01-11,NALACHARITHAM RANDAM DIVASAM,"U.C College, Alwaye (Aluva)",Ernakulam,Kerala,India,"Sri ETTUMANOOR P. KANNAN as NALAN, Chembakara Vijayan as DAMAYANI, Kalamandalam Shanmugadas as KATTALAN and Kalanilayam Vinod as Pushkaran. Singers - Sri KALAMANDALAM JAYAPRAKASH","U.C College, Aluva (Alwaye)",VN,archive2011-1q.asp
12-01-11,NALACHARITHAM RANDAM DIVASAM,"U.C College, Alwaye (Aluva). Time - 6 p.m to 9 p.m","Aluva, Ernakulam",Kerala,India,"ETTUMANOOR P. KANNAN as 'NALAN', Kalamandalam Vijayakumar as 'DAMAYANTI', Kalamandalam Shanmugadas as 'KATTALAN' and Kalanilayam Vinod as 'PUSHKARAN'. Singers - Sri KALAMANDALAM JAYAPRAKASH","U.C College, Aluva (Alwaye)",VN,archive2011-1q.asp
11-01-11,"Keechaka Vadham, Prahalada Cheritham",Chengannur Temple 6:30 pm,Alleppey,Kerala,India,"Kala. Vasu Pisharody, Kudamaloor Muralikrishnan, FACT Mohan, Pattu: Pathiyoor Shankarankutty, Kottakkal Madhu, Chenda: Kuroor Vasudevan Namboothiri, Sadanam Ramakrishnan, Maddalam: Kala. Achutha Warri",,Hari,archive2011-1q.asp
11-01-11,NIZHALKUTHU,KEECHAPPILLIL DEVI TEMPLE 8 PM,KOLLAM,Kerala,India,"DURYODHANAN-KALA.SREEKUMAR,DOOTHAN,KUNTHI-KALA.ANILKUMAR,MALAYAN-KALA.RAMACHANDRANUNNITHAN,MALAYATHI-KALA.OYUR RAMACHANDRAN,THRIGARTHAN-KALA.HARI R NAIR,MANTHRAVADI-KOTTAKKAL DEVADAS;MUSIC-KALA.BALACH",9497619038,AJITH,archive2011-1q.asp
09-01-11,Kiratham,"Ayodhya Auditorium, Payyannoor",Kannur,Kerala,India,"Kala.Harinarayanan, Kala.Arun Varrier, Kala.Kasinathan, Kala.Hareesh, Kala.Ajesh, Kala.Nandakumar, Kala.Venu",Payyannoor Kathakaliyarangu,Dr.P.Pavithran,archive2011-1q.asp
09-01-11,Narakasura Vadham,Cherukolpuzha 07:30 pm,Pattanamthitta,Kerala,India,"Narakasura: Sadanam Krishnankutty, Nakrathundi: Kala. Ramachandran Unnithan, Lalitha: Kala. Arun, Jayantha: Kala. Ullas, Narakasura patni: Kala. Sudeep, Indran: Kala. Ullas, Pattu: Kottakkal Madhu, Ka",,Jaya,archive2011-1q.asp
09-01-11,Bali Vadham,"Thiruvannoor, Kozhikode. at 6PM",Kozhikode,Kerala,India,Kalamandalam Manoj and others,Arangu,Jayakrishnan,archive2011-1q.asp
09-01-11,A day-long workshop on Kathakali incl 'Bali Vijayam'in the evening at 6 pm,"Govt UPSchool,Tiruvannur, @ 10.00am",Calicut,Kerala,India,"Peesapalli Rajeevan,Kalamandalam Manoj,,Neeraj & Yashwant. Please call Krishna Kumar for registration and details.All connoisseurs are requested to join, bring their family and friends to this event.","Arangu Kathakali Aasvadana Kalari,09446374870",Krishna Kumar,archive2011-1q.asp
08-01-11,Devayani Cheritham,Cherukolpuzha 06:30 pm,Pattanamthitta,Kerala,India,"Kacha: Kala. Gopi, Devayani: Margi Vijayakumar, Shukra: Mathoor Govindankutty, Sukethu: Kala. Prasanth, Kikeranmar: Kala. Ullas, Kala. Arun, Pattu: Pathiyoor Shankarankutty, Kottakkal Madhu, Chenda: K",,Jaya Parithamma,archive2011-1q.asp
07-01-11,Nalacheritham 2,Cherukolpuzha 06:30 pm,Pattanamthitta,Kerala,India,"Nala: Kala. Gopi, Damayanthi: Kala. Shanmugan, Kali: Kottakkal Devadas, Dwaparan: Kala. Hari R. Nair, Indran: Kala. Prasanth, Vyasham: Kala. Arun, Kattalan: Kottayam Ramakrishnan, Pushkara: Kottakkal ",,Jaya Parithamma,archive2011-1q.asp
06-01-11,Uttharaswayamvaram,Cherukolpuzha 06:30 pm,Pattanamthitta,Kerala,India,"Duryodhana: FACT Mohan, Bhanumathi: Kala. Anilkumar, Dhoothan: Kala. Ullas, Bheeshma: Thadayil Unnikrishnan, Shalyar: Kalavedi Shankardas, Viradan: Pandalam Unnikrishnan, Vallan: Thiruvalla Babu, Utta",,Jaya Parithamma,archive2011-1q.asp
06-01-11,Nalacheritham 1 (Hamsa & Damayanthi),Cherukolpuzha 10:30 am,Pattanamthitta,Kerala,India,"Hamsa: Kalanilayam Vinod, Damayanthi: Kala. Arun, Pattu: Kala. Surendran, Kalavedi Suresh, Chenda: Kalabharathi Peethambaran, Maddalam: Kalanilayam Omanakuttan",,Jaya Parithamma,archive2011-1q.asp
06-01-11,Arrjuna Vishada Vruttham,Muthupilakkad Sree Parthasaradhee Temple,Kollam,Kerala,India,"Jayadrathan :Kala: Ramachandran Unniththan, Dussala:Sri Margi Vijayakumar, Sri, Arjunan: Kala: Krishna Kumar, Sri Krishnan:Sri VijayaKrishnan Unniththan, etc Pattu: Sri Paththiyoor Sankaran kutty, Sri",Vazhipad Sri Gopala Krishna Pillai & Smt Sathi,Rajasekhar.P Vaikom,archive2011-1q.asp
05-01-11,Nalacheritham 2 (Kali & Dwaparan),Cherukolpuzha 12:00 pm,Pattanamthitta,Kerala,India,"Kali: Kala. Ullas, Dwaparan: Thadayil Unnikrishnan, Indra: Kala. Arun, Pattu: Kala. Balachandran, Kalanilayam Rajeev, Chenda: Kalabharathi Peethambaran, Maddalam: Kalanilayam Manoj",,Jaya Parithamma,archive2011-1q.asp
05-01-11,Lavanasura Vadham (Mananum Manathiyum),Cherukolpuzha 08:00 pm,Pattanamthitta,Kerala,India,"Manan: Kala. Ramachandran Unnithan, Manathi: Oyoor Ramachandran, Pattu: Kala. Balachandran, Kalanilayam Rajeev, Chenda: Kala. Unnikrishnan, Ayamkudi Unnikrishnan, Maddalam: Kala. Achutha Warrier, Kala",,Jaya Parithamma,archive2011-1q.asp
02-01-11,KATHAKALI LECTURE DEMONSTRATION,"NEW MITRA NIKETHAN , VELLANAADU",THIRUVANANTHAPURAM,Kerala,India,KATHAKALI LECTURE DEMONSTRATION BY ARTIST - SRI ETTUMANOOR P. KANNAN,ANNA GOVIND (Denmark) Tel : 0-93875852303,VN,archive2011-1q.asp
01-01-11,Nalacharitam-3 and Kiratham,"N S S mannam Jayanthi, Changanassery",Changanassery in Kottayam dist,Kerala,India,"Padmasree Kalamandalam Gopi, Sadanam krishnankutty, Kal ramachandran unnithan, Margi Vijayan, Mathur Govindan kutty, Kal Krishnakumar. Pattu- Pathiyur sankaran kutty, Kal balachandran, KalVinod, Kal s",Alleppey district Kathaklai club,"Kalarcode Murali, Alleppey",archive2011-1q.asp
01-01-11,soon,Sri Vallabha Kshetram Thiruvalla,Pattanamthitta,Kerala,India,"Kala. Kesavan Namboothiri, etc",,Hari,archive2011-1q.asp
30-06-11,Nalacheritham 3,Aranmula,Pattanamthitta,Kerala,India,"Nala: Kala. Balasubramanian, Karkodakan: Kala. Hari R. Nair, Bahuka: Kala. Gopi, Rithuparna: Kala. Balasubramanian, Jivalan: Kala. Ramachandran Unnithan, Varshneyan: Kala. Hari R. Nair, Sudeva: FACT P",,Hari,archive2011-2q.asp
29-06-11,Nalacheritham 2,Aranmula,Pattanamthitta,Kerala,India,"Nala: Kala. Gopi, Damayanthi: Margi Vijayakumar, Pushkara: Kala. Balasubramanian, Kali: Kala. Ramachandran Unnithan, Dwaparan: Kala. Hari R. Nair, Kattalan: Sadanam Krishnankutty, Pattu: Kala. Harish,",,Hari,archive2011-2q.asp
28-06-11,Nalacheritham 1,Aranmula,Pattanamthitta,Kerala,India,"Nala: Kala. Balasubramanian, Hamsa: Kala. Pradeep, Damayanthi: Mathoor Govindankutty, Thozhi: Kalakendram Muralidharan Namboothiri, Kalanilayam Vinod, Narada: Kalanilayam Vinod, Pattu: Kottakkal P.D. ",,Hari,archive2011-2q.asp
27-06-11,"Rugmangada Charitham, Kalyana Saugandhikam, Kiratham",Payyannur,Kannur,Kerala,India,"Rugmangada: Kala. Vasu Pisharody, Mohini: Kala. K.G. Vasudevan, Brahmins: Kala. Kasinathan, Kala. Yeswanth, Kala. Arun Warrier, Dharmangada: Kala. Suchindran, Sandhyavali: Kala. Arun Warrier, Bheema: ",,Babu,archive2011-2q.asp
26-06-11,Nalacheritham 4,Aranmula,Pattanamthitta,Kerala,India,"Bahuka: Kala. Gopi, Damayanthi: Mathoor Govindankutty, Kesini: Kudamaloor Muralikrishnan, Pattu: Kalanilayam Unnikrishnan, Kalanilayam Rajeev, Chenda: Kuroor Vasudevan Namboothiri, Maddalam: Kala. Ach",,Hari,archive2011-2q.asp
26-06-11,USHA CHITHRALEKHA ATTAKALARI SOVENIER PRAKASANAM,GURUVAYOORAPPAN HALL TALI CALICUT 5.30PM,kozhikode,Kerala,India,"MARGI VIJAYAKUMAR KAL SUCHINDRANATHAN PATTU KALANILAYAM UNNIKRISHNAN VINOD MADALAM KTKL RAVI EDAKA KTKL VIJAYARAGHAVAN KOPPU,ANNIYARA KALATHARAGINI CHERUTHURUTHI",THODAYAM KATHAKALIYOGAM 9446163711,AREEKUMAR,archive2011-2q.asp
26-06-11,NALACHARITHAM NAALAAMDIVASAM,"Vazhenkata Kunchu Nair Smaraka Hall, Karalmanna",Palakkad,Kerala,India,"Damayanthi:Haripriya Nampoothiri,Keshini:Aasthikalayam Sunilkumar, Baahukan:Klm.Manojkumar.Samgeetham:Netumpally Ram Mohan,Klm.Rajesh Menon. Chenda:Sdn.Ramakrishnan.Maddalam:Klm.Hariharan.Chutti:Klm.S",Vinu Vasudevan 9388 118885,Aniyan M.K.,archive2011-2q.asp
26-06-11,Narakasura Vadham,Ambalapuzha,Alapuzha,Kerala,India,"Kala. Shanmugan, Kala. Vijayakumar, Kalanilayam Vinod, Pattu: Pathiyoor Shankarankutty, Kala. Jayaprakash, Chenda: Kala. Sreekanth Varma, Kalanilayam Ratheesh, Maddalam: Kalanilayam Manoj, Kala. Vinee",,Parithamma,archive2011-2q.asp
25-06-11,SANTHANAGOPALAM,"CHANGAMPUZHA PARK.Edappally,Kochi",ERANAKULAM,Kerala,India,"Kala.Kesavan Namboothiri as BRAHMANAN, Kala.Rajeev as SREEKRISHNAN, Kala.Prasanth as ARJUNAN Pattu by Nedumbally Rammohan & Kala.Rajesh Menon CHENDA by Vazhengada Krishnadas MADDALAM by Kala.Sreekumar",EDAPPALLY KATHAKALI ASWADAKA SADAS,Ramdas,archive2011-2q.asp
25-06-11,Narakasura Vadham,Ambalapuzha,Alapuzha,Kerala,India,"Kala. Shanmugan, Kala. Vijayakumar, Kalanilayam Vinod, Pattu: Pathiyoor Shankarankutty, Kala. Jayaprakash, Chenda: Kala. Sreekanth Varma, Kalanilayam Ratheesh, Maddalam: Kalanilayam Manoj, Kala. Vinee",,Parithamma,archive2011-2q.asp
25-06-11,Santhanagopalam,Sreekrishna Temple Natakasala Ambalapuzha 6.30 PM Monthly Performance,Al,Kerala,India,Kal Vijayakumar (Brahmin); Kalanilayam Vinod (arjunan)..... update soon,Sandarsan Ambalapuzha 9447161980,Renjith R Ernakulam,archive2011-2q.asp
22-06-11,Kathakali padakacheri,Chalakudy,Thrissur,Kerala,India,"Kottakkal P.D. Namboothiri, Kala. Vinod, etc",,Balu,archive2011-2q.asp
19-06-11,Keechaka Vadham,Thripunithura Kathakali club,Ernakulam,Kerala,India,"Keechaka: Kala. Manoj, Syrandri: Peeshapali Rajeevan, Pattu: Kottakkal Narayanan, Kala. Jayaprakash, etc",Thripunithura Kathakali Club,Balu,archive2011-2q.asp
19-06-11,Dhakshayagam.,"Brampton School,CANADA. 6 PM.",,,CANADA.,"Dakshan:Parvathi U Menon,Sivan:Radhika Ajayan,Sathi:Pramila Menon,Veerabhadran:Geetha.N.Bhadrakali:Anupama Varma,Music:KumariVarma&ShylajaVarma,Chenda:GopikrishnanThampuran,Maddalam:Kala Vineeeth,Chut",Bhaskara Menon.,Bhaskara Menon.,archive2011-2q.asp
18-06-11,Prahladacharitham.,"Kingston,Ontario.CANADA.",,,CANADA,"Hiranyakashivu:Parvathi.U.Menon,Shukran:Radhika Ajayan,Prahaladen:Premila P Menon,Narasimham:Radhika Varma,Chandamarkandanmar;Geetha&Kala:Radhakrishnan,Music:Kumari Varma&Shylaja Varma,Chenda:Gopikris",Ambikaraman Performing Arts Accademy.,Chitra Menon,archive2011-2q.asp
18-06-11,"Karna Shapadam, Bali Vadham, Kiratham",Palassana,Palakkad,Kerala,India,"Kottakkal Chandrashekara Warrier, Margi Vijayakumar, Kala. Ramachandran Unnithan, Kottakkal Devadas, etc",,Hari,archive2011-2q.asp
17-06-11,Lavanasuravadham.,"Crossroad School (South)195Major Road ,Monmouth Junction New Jersey.",,,U.S.A.,"Kusan:Parvathi.U.Menon.Lavan:Premila.P.Menon,Seetha:RadhikaVarma,Hanuman:Geetha.N,Sathrugnan:Radhika Ajayan,Paattu:Kumarivarma&ShylajaVarma.Chenda:GopikrishnanThampuran,Maddalam:Kala:Vineeth,Chutty:Ka",Ambikaraman,CHITRA MENON,archive2011-2q.asp
16-06-11,Kalyana Saugandhikam,Amphitheatre Park Centre Technopark Thiruvananthapuram,Thiruvananthapuram,Kerala,India,"Hanuman: Oyoor Ratheesan, Bheema: Sethunath Nair, Panchali: Margi Sukumaran, Pattu: Kalanilayam Rajeev, Thripunithura Arjun, Chenda: Margi Venugopal, Maddalam: Margi Ratnakaran, Chutti: RLV Somadas",Sethunath Nair IBS,Balu,archive2011-2q.asp
16-06-11,Rukmini Swayamvaram,near Kottayam,Kottayam,Kerala,India,"Kala. Vijayakumar, etc",,Parithamma,archive2011-2q.asp
12-06-11,Usha Chithralekha,Payannur,Kannur,Kerala,India,"Usha: Margi Vijayakumar, Chithralekha: Sadanam Krishnankutty, Pattu: Kottakkal Madhu, Kala. RamMohan, Chenda: Mattanoor Shankarankutty, Maddalam: Cherplaserry Sivan",,Parithamma,archive2011-2q.asp
12-06-11,RUKMINEESWAYAMVARAM,"Kalanilayam Hall, Irinjalakuda, 5pm",Thrissur,Kerala,India,"Rukmini:Klm.Shivadas,Sundara Brahmanan:Klm.Keshavan Namboothiri,Sreekrishnan: Klm.Mukundan.SAMGEETHAM:Palanad Divakaran,Atthippatta Ravi.CHENDA: Sdn.Gopalakrishnan.MADDALAM:Kln.Shankaradas.CHUTTI:Kln.","Kathakali Club,Irinjalakuda 9249 800700",Aniyan M.K.,archive2011-2q.asp
11-06-11,"Kuchella Vrittam, Karna Shapadam",Chavarathekumpavum,,Kerala,India,"Kottakkal Chandrashekara Warrier, Kala. Ramachandran Unnithan, etc, Pattu: Pathiyoor Shankarankutty, Kala. Sajeev, Parimanam Madhu, etc",,Hari,archive2011-2q.asp
09-06-11,Karna Shapadam,Thrissur,Thrissur,Kerala,India,"Karna: Kala. Gopi, Duryodhana: Kala. Krishnaprasad, Dusssasana: Kala. Hari R. Nair, Bhanumathi: Madhu Varanasi, Kunthi: Margi Vijayakumar, Pattu: Kala. Harish, Kala. Ajesh, Chenda: Kala. Unnikrishnan,",,Balu,archive2011-2q.asp
09-06-11,"Kuchella Vrittam, Kiratham",Payyanur,Kannur,Kerala,India,"Kuchella: Kala. MPS Namboothiri, Krishna: Kala. Kesavan Namboothiri, Rukmini: Kala. Suchindran, Arjuna: Kala. Krishnakumar, Kattala: Kala. Vazhenkada Vijayakumar, Kattalastree: Kala. Shanmugan, Shiva:",,Babu,archive2011-2q.asp
08-06-11,"Duryodhana Vadham, Kiratham",Payyanur,Kannur,Kerala,India,"Duryodhana: Kala. Ravikumar, Dussasana: Kala. Kesavadev, Krishna: Kala. Mukundan, Panchali: Kala. Shanmugan, Shakuni: Kalanilayam Karunakara Kurup, Dharmaputhra: Kala. Chinosh Balan, Kutti Bheema: Kal",,Babu,archive2011-2q.asp
07-06-11,Nalacharitham 4,Thrissur,Thrissur,Kerala,India,"Bahuka: Kala. Gopi, Damayanthi: Margi Vijayakumar, Kesini: Madhu Varansi, Pattu: Kala. Harish, Kala. Ajesh, Chenda: Kala. Unnikrishnan, Maddalam: Kottakkal Ravi",,Balu,archive2011-2q.asp
07-06-11,"Kuchella Vrittam, Karna Shapadam, Sri Rama Pattabhishekam",Payyanur,Kannur,Kerala,India,"Kuchella: Kala. MPS Namboothiri, Krishna: Kala. Kesavan Namboothiri, Rukmini: Kala. Suchindran, Kunthi: Kala. K.G. Vasudevan, Karna: Kala. Krishnakumar, Duryodhana: Kala. Ravikumar, Dussasana: Kala. N",,Babu,archive2011-2q.asp
06-06-11,Nalacharitham Onnam Divasam,"Oyikkathara Illam, Ochira, Valiya Kulangara",Kollam (Karunagapally),Kerala,India,"Nalan - Ettumanoor P. Kannan, Hamsam - Kalamandalam (Mayyanad) Rajeevan and other artists",,VN,archive2011-2q.asp
05-06-11,"Rugmangada Charitham, Bali Vijayam, Kiratham",Payyanur,Kannur,Kerala,India,"Rugmangada: Kala. Vasu Pisharody, Mohini: Kala. K.G. Vasudevan, Dharmangada: Kala. Arun Ramesh, Sandhyavali: Kala. Arun Warrier, Vishnu: Kala. Chinosh Balan, Brahmins: Kalanilayam Karunakara Kurup, Ka",,Babu,archive2011-2q.asp
04-06-11,Nalacharitham 4,Payyanur,Kannur,Kerala,India,"Bahuka: Kala. Krishnakumar, Damayanthi: Kala. Shanmugan, Kesini: Kala. Suchindran, Pattu: Kala. Gangadharan, Kala. P.G. Radhakrishnan, Chenda: Ayamkudi Unnikrishnan, Maddalam: Kala. Hariharan",,Babu,archive2011-2q.asp
03-06-11,Nalacharitham 3,Payyanur,Kannur,Kerala,India,"Nala: Kala. Shanmugan, Karkodakan: Kala. Neeraj, Sudeva: Kala. Kesavan Namboothiri, Damayanthi: Kala. Suchindran, Bahuka: Kala. Krishnakumar, Rithuparna: Kala. Chinosh Balan, Varshneyan: Kalanilayam K",,Babu,archive2011-2q.asp
02-06-11,Nalacharitham 2,Payyanur,Kannur,Kerala,India,"Nala: Kala. Krishnakumar, Damayanthi: Kala. Shanmugan, Pushkara: Kala. Manoj, Kali: Kala. Kesavadev, Dwaparan: Kala. Chinosh Balan, Indra: Kala. Arun Warrier, Kattalan: Kala. Vazhenkada Vijayakumar, P",,Babu,archive2011-2q.asp
01-06-11,Nalacharitham 1,Payyanur,Kannur,Kerala,India,"Nala: Kala. Vasu Pisharody, Hamsa: Kala. MPS Namboothiri, Damayanthi: Kala. K.G. Vasudevan, Sakhi: Kala. Suchindran, Kala. Kasinath, Narada: Kala. Kasinath, Pattu: Kala. Vinod, Kala. RamMohan, Chenda:",,Babu,archive2011-2q.asp
30-05-11,Ravanothbhavam,"Painkulam Rama Chakyar Smaraka Kalappedam, Painkulam , Cheruthuruthy",Thrissur,Kerala,India,"""Ravanothbhavam"" Ravanan: Kala. Balasubramanian Kumbakaranan: Kala. Neeraj ( Chuvanna Thaadi) Vibheeshanan : Kala. Chinosh Balan Purappad Vesham :Kala.Sooraj Pattu : Kala. Hareesh Namboodiri Kala. Vis",9745395956,Hari Menon,archive2011-2q.asp
29-05-11,Rambha Pravesham,Kollam Kathakali Club,Kollam,Kerala,India,"Ravana: Madavoor Vasudevan Nair, Chenda: Kala. Raman Namboothiri",,Hari,archive2011-2q.asp
29-05-11,Gitopadesham (Version Full Programme) - Set to stage by the late K Gopalakrishnan (teacher and performer),"Festival du Masque. See Website (in french) St. Camille, QC",Festival du Masque,,France,"Richard Tremblay (vesham), Bruno Paquet (chenda). On recorded music by Gangadharan. Paysages éclatés, Can",http://www.paysageseclates.com/masqualors.php?voir,Richard Tremblay,archive2011-2q.asp
29-05-11,"NALACHARITHAM ONNAM DIVASAM , KIRATHAM","VENGANELLUR SIVA TEMPLE, CHELAKKARA 7 PM",THRISSUR,Kerala,India,"KALA- BALASUBRAHMANYAN,NELLIYOD VASUDEVAN NAMBOODIRI,MPS NAMBOODIRI,KALA JAYAPRAKASH,KALA KRISHNADAS",,APPU,archive2011-2q.asp
28-05-11,nizal kuthu,sevasadan malleswaram 6 pm,karnataka,bangalore,India,tripunithura ladies wing,bangalore club for kathakali and the arts,lalithadas,archive2011-2q.asp
28-05-11,"Thorana Yudham, Kiratham","Nalpatheswaram Temple, Panavalli",Alapuzha,Kerala,India,"Kala. Ramachandran Unnithan, Kala. Sreekumar, RLV Radhakrishnan, Kala. Rajashekaran, Kala. Bhagyanathan, Kala. Pradeep, RLV Sunil, Pattu: Pathiyoor Shankarankutty, Kalanilayam Rajeev, Kottakkal Santho",,Hari,archive2011-2q.asp
28-05-11,NIZHAL KUTHU,"Sevadsadan Malleswaram, Bangalore, 6pm",Bangalore,Kerala,India,Ladies troup Tripunithura at 6 pm story Nizal Kuthu; our web site is www.b.c.k.a.net,www.b.c.k.a.net,Lalithadas,archive2011-2q.asp
28-05-11,Nalacharitham 4,"Vivekodayam Boys School, Thrissur",Thrissur,Kerala,India,"Bahukan - Kala Manoj, Damayanthi - Kala Sivadas, Kesini - Sreekanth, Pattu - Nedumpilly Raman Chenda - Kala Balasundar Maddalam - Kala Rajnarayanan, Chutti - Kala Murali (For Details contact Sreekanth",Thrissur Kathakali Club,Sreekanth,archive2011-2q.asp
26-05-11,"Poothanamoksham, Duryodhanavadham(from Paripahi)",Changampuzha Park Edapally 6 PM,Ernakulam,Kerala,India,"Kal Vijayakuamr(Lalitha), Padmasree Kal Gopi(Sreekrishnan), Madhu Varanasi(Panchali), Kal Sreekumar(Duryodhanan), Kal Hari R Nair(dussasanan), Kal Kasinathan(dridharashtrar), FACT Biju Bhaskar, Kal Ra",Edapally Kathakali Aswadaka Sadas,Renjith R,archive2011-2q.asp
24-05-11,Santhanagopalam,"Pallikkuruppu Mahavishnu Temple, Mannarkadu-7.30PM",Palakkad,Kerala,India,"Kalamandalam Kesavan Namboothiri, Kalamandalam Krishnaprasad, Dr.Chandramana Narayanan, Kala. Rajeevan, Kala.Babu, Kalamandalam Balbhaskar, Kalamandalam Venu etc.",Sunamdan Mankulam 09444015823,Narayanan,archive2011-2q.asp
22-05-11,"Purapad, Melapadam,Nalacheritham 3",Sreeramanandaasharamam Auditorium Chengottukavu 5:30,Kozhikode,Kerala,India,"Purapad: Nandakishor, Aardra, Nala: Kala. Manoj, Karkodakan: Kala. Prasobh, Bahuka: Kala. Balasubramanian, Rithuparna: Kalnilayam Dhamodharan, Jeevalan: Jagadeep Dinesh, Varshneyan: Mahesh, Damayanthi",,Balu,archive2011-2q.asp
22-05-11,Kathakali Pada Kaacheri,Sreeramanandaasharamam Auditorium Chengottukavu,Kozhikode,Kerala,India,"Kala. Gangadharan, Kottakkal P.D. Namboothiri",,Balu,archive2011-2q.asp
22-05-11,"KATHAKALISAMGEETHAARCHANA , NALACHARITHAM MOONNAAMDIVASAM","SREERAMANANDASHRAMAM AUDITORIUM,CHENGOTTUKAVU",Kozhikode,Kerala,India,"9.30am:KATHAKALIPPADAKKACHERI:Klm.Gamgadharan,Ktl.P.D.Namboothiri. SAMGEETHAARCHANA:more than thirty kathakali musicians participating. 3pm:ANUSMARANASAMMELANAM.Klm.Sankaran Embranthiri Anusmaranam:V.",THOURYATHRIKAM 9447 237626(Hari Kalanilayam),"M.K.Aniyan, Irinjalakuda",archive2011-2q.asp
22-05-11,Krishnaleela,Ambalapuzha,Alleppey,Kerala,India,"Kala. Shanmugan, Kalanilayam Vinod, Kala. Vijayakumar, Pattu: Pathiyoor Shankarankutty, Kala. Jayaprakash, Chenda: Kala. Sreekanth Varma, Kalanilayam Ratheesh, Maddalam: Kalanilayam Manoj, Kala. Vinee",,Hari,archive2011-2q.asp
21-05-11,Kamsa Vadham,Ambalapuzha,Alleppey,Kerala,India,"Kala. Vasu Pisharody, Kala. Mukundan, Kala. Balakrishnan, Madhu Varanasi, Kala. Vijayakumar, Pattu: Pathiyoor Shankarankutty, Kala. Jayaprakash, Chenda: Kala. Sreekanth Varma, Kalanilaym Ratheesh, Mad",,Hari,archive2011-2q.asp
21-05-11,SREERAMAPATTAABHISHEKAM,"Sri Koodalmanikyam Utsavam ,Irinjalakuda",Thrissur,Kerala,India,"5.30pm:SAMGEETHAKKACHERI:O.S.Thyaagarajan.Violin:T.H.Subrahmanian,Mridamgam: B.Harikumar,Ghatam:R,Gopalakrishnan.8pm:""THRIBHAMGI""(Dakshinendiannritthasamgamam) Anupama Menon(MOHINIYAATTAM),Meera Nangy","Sri Koodalmanikyam Dewaswam, 9495224647","M.K.Aniyan, Irinjalakuda",archive2011-2q.asp
20-05-11,"KUCHELAVRITTHAM ,DURYODHANAVADHAM","Sri Koodalmanikyam Utsavam ,Irinjalakuda",Thrissur,Kerala,India,"5.30pm:BHAKTHIGAANAMELA:T.S.Radhakrishnan,Thyaagabrahmam.7.30:ODISSI:Kavitha Dwibedi,Bhuvaneswar.12.00:KATHAKALI. VESHAM:Klm.Kuttan,Nelliyode Vasudevan Namboothiri,Kln.Raghavan,Kln.Karunakarakkuruppu,","Sri Koodalmanikyam Dewaswam, 9495224647","M.K.Aniyan, Irinjalakuda",archive2011-2q.asp
20-05-11,Kalakeyavadham,"Changampuzha Park, Edapally 5.30 PM",Ernakulam,Kerala,India,"Kalanilayam Vinod(Indran); Kal Har R Nair(Mathali); Ettumanoor Kannan(Arjunan1); Kal Sucheendran(Indrani, Sakhi); Margi Vijayakumar(Urvasi); Kal Shanmughan(Arjunan2); Kal Babunamputhiri, Kalnilayam Ra","DUBAI CEN, Indian Contact,Toby 09747635968",Renjith R Ernakulam,archive2011-2q.asp
20-05-11,KIRATHAM,PATTAMBI KODALUR BHAGAVATHY TEMPLE 7PM,PALAKKAD,Kerala,India,KATTALAN KALA JOHN ARJUNAN KALA SIVADASN KATTALATHY KALA RAJESHKUMAR KOPPU KALATHARANGINY,KALAMANDALAM SIVADASAN 09387060935,KALA SIVADASAN,archive2011-2q.asp
20-05-11,Poothana Mooksham,Ambalapuzha,Alleppey,Kerala,India,"Kala. Vijayakumar, Pattu: Kala. Jayaprakash, Krishnakumar, Chenda: Kala. Ratheesh, Maddalam: Kalanilayam Manoj",,Hari,archive2011-2q.asp
19-05-11,Kamsa Vadham,Ambalapuzha,Alleppey,Kerala,India,,,Hari,archive2011-2q.asp
19-05-11,"PURAPPAATU , KEECHAKAVADHAM , BAALIVADHAM","Sri Koodalmanikyam Utsavam ,Irinjalakuda",Thrissur,Kerala,India,"5.30pm:NAADALAYASAMGAMAM(VIOLINTHRAYAM)Violin:Edappally Ajithkumar,Thiruvizha Viju S.Anand,Manjur Ranjih.Mridamgam:Balakrishnakkammathu,Thavil:Aalappuzha Vijayakumar,Itaykka:P.Nandakumar,Mukharshamkh:","Sri Koodalmanikyam Dewaswam, 9495224647","M.K.Aniyan, Irinjalakuda",archive2011-2q.asp
18-05-11,"PURAPPAATU , SANTHAANAGOPAALAM , BAALIVIJAYAM","Sri Koodalmanikyam Utsavam ,Irinjalakuda",Thrissur,Kerala,India,"5.30pm:SAMGEETHAKKACHERI:C.S.Sajeev,Violin:N.Sampath,Mridamgam:K.S.Sudhaman. 7.30pm:BHARATHANAATYAM:Dhananjayans.12.00:KATHAKALI.VESHAM:Klm.Balasubrahmanian, Kln.Gopi,Kln.Saseendran,K.R.Jayanthi,Dr.K.","Sri Koodalmanikyam Dewaswam, 9495224647","M.K.Aniyan, Irinjalakuda",archive2011-2q.asp
18-05-11,Karnasabhadam,"Aymonam Narasimhamoorthy Temple,7p.m",kottayam,Kerala,India,"Padmasree Kal.Gopi-Karnan,Kal.Vasu Pisharady-Kunti,Kot.Chandrasekharan-Duryodanan,Kal.Ramachandran Unnithan-Dussasanan,Kal.Shanmughan-Bhanumathi.Pattu-Pathiyoor,Kot.Madhu.Chenda-Kal.Krishnadas,",,"suresh,v,kollam",archive2011-2q.asp
17-05-11,Nalacheritham 3,East Fort Trivandrum 6:00 pm,Thiruvananthapuram,Kerala,India,"Bahuka: Kottakkal Chandrashekara Warrier, Nala, Rithuparna: Margi Balasubramanian, Sudeva: Margi Vijayakumar, Damayanthi: Kala. Mukundan, Karkodakan: Margi Suresh, Jeevalan: Kala. Arunkumar, Pattu: Ko",,Hari,archive2011-2q.asp
17-05-11,Baka Vadham,Calicut,Calicut,Kerala,India,"Vesham-S/Sri.-Kala:Manoj,Ramachandran Unnithan & others Organised","Thodayam Kathakali Yogam,Calicut",Hari,archive2011-2q.asp
17-05-11,"NALACHARITHAM MOONNAAMDIVASAM , KIRAATHAM","Sri Koodalmanikyam Utsavam ,Irinjalakuda",Thrissur,Kerala,India,"5pm.OTTANTHULLAL(PAANCHAALEESWAYAMVARAM):Klm.Prabhaakaran.6.30.MOHINIYAATTAM: Gopika Varma.8pm.IRATTATTHAAYAMPAKA:Mattannur Sreekanth,Mattannur Sreeraj. 12.00:KATHAKALI.VESHAM:Sdn.Krishnankutty,Chatha","Sri Koodalmanikyam Dewaswam, 9495224647","M.K.Aniyan, Irinjalakuda",archive2011-2q.asp
16-05-11,"RUKMAAMGADACHARITHAM , LAVANAASURAVADHAM","Sri Koodalmanikyam Utsavam ,Irinjalakuda",Thrissur,Kerala,India,"5.30pm:SAMGEETHAKKACHERI.Dr.Panthula Rema.Violin:M.S.N.Moorthy,Mridamgam: K.Ramesh,Ganjira:Udupi Sreekanth.8pm:NRITTHAM:Naatyadeepam, Mumbai.12:KATHAKALI. VESHAM:Padmasree Klm.Gopi, Margi Vijayakumar,","Sri Koodalmanikyam Dewaswam, 9495224647","M.K.Aniyan, Irinjalakuda",archive2011-2q.asp
16-05-11,Buddha Charitam,"Rajajinagar, Sri Rama Mandir playground, 4th block, near Vasyam Circle, 9pm...",bangalore,Karnataka,India,"Archeological Evidences - The Monks of Bodh Gaya Research work done under Dr. Satabdhani R Ganesh, Kalamandalam Mohan Krishnan Poduval Script - Dr. Satabdhani R Ganesh and Mohan Krishnan Poduval Music",Mahabodhi Society,Probal Gupta,archive2011-2q.asp
16-05-11,Kalyana Saugandhikam,Calicut,Calicut,Kerala,India,"Vesham-S/Sri.-Naripatta Narayanan Namboodiri,Ettumanur Kannan & others",Thodayam Kathakali Yogam Calicut,Hari,archive2011-2q.asp
15-05-11,Kalakeya Vadham,Calicut,Calicut,Kerala,India,"Vesham-S/Sri.-Kot.Chandrasekhara Warrier,Kesava Kundalayar, Vasudeva Kundalayar,Devadas, Haridasan,Sudheer, Muraleedharan,Rajmohan,A.Unnikrishnan,Hareeswaran,Harikumar,C.M.Unnikrishnan, Sunilkumar,Man",,Hari,archive2011-2q.asp
15-05-11,Utthara Swayamvaram,Thripunithura,Ernakulam,Kerala,India,"Kala. Krishnakumar, Kala. Mukundan, Kala. Suchindran, Oyoor Ratheeshan, RLV Sunil, Renjith R., Pattu: Kala. Madambhi Subramanian Namboothiri, Kala. Vinod, Chenda: Kala. Unnikrishnan, Maddalam: Kala. P",,Balu,archive2011-2q.asp
15-05-11,"PURAPPAATU ,MELAPPADAM ,SAMGAMESHAMAAHAATHMYAM ,PRAHLAADACHARITHAM","Sri Koodalmanikyam Utsavam ,Irinjalakuda",Thrissur,Kerala,India,"7.30:SAMGEETHAKKACHERI:Sreevalsan J.Menon.Violin:Pakkala Ramadas,Mridamgam: Bangalore V.Praveen,Ghatam:Vaazhappilli R.Krishnakumar. 12.00.KATHAKALI.VESHAM:Kln.Raghavan,Kln.Gopi,Kln.Gopinathan,Kln.Madh","Sri Koodalmanikyam Dewaswam, 9495224647","M.K.Aniyan, Irinjalakuda",archive2011-2q.asp
15-05-11,Kathakali aswadana kalariyum kathakaliyum,Thiruvegappura Mahakshetram,Palakkad,Kerala,India,"9.30 AM to 5 PM-Kathakali aswadana kalari- Inuagration Nelliyod, Chief guest- Kott. Gopi Nayar. Aswadana kalri led by Peesappilly Rajiv, Kala. Sajan, Kala. Harinarayanan. 7 PM- Kathakali. Purappad- Ma","Sargavedi, Thiruvegappura, 9846183939, 9447963705",Raman Bhattathirippad,archive2011-2q.asp
15-05-11,DURYONAVADHOM,KARTHYAYANI TEMPLE VALLAPUZHA 0830PM,PALAKKAD,Kerala,India,VESHAM KAL JOHN KAL MANOJ KAL SIVADASAN KAL RAJESHKUMAR KAL NARAYANANKUTTY PATTU KAL JAYAPRAKASH KOPPU KALATHARANGINY,KALATHARANGINY 09387060935,KALAMANDALAM SIVADASAN,archive2011-2q.asp
15-05-11,Utharaswayamvaram,"Kalikotta Palaca,Thripunithura. 6 p.m.",Ernakulam,Kerala,India,Will be updated later...,Thripunithura Kathakali Kendram,"Biju Anand, North Paravur",archive2011-2q.asp
15-05-11,Uttharaswayamvaram,Thripunithura Kallikotta Palace,Ernakulam,Kerala,India,"Kala. Krishnakumar, Kala. Mukundan, etc, Pattu: Kala. Madambi Subramanian Namboothiri, Kala. Vinod,etc",,Balu,archive2011-2q.asp
14-05-11,Nalacheritham 3,Thripunithura Kallikotta Palace,Ernakulam,Kerala,India,"Kala. Vasu Pisharody, Kala. Sreekumar, FACT Padmanabhan, Pattu: Palanad Divakaran, Pathiyoor Shankarankutty, Chenda: Kala. Raman Namboothiri, etc",,Balu,archive2011-2q.asp
14-05-11,Nala charitham Munam Divasam,"Kalikotta Palaca,Thripunithura. 6 p.m.",Ernakulam,Kerala,India,Will be updated later...,Thripunithura Kathakali Kendram,"Biju Anand, North Paravur",archive2011-2q.asp
14-05-11,Nalacheritham 3,Thripunithura,Ernakulam,Kerala,India,"Kala. Vasu Pisharody, Kala. Sreekumar, FACT Padmanabhan, RLV Rajashekaran, Kala. Shankara Narayanan, Kala. Vijayakumar, RLV Sreekanth, Pattu: Pathiyoor Shankarankutty, Kala. RamMohan, Kala. Sudheesh, ",,Balu,archive2011-2q.asp
14-05-11,"KALYAANASOWGANDHIKAM , BHADRAKAALEEMAAHATHMYAM","Sri Koodalmanikyam Utsavam ,Irinjalakuda",Thrissur,Kerala,India,"VESHAM:Sdn.Krishnankuty,Kln.Gopalakrishnan,Klm.Ramachandran Unnitthaan,C.Kannan, Kln.Vinodkumar,Thrippayya Peethambaran,Anoop Warrier,Ajith Warrier.SAMGEETHAM: Klm.Rajendran,Kln.Rajeevan,Kln.Sinu.CHEN",,"M.K.Aniyan, Irinjalakuda",archive2011-2q.asp
14-05-11,Kirmeera Vadham,Calicut,Calicut,Kerala,India,"Vesham-S/Sri.-Kala. Gopi Asan, Kot.Chandrasekhara Warrier,Kesava Kundalayar, Vasudeva Kundalayar,Devadas, Haridasan,Sudheer, Muraleedharan,Rajmohan,A.Unnikrishnan,Hareeswaran,Harikumar,C.M.Unnikrishna",,Hari,archive2011-2q.asp
12-05-11,"Karnasabhadam,Balivadham","Parthasarathy swami temple,Muthupilakkad,Near Bharanikkavu,kollam,8p.m",kollam,Kerala,India,"Padmasree Kal.Gopi-Karnan,Kal.Rajasekharan-Kunti,Kal.Ravikumar-Duryodanan,Kal.Prasanth-Dussasanan,Kal.Anilkumar-Bhanumathi.Padmabhooshan Madavoor-Ravanan,Kal.Ramachandran Unnithan-Bali,Kal.Rajiv-SriRa",Kal.Anilkumar-9497621001,"suresh.v,kollam",archive2011-2q.asp
11-05-11,Kiratham,Thiru Adissamangalam Mahavishnu Temple Thazham Puthoor,Kollam,Kerala,India,"Kala.RamachandranUnnithan,Kala.Ramachandran,Kala.VijayakrishnanUnnithan,KalabharathiMahesh,KalabharathiVishnu.Pattu-Kala.Balakrishnan,KalanilayamSinu.",,Ajith,archive2011-2q.asp
08-05-11,"Santhana Gopalam, Rukmini Swayamvaram",Sri Vallabha Kshetram Thiruvalla,Pattanamthitta,Kerala,India,"Kala. Kesavan Namboothiri, Kalanilayam Vijayan, FACT Jayadev Varma, Kala. Balakrishnan, Kalanilayam Ravindranatha Pai, Thiruvalla Sadashivan, Kalirangam Raghunath, Pattu: Thiruvalla Gopikuttan Nair, K",,Hari,archive2011-2q.asp
08-05-11,LAVANAASURAVADHAM,"Kalanilayam Hall, Irinjalakuda, 6pm",Thrissur,Kerala,India,SEETHA : KALAMANDALAM SHANMUKHADAS KUSHAN : KALAMANDALAM ARUN WARRIER LAVAN : KALAMANDALAM SUCHEENDRANATHAN SHATHRUGHNAN : KALAMANDALAM NEERAJ HANUMAN : SADANAM KRISHNADAS SAMGEETHAM : NEDUMPALLY RAM ,"Kathakali Club,Irinjalakuda 9249 800700","M.K.Aniyan, Irinjalakuda",archive2011-2q.asp
07-05-11,Karna Shapadam,Nalpatheeswaram Temple Pannavalli,Alapuzha,Kerala,India,"Kala. Sreekumar, Kala. Rajashekaran, RLV Radhakrishnan, etc, Pattu: Kalanilayam Rajeev, Kalanilayam Babu, Chenda: Thripunithura Gopikrishnan Thampuran, Maddalam: Kalanilayam Manoj",,Balu,archive2011-2q.asp
07-05-11,"Nalacheritham 1, Narakasura Vadham",Karalmana,Palakkad,Kerala,India,"Sadanam Naripatta Narayana Namboothiri, Kala. Hari Narayanan, Pishapally Rajeev, Kala. Soman, Kala. Pradeep, Sadanam Bhasi, Pattu: Kala. Jayaprakash, Kala. RamMohan, Sadanam Jyothish Babu, Chenda: Kal",,Hari,archive2011-2q.asp
07-05-11,"DURYODHANAVADHAM, and KIRAATHAM","Nalppathenneeswaram Mahadevar Temple, Panavally",Alappuzha,Kerala,India,"D'bl Melappadam:Chenda Prasadkumar,Vijayaraghavan,Maddalam Ravindran,Radhkrshnan Artists.. Chadrasekhara varior,KesavanKndlyr,Vasudevan Kndlyr,Haridasn.DevaDsn, Pattu Kottackal madhu,,K.Narayanan,Sure","Pradeep,Nandanam,Panavally 04782522920","kn madhu, Panavally",archive2011-2q.asp
07-05-11,"Nalacharitham 4th Day, Nizalkuth","Perandoor Bagavathy Temple, Elamakkara, Ernakulam 9 PM",Er,Kerala,India,Nalacharitham 4th Day : Kal Vijayakumar (Damayanthi); Kal Shanmughan (Kesini); Padmasree Kal Gopi (Bahukan) ; Nizalkuth : Kalnilayam Viniod (Duryodhanan); R Renjith (Thrigarthan); Kal Ramachandran Unn,,Renjith R Ernakulam,archive2011-2q.asp
07-05-11,"Nalacharitham Onnaam divasam, Narakasura vadham (Ninaththotu kooti)",VAZHENKATA KUNCHU NAIR MEMORIAL HALL -9 PM,Palaghat,Kerala,India,"Sri kalamandalm Soman , Kalamandlam Pratheepan etc ( Details will be updated later)",KUNCHU NAIR TRUST,Rajasekhar.P.Vaikom,archive2011-2q.asp
06-05-11,"ARJUNA VISHADA VRUT-THAM, SEETHASWAYAMVARAM, PRAHALADACHARITAM",VAZHENKATA KUNCHU NAIR MEMORIAL HALL -9 PM,Palaghat,Kerala,India,ARJUNA: PADMASRI KALAMANDALAM GOPI JAYADRADHA: SRI KOTTAKKAL CHANDRA SEKHARA VARIER DUSSALA: SRI VASUDEVAN KUNDALAYAR SRI KRISHNA: SRI Kottakkal Sudheer Pattu: Sri Kottakkal Narayanan & Kottakkal Madh,KUNCHU NAIR TRUST,Rajasekhar.P,archive2011-2q.asp
06-05-11,Kathakali Pada Kacheri,VAZHENKATA KUNCHU NAIR MEMORIAL HALL -7PM,Palaghat,Kerala,India,Sri Palanat Divakaran & Nedumpalli Raja mohan,KUNCHU NAIR TRUST,Rajasekhar.P.Vaikom,archive2011-2q.asp
06-05-11,"Pusthaka Prakasanam : ' ARJUNA VISHADA VRUTHTHAM""",VAZHENKATA KUNCHU NAIR MEMORIAL HALL -5-30PM,Palaghat,Kerala,India,"ATTAKKATHA PRAKASANAM BY PADMA SRI KALA MANDALAM GOPI. Smt SUMANGALA will receive the first copy. Sri Njayath Balan, Dr Sasi kumar of Kerala University, Sri Vijayan varier, Secretary PSV Natyasangham,",KUNCHU NAIR TRUST,Rajasekhar.P,archive2011-2q.asp
06-05-11,Dakshyagam,Kottayi - Kandathar Bagavathi Temple @ 7 PM,Palakkad,Kerala,India,Kal Gopalakrishnan & team (Mumbai) other details follows,04922 - 285927,Varier,archive2011-2q.asp
06-05-11,Rugmangada Cheritham,Nalpatheeswaram Temple Pannavalli,Alapuzha,Kerala,India,"Kala. Krishnakumar, RLV Radhakrishnan, etc",,Balu,archive2011-2q.asp
05-05-11,Santhanagopalam,"Unichakkam Veedu Sreekrishna Swami Temple,near Chinnakada,kollam.7P.M",kollam,Kerala,India,"Kal.Kesavan Namboothiri-Bhrahmanan,Ettumanoor Kannan-Arjunan,Mayyanad Rajiv-Sreekrishnan,Pattu-Pathiyoor,Kal.Vinodh,Chenda-Kal.Krishnadas",Navarangam9446183001,"suresh.v,kollam",archive2011-2q.asp
04-05-11,"Kachadevayani,Ravanavijayam,Narakasuravadham",Navayikkulam Sankaranarayana Sami Temple,Thiruvananthapuram,Kerala,India,"Padmasree Kal.Gopi-Kachan,Thonnakkal Peethambaran-Sukran,Margi Vijayakumar-Damayanthi,Kochu Narayanapillai-Sukethu.Padmabhooshan Madavoor Vasudevan Nair-Ravanan,Kal.Rajasekharan-Ramba.Sadanam Krishnan",Sunil Dath-9895861571,"suresh.v,kollam",archive2011-2q.asp
03-05-11,"SUBHADRAHARANAM,UTHARASWAYAMVARAM(UPTO THRIGARTHAVATTAM)","MUALKULAKULAM LAKSHMANASWAMY TEMPLE,9.30 PM",KOTTAYAM/NEAR PIRAVAM,Kerala,India,"NELLIYODU VASUDEVAN NAMBOODIRI,KALA.BALASUBRAMANYAN,KALA.SHANMUGHAN,KOTTAKKAL NANDAKUMAR,KALA.BABU NAMBOODIRI,KALA.KRISHNADAS",,N.RAJENDRAN,archive2011-2q.asp
02-05-11,"Seethaswayamvaram, Keechakavadham",Perumthuruthu Srikrishna Swami Temple,Kottayam,Kerala,India,"Parasuraman- Kala. Ramakrishnan, Keechakan- Kala. Saseendran, Sairandhri-Kala. Rajasekharan, Vocal-Kala. Jayaprakash etc. Chenda- Kalabharathi Unnikrishnan etc.",,Gireesh,archive2011-2q.asp
02-05-11,Keechaka Vadham,"Menothukavu Temple, Perinjanam, 8 PM",Thrissur,Kerala,India,"Keechakan - Vinod Warrier, Sairandhri - Kalm. VijayaKumar; Sangeetham - Kalanilayam Rajeev, Kalanilayam Babu; Chenda - Kalm. Hareesh; Maddhalam - Kalanilayam Prakashan; Chutti - Kalanilayam Vishnu",Vinod Warrier - 9447240110,Vinod Warrier,archive2011-2q.asp
01-05-11,Nalacharitham Randam Divasam,"Kottayam Sreerangam Auditoriyam,near Thirunakkara.4P.M",Kottayam,Kerala,India,"Padmasree Kal.Gopi-Nalan,Kal. Kuttan-Kattalan,Sadanam krishnankuty-Pushkaran,Kal.Ramachandran Unnithan-Kali,Margi Vijayakumar-Damayanthi.Pattu-Pathiyoor Sankarankutty,Kal.Babu Namboothiri.Kalanilayam ",Pallam Chandran-9446432850,"suresh.v,kollam",archive2011-2q.asp
01-05-11,Santhanagopalam,Sree Krishna Temple Pallipuram Mana Chottanikkara(Eruveli) 6.30 PM,Ernakulam,Kerala,India,FACT Biju Bhaskar (Sree Krishnan); Kal Shanmughadas(Arjunan); Kalanilayam Gopi(Brahmanan); RLV Pramod (Brahmana Patni ); Kal Gopalakrishnan (Music); Kalanilayam Ratheesh(Chenda); Kalnilayam Manoj(Madd,Renjith R - 9447161980,Renjith R Ernakulam,archive2011-2q.asp
01-05-11,"Keechakavadham, Dakshayagam","Ayodhya Auditorium,Payyannur,4.30pm",Kannur,Kerala,India,"Madavoor Vasudevan Nair, Chavara Parukutty, Peesapally Rajeev, Kala.Kesavadev, Ettumanoor Kannan, Neelliyod, Kala.Hari.R.Nair, Kala.Gangadharan, Madambi, Kala.Surendran, Kalanilayam Hari, Kurroor, Kal","Kathakaliyarangu, Payyannur",DR.P.Pavithran,archive2011-2q.asp
30-04-11,"Poothana Mooksham, Rugmangada Cheritham, Kiratham",Nalpatheeswaram Temple Pannavalli,Alapuzha,Kerala,India,"Kala. Shanmugan, RLV Radhakrishnan, Kalanilayam Rajashekaran, Kala. Bhagyanathan, Kala. Pradeep, RLV Sunil, Pattu: Pathiyoor Shankarankutty, Kalanilayam Rajeev, Kalanilayam Babu, Chenda: Kala. Raman N",,Balu,archive2011-2q.asp
30-04-11,"Rukmangada Charitam, Rajasuyam, Kiratham","Peruvaram Mahadeva Temple, North Paravur, 10 p.m.",Ernakulam,Kerala,India,"Vesham-S/Sri.-Kot.Chandrasekhara Warrier,Kesava Kundalayar, Vasudeva Kundalayar,Devadas, Haridasan,Sudheer, Muraleedharan,Rajmohan,A.Unnikrishnan,Hareeswaran,Harikumar,C.M.Unnikrishnan, Sunilkumar,Man","Kshethropadesaka Samithi,Peruvaram MahadevaTemple","Biju Anand, North Paravur",archive2011-2q.asp
29-04-11,RAVANAVIJAYAM (by KAREENDRAN),KILIMANOOR KOTTARAM NATAKASHALA 6PM,THIRUVANANTHAPURAM,Kerala,India,"FACT JAYADEVA VARMA(RAVANA),MADU VARANASI(RAMBHA),KALA YASWANTH(DOOYHA),KALA RAJENDRAN,KALAVEDI SURESH,KALA KRISHNADAS,KALA ACHUTHA WARIER,CHINGOLI PURUSHOTHAMAN,JAYAKRISHNAN(KANNAMPALLIL KALI YOGAM E",KAISHIKEE PANDALAM 9496950919,BIJU RAMA VARMA,archive2011-2q.asp
29-04-11,kuchelavritham,Eravu Temple,Trissur,Kerala,India,"kott. Nandakumaran Nair,Sadanam Vijayan,RLV Pramod,kala. Mohanakrishnan,Vellinezhi Achuthankutty,Kala. Vijayakrishnan,Kala.Aneesh,Kala,Ravikumar,",JANABHERI 9447995636,M N vinayakumar,archive2011-2q.asp
29-04-11,"Sita Swayamvaram, Narakasura Vadham",Trivandrum,Thiruvananthapuram,Kerala,India,"Sadanam Krishnankutty, Kala. Ramakrishnan, etc",,Balu,archive2011-2q.asp
29-04-11,Santhana Gopalam,Evoor,,Kerala,India,"Kala. Krishnaprasad, RLV Rajashekaran, RLV Mohankumar, Pattu: Pathiyoor Shankarankutty, Kalavedi Suresh, Chenda: Kala. Sreekanth Varma, Maddalam: Kala. Achutha Warrier",,Hari,archive2011-2q.asp
28-04-11,KUCHELAVRITHUM,Pazhuvil Subramanyswami kshetram - 6.45 pm,thrissur,Kerala,India,Kala. Harikrishnan & party,temple ulsava commettee,sadu engoor,archive2011-2q.asp
28-04-11,,Palakkad,Palakkad,Kerala,India,"Youth program, Pattu: Kottakkal P.D. Namboothiri",,Balu,archive2011-2q.asp
25-04-11,Ashwathamma,Thripunithura 7:00 pm,Ernakulam,Kerala,India,"Kala. Kesavadev, Kala. Ramachandran Unnithan, Kala. Sreekumar, RLV Radhakrishnan, FACT Padmanabhan, FACT Biju Bhaskar, RLV Sunil, Renjith R., Pattu: Kalanilayam Rajendran, Kala. Sudheesh, Chenda: Sada",Renjini Suresh,Hari,archive2011-2q.asp
25-04-11,Ashwathamma,Eddapally,Ernakulam,Kerala,India,"RLV Radhakrishnan, etc",,Balu,archive2011-2q.asp
24-04-11,"Thotayam, Purappadu and Dakshayagam","Samoothiri High School, Tali; 6.00 pm",Kozhikode,Kerala,India,"Dakshan(1)-Kala.Gopi,Vedavalli-Asthikalayam Sunil,Sathi-Kala.Sajan,Vatu-Kala.Praveen,Sivan-Kala.Manoj,Dakshan(2)-Kala.Balasubrahmanian,Indran-Bajio,Nandikesvaran-Kala.Pradeep,Dadheechi,Bhadrakali-Sada","NAVARASAM,Kozhikode.RenukaVarma-08891799964",Radha Madhavan,archive2011-2q.asp
23-04-11,AYYAPPA CHARITHAM,Neyyoor Ooramman Temple----10pm,kanyakumari,tamilnadu,india,Natyasala Kathakali yogam Thiruvananthapuram,Shetram Committee-----Prasanthneyyoor-9847178623,Prasanthneyyoor,archive2011-2q.asp
23-04-11,Bali Vadham,Malakkara Thrikovil Temple 8:00 pm,Pattanamthitta,Kerala,India,"Ravana: Madavoor Vasudevan Nair, Bali: Kala. Ramachandran Unnithan, Sugreeva: Kottakkal Devadas, Rama: FACT Mohan, Thiruvalla Babu, Thattayil Unnikrishnan, Pattu: Kala. Balachandran, Kala. Sajeev, Kal",,Balu,archive2011-2q.asp
23-04-11,Daksha Yagam,Karunagapalli,,Kerala,India,"Chenda: Kala. Raman Namboothiri, etc",,Balu,archive2011-2q.asp
23-04-11,Prahalada Cheritham,"Chittoor Sree Krishnaswami Temple, South Chittoor",Ernakulam,Kerala,India,Kalatharangini troupe,Chittoor Temple,Balu,archive2011-2q.asp
22-04-11,"Devayanicharitam, Subadraharanam, Keechakavadham","SDV Beasant hall, near Zilla court, Alleppey 7.30 PM",Alleppey,Kerala,India,"Kachan- Padmasri. Kal Gopi, Sukran- Padmabushan Madavor Vasudevan nair, Devayani- Mrgi Vijayan, Sukethu- Kalanilayam Vasudevan. Balabhadran- Kott Chandrasekarawarier, Krishna- Kal Srikumar. Keechakan-",Alleppey district kathakali club. 9446469781,"Kalarcode Murali, Alleppey",archive2011-2q.asp
22-04-11,Keechaka Vadham,"Chittoor Sree Krishnaswami Temple, South Chittoor",Ernakulam,Kerala,India,Kalatharangini troupe,Chittoor Temple,Balu,archive2011-2q.asp
22-04-11,Seethaswayamvaram,"Near Gowri Kalyana Mandapam, 6 p.m.",Ernakulam,Kerala,India,"Parasuraman-Kal.Soman,Sreeraman-Mayanadu Rajeevan,Seetha-Ratheesh,Dasarathan-Biju Bhaskar,Lakshmanan-Ranjith,Pattu-Kal.Rajendran,Kal.Suraj,Chenda-Sad.Ramakrishnan,Kal.Vinu Mohan,Madalam-Kal.Manoj.Kal.",,"Biju Anand, North Paravur",archive2011-2q.asp
22-04-11,Kachadevayanicharitham,Mannoorkavu (Karunagapally),Kollam,Kerala,India,Ettumanoor P. Kannan as KACHAN and other artists,Prashanth,VN,archive2011-2q.asp
21-04-11,"Poothana Mooksham, Santhana Gopalam, Narakasura Vadham","Chittoor Sree Krishnaswami Temple, South Chittoor",Ernakulam,Kerala,India,"Kala. Rajashekaran, Kala. Manoj, Kala. Krishnakumar, Kala. Kesavan Namboothiri, Kala. Sivadas, Kottakkal Kesavan, Pattu: Kala. Babu Namboothiri, Kala. Jayaprakash, Kala. Ajesh Prabhakar, Kala. Sreejit",Chittoor Temple,Balu,archive2011-2q.asp
21-04-11,"krimmiravadham, balivadham","SDV Beasant hall, near Zilla court, Alleppey7.30 PM",alleppey 7.30 PM,Kerala,India,"Dharmaputhra-Padmasri. Kal Gopi, Panchali-Margi vijayan,Dhoumya-Mathur govind kutty, Soorya- Kal Shanmugan,Krishna- Ettumanor Kannan, Sudarsanam- Kottackal Devadas Ravana- Kott Chandrasekharawarier,Ma",Alleppey district kathakali club. 9446469781,"Kalarcode Murali, Alleppey",archive2011-2q.asp
20-04-11,"Lavanasuravadham, Kalyana Saugandhikam","Chittoor Sree Krishnaswami Temple, South Chittoor",Ernakulam,Kerala,India,"Kala. Ramachandran Unnithan, Oyoor Ramachandran, Ettumanoor Kannan, Kala. Shivadas, Inchakkad Ramachandran Pillai, Pattu: Palanad Divakaran, Kala. Jayaprakash, Nedumpalli RamMohan, Kalanilayam Babu, C",Chittoor Temple,Balu,archive2011-2q.asp
20-04-11,"Purappadu Melappadam,Prahaladacharitham.","Chawvara,Klady.",Ernakulam.,Kerala,India,"Hiranyakasu:R.V.Sasikumar,Narasimham:KottakkalDevadas,Pttu:Kala:Unnikrishnan,Kala:Rajeev,Chenda:GopikrishnanThampuran,Maddalam:KottkkalRadhakrishnan etc.......",,Gauthami,archive2011-2q.asp
19-04-11,"Kuchella Vrittam, Sita Swayamvaram, Ravana Vijayam, Kiratham","Chittoor Sree Krishnaswami Temple, South Chittoor",Ernakulam,Kerala,India,"Nelliyod Vasudevan Namboothiri, Kala. Balasubramanian, Kala. Sivadas, Kala. Pradeep, Kottakkal Kesavan, Kottakkal Chandrashekara Warrier, Kala. Vaishak, Kala. Rajashekaran, Kala. Manoj, Kala. Rajeshku",Chittoor Temple,Balu,archive2011-2q.asp
17-04-11,Ushachithralekha Kathakali (Thodayam Purappadu),"Kalikotta Palace,Thripunithura. 5 p.m.",Ernakulam,Kerala,India,"5 pm Documentary-""Priyamanasam""-Padmasree Vazhenkada Kunju Nair Asan followed by Kunjunair Aasan Anusmaranam by Vazhenkada Vijayan Falicitation to Sri.R.L.V.Damodara Pisharady-Winner of Kal.Krishnanna",Thripunithura Kathakali Kendram,"Biju Anand, North Paravur",archive2011-2q.asp
17-04-11,KALYAANASOWGANDHIKAM,"T.K.S.PURAM Sreekrishna Swamy Kshethram, Kodungalloor 9.30pm",Thrissur,Kerala,India,"Bheemasenan:Klm.Shanmukhadas,Paanchaali:Klm.Kashinathan,Hanumaan:Klm.Manojkumar. Samgeetham:Netumpally Ram Mohan, Sreerag Varma.Chenda:Klm.Hareesh.Maddalam: Kln.Prakashan.Chutty:Klm.Ravikumar.Chamayam",P.NARAYANANKUTTY MENON 9495 568550,"M.K.Aniyan, Irinjalakuda",archive2011-2q.asp
17-04-11,Keechaka Vadham and Kiratham,"Pullikkanakku Temple, Kayamkulam",Alappuzha,Kerala,India,"Kala. Krishnaprasad, Narayanan Chandramana, etc- Troup Sree Krishna Vanamala, Evoor",Pullikkanakku Temple,Narayanan,archive2011-2q.asp
17-04-11,Sri Rama Pattabhishekam,Sri Padmanabha Swami Temple Trivandrum,Thiruvananthapuram,Kerala,India,"Natyashala Suresh, Nelliyod Vasudevan Namboothiri, Atingal Manu, Pattu: Thiruvalla Gopikuttan Nair, Chenda: Kala. Thampi",,Balu,archive2011-2q.asp
16-04-11,Karna Shapadam,"near the Malakkara snake boat, after Chakkadapadi Junction",Pattanamthitta,Kerala,India,"Karna: Kala. Balasubramanian, Duryodhana: Kala. Pradeep, Dussassana: Kavumkal Divakara Paniker, Bhanumathi: Kudamaloor Muralikrishnan, Kunthi: Mathoor Govindankutty, Pattu: Kala. Harish, Kala. Ajesh P",,Balu,archive2011-2q.asp
16-04-11,Kiratham,Sri Padmanabha Swami Temple Trivandrum,Thiruvananthapuram,Kerala,India,"Vembayam Appukuttan Pillai, Natyashala Ramakrishnan, etc, Pattu: Thiruvalla Gopikuttan Nair, Chenda: Kalabharathi Subash Babu, etc",,Balu,archive2011-2q.asp
16-04-11,Nalacheritham 4,"Narasimha temple kadungalloor, Aluva 9.30pm",Ernakulam,Kerala,India,"Ettumanoor Kannan, Kalamandalam Shanmugan, Kalamandalam Vijayakumar, Pattu: Kala. Babu Namboothiri, Chenda: Kala. Raman Namboothiri ,etc",Contact Kannan - 9447021779,Kannan,archive2011-2q.asp
15-04-11,"Purappadu, Rugmniswayamvaram, Keechakavadham and Dakshayagam","Sree Krishnaswamy Temple, Evoor-9.0PM",Alappuzha,Kerala,India,Arengettam: Purappadu- Manu (Son of RLV Mohankumar (Muthu) Rugminiswayamvaram-Krishnan (Grand son of Late.Chandramana Govindan Namboothiri and son of Chandramana Narayanan) Vesham-Mathur Govindan Kutt,Chandramana Family-09497681671,Chandramana Narayanan,archive2011-2q.asp
15-04-11,Thorana Yudham,Sri Padmanabha Swami Temple Trivandrum,Thiruvananthapuram,Kerala,India,"Atingal Ramakrishnan, Nelliyod Vasudevan Namboothiri, Pattu: Kalavedi Devakumar, Chenda: Kalabharathi Subash Babu",,Balu,archive2011-2q.asp
15-04-11,,Alway,Ernakulam,Kerala,India,"Kala. Balasubramanian, Pattu: Kala. Harish, etc",,Balu,archive2011-2q.asp
14-04-11,Kalyana Saugandhikam,Sri Padmanabha Swami Temple Trivandrum,Thiruvananthapuram,Kerala,India,"Vembayam Appukuttan Pillai, Pandalam Unnikrishnan, etc, Pattu: Kalavedi Devakumar, etc",,Balu,archive2011-2q.asp
14-04-11,Nalacheritham 2,Atingal,Thiruvananthapuram,Kerala,India,"Sadanam Krishnankutty, RLV Radhakrishnan, etc",,Balu,archive2011-2q.asp
13-04-11,"Nalacharitham 2 day,santhanagopalam",Thirumandhamkunnu temple Angadipuram 10 p m,Malappuram,Kerala,India,PSV Natyasangham Kottakkal,Temple pooram committee,Ramachandran,archive2011-2q.asp
13-04-11,Santhana Gopalam,Sri Padmanabha Swami Temple Trivandrum,Thiruvananthapuram,Kerala,India,"Kala. Saseendran, Nelliyod Vasudevan Namboothiri, etc, Pattu: Parimanam Madhu, Chenda: Kala. Thampi",,Balu,archive2011-2q.asp
12-04-11,Bali Vijayam,Sri Padmanabha Swami Temple Trivandrum,Thiruvananthapuram,Kerala,India,"Oyoor Ratheeshan, Natyashala Suresh, Atingal Manu, Pattu: Parimanam Madhu, Chenda: Kala. Thampi, etc",,Balu,archive2011-2q.asp
12-04-11,Keechaka Vadham,"Veluthattu Bhagavathi Temple, North Paravur. 6.30 p.m.",Ernakulam,Kerala,India,"Keechakan - Sadanam Krishnankutti, Sairandhri - R.L.V.Radhakrishnan; Sangeetham - Kalanilayam Unnikrishnan, Kal. Hareesh; Chutti - Kalanilayam Saji Presented by Eroor Bhavaneeswara Kathakali Yogam",,"Biju Anand, North Paravur",archive2011-2q.asp
12-04-11,Keechaka Vadham,Paravoor,,Kerala,India,"Sadanam Krishnankutty, RLV Radhakrishnan, etc",,Balu,archive2011-2q.asp
11-04-11,Kiratham,"near the Malakkara snake boat, after Chakkadapadi Junction",Pattanamthitta,Kerala,India,"Kattalan: Sadanam Krishnankutty, Kattalastree: RLV Radhakrishnan, Arjuna: Kala. Sreekumar, Pattu: Kala. Harish, Kala. Ajesh Prabhakar, Chenda: Kala. Raman Namboothiri, Maddalam: Kala. Achutha Warrier,",,Balu,archive2011-2q.asp
11-04-11,Keechaka Vadham,Sri Padmanabha Swami Temple Trivandrum,Thiruvananthapuram,Kerala,India,"Oyoor Ratheeshan, Kalanilayam Vasudevan, etc Pattu: Kala. Surendran, etc, Chenda: Kala. Thampi",,Balu,archive2011-2q.asp
11-04-11,Santhanagopalam,"Tumpallil Temple, Oachira-7.30PM",Kollam,Kerala,India,"Kala. Krishnapradas, Dr.CHandraman Naryanan etc",Tumbillil Temple,Narayanan,archive2011-2q.asp
10-04-11,Nalacheritham 1,Sri Padmanabha Swami Temple Trivandrum,Thiruvananthapuram,Kerala,India,"Nelliyod Vishnu Namboothiri, Natyashala Suresh, etc, Pattu: Kalanilayam Nandakumar, etc, Chenda: Kala. Thampi, Maddalam: Kalanilayam Mohanachandran",,Balu,archive2011-2q.asp
10-04-11,"Kalyanasougandhikam, Dakshayagam",Karunagappally,Kollam,Kerala,India,"Chathanoor Kochunarayana Pillai, Mozhur Rajedra Gopinath, Dr.Chandramana Narayanan, Kandalloor Unnikrishnan etc. Kaliyogam Kannampally, Evoor","Prof-MSM college, Kayamkulam",Narayanan,archive2011-2q.asp
10-04-11,Narakasuravadham (full story) with NINAM,"Mutalappara Baavati Temple, Ambalappara",Palakkad,Kerala,India,"Ko Kesavan(narakasuran), Ko Devadasan(Nakrathundi-ninam),Ko Vasudevan(lalitha), Sa Manikantan,Sa Suresh, Ko Murali, Ko Manoj, Sa Sadanandan & Kavungal Jishnu Narayanan. Vocal: Ko Narayanan, Sa Sivadas",Sanathanaseva Charitable Trust. 0466-2401056,dr Vellinezhi Achuthan Kutty,archive2011-2q.asp
10-04-11,Kirmmeera Vadham ( Pathra labdhi vare ),"Kerala Sahithya Academy Hall, THRISSUR 6PM",THRISSUR,Kerala,India,"KALAMANDALAM KUTTAN, KALAMANDALAM HARIDAS, KALANILAYAM MOHANAN, KALAMANDALAM NARAYANAN KUTTY, MADAMBI SUBRAHMANIAN NAMBOODIRI,KALAMANDALAM VIJAYA KRISHNAN etc",Sri Kalamandalam Padmanabhan Nair Smaraka Trust,Sasi Kumar Venat,archive2011-2q.asp
10-04-11,"Subhadraharanam,Santhanagopalam,Kiratham",Ayappa Temple Perumbavoor,Ernakulam,Kerala,India,"Artists-Kal.Gopi,Sadanam Krishnankutty,Kal Kesavan NamboothiriKala. Kesavan Namboothiri, Sadanam Krishnankutty, etc",,Hari,archive2011-2q.asp
09-04-11,"Kachadevayani,Duryodana vadham","Asramom Sreekrishna Temple,9P.M",Kollam,Kerala,India,"Padmasree Kala.Gopi-Kachan, Kala.Ramachandran Unnithan-Sukran,Margi Vijayakumar-Devayani,Kala.Hari.R.Nair-Sukethu,Kala.Krishnakumar-Duryodanan,Kot.Devadas-Dussasanan,Kala.Hari.R.Nair-Sakuni,Ettumanoor",Suresh.V-9447764533,"suresh.v,kollam",archive2011-2q.asp
09-04-11,Kuchella Vrittam,Sri Padmanabha Swami Temple Trivandrum,Thiruvananthapuram,Kerala,India,"Vembayam Appukkuttan Pillai, Natyashala Suresh, etc, Pattu: Kala. Surendran, etc, Chenda: Kala. Thampi, Maddalam: Kalanilayam Mohanachandran",,Balu,archive2011-2q.asp
08-04-11,Rukmini Swayamvaram,Sri Padmanabha Swami Temple Trivandrum,Thiruvananthapuram,Kerala,India,"Nelliyod Vasudevan Namboothiri, Natyashala Suresh, etc, Pattu: Kala. Surendran, Kalabharathi Radhakrishnan, Chenda: Kala. Thampi, Maddalam: Kalanilayam Mohanachandran",,Balu,archive2011-2q.asp
08-04-11,"Kalyanasowgandhikam, Keechakavadham","Asramom Sreekrishna swami temple,Kollam. 9p.m",kollam,Kerala,India,"Ettumanoor Kannan-Bheeman,Kal.Sucheendran-Panjali,Naripatta-Hanuman,RLV Rajendran,Chavara Parukutty,Thiruvalla Hari. Pattu-Kal.Mohanakrishnan,Kal.Vinodh,Kal.Hareesh. Chenda-Ayamkudi Unnikrishnan,Kal.R",9447764533,"suresh.v,kollam",archive2011-2q.asp
07-04-11,"Nalacharitham moonam divasam,Prahladacharitham.","Asramom Sreekrishna Temple,9P.M",Kollam,Kerala,India,"Padmasree Kala.Gopi-Bahukan,Kala.Ramachandran Unnithan-Karkodaka&Narasimha,Ettumanoor Kannan-Rithuparnan&Veluthanalan,Peesapalli Rajiv-Sudevan,Kala.Shanmughan-Damayanthi,Kala.Anilkumar-Jeevalan,Kala.P",9447764533,"suresh.v,kollam",archive2011-2q.asp
07-04-11,"KALYANASOUGADHIKAM , UTHARASWAYAMVARAM (Trigarthan vare),PRAHLADACHARITHAM",NJANGATTIRI BHAGAVATHI TEMPLE Njangattiri . Pattambi.,Palakkad,Kerala,India,"2.30 PM PANCHAVADYAM:Cherppulasseri Sivan,Kariyannur Narayanan Namboodiri,Etc. 7 PM DOUBLE THAYAMBAKA : Kallekkulangara& Porur Unnikrishnan BHEEMAN:Kala.Balasubramanian, HANUMAN:Ktkl.Nandakumaran Nair",Njangattiri NIRAMALA Akhosham,Ranjith SKM,archive2011-2q.asp
07-04-11,Santhana Gopalam,Chenganassery,,Kerala,India,"Kala. Kesavan Namboothiri, Nilambavoor Vijayan, etc",,Balu,archive2011-2q.asp
07-04-11,Kiratham,"CPCRI Regional Station, Kayamkulam",Alappuzha,Kerala,India,"Kal. Krishnaprasad, Kal. ravindranatha Pai, Dr.Chandramana Narayanan,Chingoli Gopalakrishnan, kalanilayam Haridas,Kalabharathjy Murali, Evoor Madhu, Evoor Aji- Kathaklali yogam-Sree Krishna Vanamala, ","Recreation Club, CPCRI (RS)",Narayanan,archive2011-2q.asp
06-04-11,Kuchelavritham Santhanagopalam,Tiruvalla Sri Vallabha Temple,Pathanamthitta,Kerala,India,"Nelliyodu as Kuchelan, Ettumanoor P. Kannan as SreeKrishnan Santhanagopalam Artists: Brahmanan: Mathoor Govindankutty; Arjunan: Kalabharathi Harikumar. Vocal: Kalamandalam Surendran & Kalamandalam Bab","Hari Tiruvalla, 94495204203",VN,archive2011-2q.asp
06-04-11,Nalacharitham Moonnam Divasam,"Thamarakkulam Sri Durga Bhagavathi Kshethram, Pallipuram, Trivandrum",Trivandrum,Kerala,India,"Kala Gopi-Bahukan,Kala Krishnakumar-Nalan,Kala Ramachandranunnithan-Sudevan, Margi Vijayakumar-Damayanthi,Kala Rajeevan-Rithuparnan,Kala Hari R Nair - Karkodakan,Jeevalan-Hari R Nair,Vashneyan-Akhil P","9847797801, 09035898485",Gopa Kumar,archive2011-2q.asp
06-04-11,Bali Vijayam,Kottarakkara,,Kerala,India,"Kala. Krishnakumar, Chenda: Kala. Raman Namboothiri, etc",,Balu,archive2011-2q.asp
05-04-11,Bhadrakali Vijayam,Punaloor,,Kerala,India,"Kala. Kesavan Namboothiri, etc",,Balu,archive2011-2q.asp
05-04-11,"Rasakreeda, Utharaswayamvaram, Kiratham","Vazhappally Sree Mahadeva Temple, Changanacherry; 9.00 PM onwards",Kottayam,Kerala,India,"Artists Names dated 05/04/11 may please read as: Nelliyodu,Sadanam Krishnankutty,Margi Vijayakumar,Kala Soman,Sadanam Bhasi,Kala Shanmughan,Kals Harish, Kala Kashinath, Kala Prasanth,Kala Vijayakumar,",Thiruvulsava Committee,G.K.,archive2011-2q.asp
05-04-11,KALYANASAUGANDHIKAM,MATANMATA,KOLLAM,Kerala,India,"Ettumanoor P. Kannan as 'Bhiman', Ratheesan as Hanuman",DR. P.VENUGOPAL. (9446967139),VN,archive2011-2q.asp
05-04-11,CHOLLIYATTAM (LECTURE & DEMONSTRATION),"Vazhappally Sree Mahadeva Temple, Changanacherry at 2.30 pm",Kottayam,Kerala,India,Peeshappally Rajeev & Party,Ulsava Committee & Dubai Thiranottam 9947619750,G.K.,archive2011-2q.asp
04-04-11,Dhakshayagam,"Sree Mahadeva Temple , Nelladu",Ernakulam,Kerala,India,"R.L.V Gopi, Kala Shanmugan, RLV Pramod, Kalanilayam Manoj, Kalanilayam Vinod, Kala Radhakrishnan, Kalakshethra Ananthu, Kalanilayam Rajeev, Kalanilayam Babu, Kalanilayam Ratheesh, Kala Vineeth, Kala S",temple committee,Krishnan,archive2011-2q.asp
04-04-11,Lavanasuravadham (Mannan and Mannathi episode),"Karthika Thirunal Theatre, Fort, Trivandrum 6.00 p.m.",Trivandrum,Kerala,India,"Kala: Ramachandran Unnithan-Mannnan, Margi Harivalsan-Mannathi, Kala: Krishnankutty, FACT Damu-Music, Margi Venugopal-Chenda, Margi Ravindran-Maddalam","Drisyavedi, Trivandum (www.drisyavedi.org)",Radhakrishnan Kanjingad,archive2011-2q.asp
04-04-11,CHOLLIYATTAM (LECTURE & DEMONSTRATION),"Vazhappally Sree Mahadeva Temple, Changanacherry",Kottayam,Kerala,India,Peeshappally Rajeev & Party,Ulsava Committee & Dubai Thiranottam 9947619750,G.K.,archive2011-2q.asp
04-04-11,Duryodhana Vadham,Alway,Ernakulam,Kerala,India,"Kala. Sreekumar, RLV Radhakrishnan, etc",,Balu,archive2011-2q.asp
04-04-11,"usha chithra lekha, malla yudhathodu koodi Keechaka vadhom",UMAYANELLOOR,KOLLAM,Kerala,India,"madavoor, mathoor, unnithan,kannan,kal haridas, pathiyoor, vinod, rajeev aluva, krishna das, sankara warrier Sri Ramachandran Unnithan and Ettumanoor P. KANNAN (valalan)",Parthasarathy (C/o tel # 9447021779),VN,archive2011-2q.asp
04-04-11,"usha chithralekha, malla yudhathodu koodi Keechaka Vadhom",UMAYANALLOOR BALA SUBRAMANYA SWAMY TEMPLE 10 PM,KOLLAM,Kerala,India,"MADAVOOR, MATHOOR, RAMCHNDRN UNNITHAN,ETTUMANUR KANNAN, KAL HARIDAS, PATHIYOOR, VINOD, RAJEEV ALUVA, KRISHNA DAS, KAL SANKARA WARRIER,",TEMPLE ORGANISERS,parthasarathy,archive2011-2q.asp
04-04-11,"Rugmangatha Charitham, Duryodhana Vadham","Vazhappally Sree Mahadeva Temple, Changanacherry; 9.00 PM onwards",Kottayam,Kerala,India,"Sadanam Krishnankutty, Nelliyodu. Margi Vijayakumar, Vazhenkada Vijayan, Kala Soman, Shanmughadas, Prasanth, Palanadu Divakaran, Babu Namboothiri, Kalanilayam Rajeev, Kuroor Vasudevan etc.",Thiruvulsava Committee,G.K.,archive2011-2q.asp
03-04-11,Nalacharitham Randam Divasam,Thiruvizha,Alappuzha,Kerala,India,Ettumanoor P. Kannan as NALAN & other artists,Unnikrishnan Pallipuram (9961575731),VN,archive2011-2q.asp
03-04-11,"Usha-Chirthalekha,Nizhalkuthu","Sree Krishna Swamy Temple,Thodupuzha",Idukki,Kerala,India,"Corrected: Vesham:-Kala Gopinathan,Kala Gopalakrishnan,Vellinezhy Haridas,Kala Kalidasan,Kala Pradeep,Kala Manoj Paattu:-Nedumpilli RamMohan,Kal Rajeevan......... Chenda:-Sadanam Ramakrishnan,Thiruval",Utsavam 2011,GIRISH N IYER,archive2011-2q.asp
03-04-11,"Nalacheritham 1, Karna Shapadam, Duryodhana Vadham, Bali Vijayam",Puthingal Temple Paravoor,Kollam,Kerala,India,"Kala. Krishnakumar, Kala. Gopi, Sadanam Krishnankutty, Thonnakkal Peethambaran, Madavoor Vasudevan Nair(to be confirmed), Nelliyod Vasudevan Namboothiri, Kala. Ramachandran Unnithan, Kala. Rajashekara",,Balu,archive2011-2q.asp
03-04-11,"SUBHADRA HARANAM ( FROM KUTHRAVADA ),DURYODHANAVADHAM",Kottakkal Pooram(Not official),,Kerala,India,"VAZHENKATA VIJAYAN,RAJ MOHAN,MADAVOOR,BALAKRISHNAN,SREEKUMAR MADAMBI, SUKUMARAN, HAREESH KUNHUNNI, VIJAYAKRISHNAN RAMANKUTTY, HARIHARAN",,tutts,archive2011-2q.asp
02-04-11,"POOTHANAMOKSHAM,BAKAVADHAM,PRAHLADACHARITHAM",Kottakkal Pooram(Not official),,Kerala,India,"Kottakkal VASUDEVAN,KALAMANDALAM BALASUBRAHMANIAN,KALAMA. KUTTAN,KESAVAN EMBRANTHIRI BALARAMAN, KOTT. UNNIKRISHNAN NATARAJA VARIER",,tutts,archive2011-2q.asp
02-04-11,"Nalacharitham 3,BaliVijayam","Sree Krishna Swamy Temple,Thodupuzha",Idukki,Kerala,India,"Vesham:-Sadanam Krishnankutty,Nelliyodu Vasudevan Namboothiri,Kala Gopalakrishnan,Vellinezhy Haridas,Kala Kalidasan,Kala Pradeep,Kala Manoj Paattu:-Nedumpilli RamMohan,Kal Rajeevan......... Chenda:-Sa",Utsavam 2011,GIRISH N IYER,archive2011-2q.asp
02-04-11,Kalyanasowgandhikam,Kanikuzhi,Kottayam,Kerala,India,Bhiman - Sri Ettumanoor P. Kannan & other artists,Pallam Chandran (9446432850),VN,archive2011-2q.asp
01-04-11,"Banayudham(Usha chitralekha),Uthraswayamvaram",Kottakkal Pooram(Not official),,Kerala,India,"SAMBHU EMBRANTHIRI,VASUDEVAN,SADANAM KRISHNANKUTTY,SUDHEER KOTTAKKAL KALANILAYAM UNNIKRISHNAN, PALANAT, RAJENDRAN RAMAN NAMBOODIRI ESWARA VARIER, KOTTAKKAL RAMESAN",,tutts,archive2011-2q.asp
01-04-11,"Purappad, Santhanagopalam","Mutalappara Baavati Temple, Ambalappara",Palakkad,Kerala,India,"Kavungal Jishnu Narayanan & Kavungal Uma(Purappad), Dr CP Unnikrishnan(Sreekri), Ka Haripad Balakrishna Pilla, Sa Manikantan, Sa Vijayan. Vocal: Thiruvalla Gopikuttan Nair, Ka Mohana Krishnan, Dr Vell",Sanathanaseva Charitable Trust. 0466-2401056,dr Vellinezhi Achuthan Kutty,archive2011-2q.asp
30-09-11,Kuchelavritham.,"EmbranMadam,near PoornathrayeesaTemple,Tripunithura.",Ernakulam,Kerala,India,"Kuchelan:RLV Damodarapisharody,Krishan:FACT Padmanabhan,Rukmini:RadhikaAjayan,Pattu:Kala:Rajeevan,Chenda:GopikrishnanThampuran,Maddalam:Kala:Sasi etc.............",,,archive2011-3q.asp
30-09-11,Ravanotbhavam,"padmasree kalyana mandapam,Thali,calicut",Calicut,Kerala,India,"Kala.Soman,Nedu Rammohan,Kala.Krishnadas,Sadanam Ramakrishnan,Kala.Venu,Hariharan and others.","Navarasam trust,Calicut.Renuka Verma 9349907792","Ramachandran,Calicut",archive2011-3q.asp
29-09-11,"Sri Rama Pattabhishekam, Kiratham",Sri Nalppathenneswaram Mahadevar Temple Panavally,Allepy,Kerala,India,"Sadanam Krishnankutty, Kalanilayam Rajashekaran, Kalamandalam Madhumohan, Kalamandalam Bhagyanathan, Kalanilayam Gopinath, Kalanilayam Ravindranatha Pai Kalamandalam Pradeep, Sadanam Vijayan, Kalanila",,Balu,archive2011-3q.asp
28-09-11,lavanasuravadham,"mazhayannur siva temple ,Mukkattukara",thrissur,Kerala,India,"kotta.Nandakumaran Nair(hanuman),Trippayya Peethambharan(sitha)Kala.Bajiyo,Kala.vipin(lavakusnmar)Kal.mohanakrishnan,Vellinezhy Achuthankutty(music),kala.vijayakrishnan(chenda),kala.Aneesh(madhalam),K","m.n.vinayakumar,janabheri 9447995636",m.n.vinayakumar,archive2011-3q.asp
28-09-11,balivadham(sampoornam),chottanikkara temple,ernakulam,Kerala,India,"kottakkal devadas,thiruvalla babu Chutty-kal saji,manoj eroor Kaliyogam-thripunithura club",navarathri festival,Girish N iyer,archive2011-3q.asp
27-09-11,"nalacharitham 2,prahladacharitham",chottanikkara temple,ernakaulam,Kerala,India,"kottakkal chandrasekhara warrior, Shukran - RLV Gopi etc.... paattu-,pathiyoor,kal rajeevan... Chutty-kal saji,eroor manoj kaliyogam-kathakali club,tripunithura",navarathri festival,Girish N iyer,archive2011-3q.asp
25-09-11,Nalacharitham -4,"Sastha Auditorium,Thripunithura- 5.30 P.M.",Ernakulam,Kerala,India,"Nalan- R.V.Sasikumar, Damayanthi-RLV Radhakrishnan, Kesini-Sadanam Vijayan, Pattu- Kalamandalam Gangadharan, Kottackal PD Namboothiry, Chenda-Gopikrishnan Thampuran, Maddalam-Achutha Warrier.",Venmani Haridas Anusmarana Samithi,namboothiry,archive2011-3q.asp
25-09-11,NALACHARITHAM 1 DAY,CHINMAYA VIDHYALAYA THONDYAD KOZHIKODE,kozhikode,Kerala,India,NALAN PADMASREE KAL GOPI NARADAN KAL SUCHINDRAN HAMSAM SADANAM KRISHNANKUTTY DAMAYANTHI KAL SIVADASAN PATTU PATHIYOOR SANKARAN KUTTY NEDUMBALLI RAMAN CHENDA KAL KRISHNADAS MADALAM KAL RAJANARAYANAN CH,THODAYAM KATHAKALIYOGAM 9446163711 calicut,SREEKUMARNEDUNGADI,archive2011-3q.asp
25-09-11,Jayadratha Charitham,"NSS Karayogam Hall, Chalakudy - 5 PM",Thrissur,Kerala,India,"Arjjunan-Kaln. Gopinathan, Paanchali-Kala. Shanmukhan, Jayadrathan-Kala. Balasubrahmanian, KOdikaasyan-Kaln. Vinod Kumar; Sangeetham-Kaln. Rajeevan, Kaln. Babu; Chenda-Sadanam Ramakrishnan, Kaln. Rath",Chalakudy Kathakali Club,Vinod Warrier,archive2011-3q.asp
25-09-11,santhanagopalam (thiranottam kaliyogam inaugration prog_ one of their 12th stage),"ootupura, sringapuram, kodungallure, 3pm (class); 5pm kadhakali",thrissur,Kerala,India,"Kala Pradipkumar(Sree Krishnan), Arjunan (Etu. P.Kannan), Brahmanan (Pesapilly Rajivan), Bra. Patni (Kaasinadhan); Sangeetham (Jayaprakash, Vinod); chenda (kala. nandakumar); maddalam (kala aneesh); c",thiranottam & kodungalur kunjunni thamburan s.k.s.,sadu engoor,archive2011-3q.asp
24-09-11,lavanasura vadham,"changampuzha park, idapplli, eranakulam, 5pm",eranakulam,Kerala,India,"hanuman-sadanam krishnan kutti, seetha-kalaa;vijayakumar, lavan-sadanam sadaanandan,kushan-sadanam krishnadas, shathrughnan-rlv pramod, paattu-kottakkal madhu, nedumpalli rammohan, chenda-kalaabalaram","kathakali aswadaka sadassu, idappapplli",sunil narayanan,archive2011-3q.asp
24-09-11,Ravan Udhbhavam,Kollam,Kollam,Kerala,India,"Ravana: Sadanam Vishnuprasad, Kumbhakarna: Kalamandalam Vipin, Vibhishana: Kalamandalam Mohandas, Pattu: Kalamandalam Jayaprakash, Kalanilayam Babu, Chenda: Sadanam Jithin, Kalamandalam Ravishankar, M",Kollam Kathakali Club,Balu,archive2011-3q.asp
24-09-11,lavanasuravadham,"changampuzhapark,edappilly",ernakulam,Kerala,India,"sadanam krishnankutty,kala.vijayakumar,sadanam sadanandan,sadanam krishnadas,rlv pramod,kattakkal madhu,,rammohan,kala.balaraman,kala.prakasan etc","kadhakali aswadaka sadas,edappilly",P D S NAMPOOTHIRI,archive2011-3q.asp
21-09-11,Krishnaleela by Dr. P. Venugopalan,"karthika Thirunal Theatre, Fort, Trivandrum",Trivandrum,Kerala,India,"Devaki_ Margi Vijayakumar, Sreekrishnan- Kala: Mukundan, Yasoda- Kala: Shanmukhan, Pattu- Pathiyoor Sankarankutty, Kalanilayam Rajeevan, Chenda,Edakka- Kala: Sreekanth, Maddalam-Kalanilayam Manoj","Drisyavedi, Trivandrum",Radhakrishnan Kanjingad,archive2011-3q.asp
18-09-11,Thorana Yudham,Shastha Auditorium Thripunithura,Ernakulam,Kerala,India,"Madavoor Vasudevan Nair, Akhil Nair, Talavadi Aravindan, Renjith Thripunithura, Kala. Krishnaprasad, Thripunithura Ratheesh, RLV Sunil, Kala. Radhakrishnan, FACT Biju Bhaskar, RLV Pramod, Pattu: Kala.",,Balu,archive2011-3q.asp
18-09-11,Dakshayagam,"Student's Amenities Center (SAC), IISc Campus, Bangalore",,Kerala,India,"Dakshan- Narippatta Narayanan Namboothiri,Indran-Kala. Chinosh,Nandikeswaran-Kala. Neeraj,Sivan- Ravi Karangat,Sati- Kala. Sucheendran,Veerabhadran- Sadanam Krishnadas,Bhadrakali- Kala. Chinosh,Vocal-","SIMA, 9741039400 mobile number 9483832112",Ravi Karangat,archive2011-3q.asp
18-09-11,Nalacharitha 2nd day(Upto Choothukali),Sreekrishna Temple Natakasala Ambalapuzha 6.30 PM Monthly Performance,Alappuzha,Kerala,India,"Kal Shamnughadas(Nalan); Madhu Varanasi(Damayanthi) Kal Hari R Nair(Kali); Kal Parthasarathy(Dwaparan); Kal Arun kumar(Indran); Kalanilayam Vinod(Pushkaran) Music Pathiyoor Sankarankutty, Kal Jaayapr",Sandarsan Kathakali Vidyalayam 9447161980,Renjith R Ernakulam,archive2011-3q.asp
17-09-11,"nal 1,santhanagopalam","sree vallabha temple,thiruvalla",pathanamthitta,Kerala,India,"thalavadi aravindan,fact mohanan,kal.rajasekharan...",vazhipadu,Girish N Iyer,archive2011-3q.asp
17-09-11,"Puraooadu,Tripple melappadam,,,,,,,,,,,,,,,","Panavally Mahadeva kshethran,Cherthala.",Alleppy.,Kerala,India,"Pattu:PathiyoorSankarankutty,Kala:Rajeev,Chenda:RamanNamboothiri,GopikrishnanThampuran,Kala:Ravisankar.Maddalam:Kala:Achuthawarrier,Kal:Manoj,Kala:Vineeth etc.........",,,archive2011-3q.asp
17-09-11,KALAKEYA VADHAM,ANNAMADA,,Kerala,India,"Mathali-Kala:Shanmukhan, Arjunan-Ettumanoor Kannan, indran-kala.Arun warrier , Indrani-Kala:kasinadhan, Pattu-Kotta:Narayanan, Kalani:Rajevan,Nddumpilly Ram Mohan Chenda-Kala:Krishnadas, Madhalam-Kala","ANNAMADA KATHAKALI SNEHIKAL,9447679162",,archive2011-3q.asp
17-09-11,"Ayyappa Cheritham, Kiratham","Nalpatheswaram Temple, Panavalli",Alapuzha,Kerala,India,"Kala. Shamugan, Kala. Sreekumar, Kala. Pradeep, RLV Radhakrishnan, RLV Gopi, RLV Rajashekaran, Pattu: Pathiyoor Shankarankutty, Kalanilayam Rajeev, Kalanilayam Babu, Chenda: Kalanilayam Udayan Namboot",,Balu,archive2011-3q.asp
17-09-11,Nalacharitham 1,Sri Vallabha Kshetram Thiruvalla,Pattanamthitta,Kerala,India,"Kala. Krishnakumar, Kalanilayam Karunakara Kurup, etc, Pattu: Kala. Vinod, Chenda: Ayamkudi Unnikrishnan, etc",,Babu,archive2011-3q.asp
14-09-11,"Karnasapatham, Sreerama Pattabhishekam","Sreevallabha temple Thiruvalla, 9: pm",Pathanamthitta,Kerala,India,Sadanam Krishnankutti Kottakkal Chandrasekhara Warrier Mathoor Govindankutti Kalamandalam Sreeekumar FAct Mohanan Kalanilayam Karunakarakkuruppu (Thiruvalla) Kalamandalam Madhavan Nampoothiri (Thiruva,Vazhipadu,Bhakthan,archive2011-3q.asp
12-09-11,Kamsa Vadham,Thirthapadamandapam Trivandrum 6:00,Thiruvananthapuram,Kerala,India,"Akrooran: Kala. Vasu Pisharody, Kamsa: Inchakkad Ramachandran Pillai, Krishna: Kala. Mukundan, Narada: Margi Ravindran Nair, Margi Balasubramanian, Pattu: Kala. Surendran, Margi Nandakumar, Kalanilaya",,Balu,archive2011-3q.asp
12-09-11,Kamsavadham,Threerdhapadamandapam - 6.00 pm,thiruvananthapuram,Kerala,India,"Inchakadu,Ravindran nair,parthasaradhi,margi suresh,Kala,vasupisharody, mukundan,arunwarier,vipin,balasubramanian Kala.surendran,kalan.Nandakumar,mohanan Kotta.Prasad,krishnakumar Kalan. Manoj,kalabha",Onam,madhukumar,archive2011-3q.asp
12-09-11,Kamsavadham,Threerdhapadamandapam - 6.00 pm,thiruvananthapuram,Kerala,India,"Inchakadu,Ravindran nair,parthasaradhi,margi suresh,Kala,vasupisharody, mukundan,arunwarier,vipin,balasubramanian Kala.surendran,kalan.Nandakumar,mohanan Kotta.Prasad,krishnakumar Kalan. Manoj,kalabha",Onam,madhukumar,archive2011-3q.asp
11-09-11,Daksha Yagam,Thirthapadamandapam Trivandrum 6:00,Thiruvananthapuram,Kerala,India,"Kala. Krishnakumar, Kottakkal Chandrashekara Warrier, Kala. Rajashekaran, Kala. Ramachandran Unnithan, Kala. Hari R. Nair, Kalanilayam Vasudevan, Pattu: Kottakkal Madhu, Kala. Harish, Chenda: Kuroor V",,Balu,archive2011-3q.asp
11-09-11,Dakshayaagam,Threerdhapadamandapam - 6.00 pm,thiruvananthapuram,Kerala,India,"Kotta.Chandrasekharan,Kala.rajasekharan,Kotta.Ravikumar,Kala.Ramachandranunnithan,Hari R nair, Kalabha.vasudevan,mohandas etc. Kottakal madhu,Kala. Harish namboothiri Kuroor vasudevan namboothiri,Kala",Onam,madhukumar,archive2011-3q.asp
10-09-11,Nizhalkuthu,Threerdhapadamandapam - 6.00 pm,thiruvananthapuram,Kerala,India,"Fact Mohanan,murukan,kala.biju,RLV radhakrishnan,Nelliyodu etc. Kala.Jayaprakash,Kalan.babu Kalabha.Unnikrishnan,Subhashbabu Kala.Kochukuttan/rajeev",Onam,madhukumar,archive2011-3q.asp
10-09-11,nalacharitham(part of Randaam Divasam),Bangalore 7pm,Bangalore,Kerala,India,"kala. Harinarayanan(nalan)Kala.Jishnuravi(damayanthi)Sadanam Sivadas, Kala.viswas(music)Krishnapraveen Poduval(chenda) Kala.Aneesh(madhalam)Kala.Ravikumar(chutti)","m.n.vinayakumar,janabheri for BCKA 9447995636",m.n.vinayakumar,archive2011-3q.asp
10-09-11,Banayudham,YMCA HALL MAVELIKARA,Alappuzha,Kerala,India,"Banayudham Cholliyattam at 2.30 pm Banayudham Kali at 5.30 pm Padmabhooshan Madavoor Vasudevan Nair,Kalamandalam Rajasekharan,Madhu Varanasi,Kalamandalam Vyshakhan etc........... Pattu:Kalanilayam Unn","Kathakali Aswadakasangham,Mavelikara",Sreekanth,archive2011-3q.asp
10-09-11,KEECHAKAVADHAM,"NSS HALL,PARAKKADAVU AT 7 PM",ERNAKULAM,Kerala,India,KEECHAKAN Kala.Balasubrahmaniyan/Sairamdhri Kala.Shanmughan/Sudeshna Kala.Sucheendranathan/vocal--Pathiyoor & kalani.Rajeevan/Chenda Kala.Raman namboodiri/ Maddalam Kalani.Prakashan/ Sreebhavaneeswari,"Natyadharmi,Parakkadavu/9447981912 Pisharody",P N R PISHARODY,archive2011-3q.asp
09-09-11,"Rukmini Swayamvaram, Daksha Yagam",Evoor,,Kerala,India,"FACT Padmanabhan, FACT Mohan, Kala. Krishnaprasad, RLV Rajashekaran, Madhu Varanasi, Kalanilayam Ravindranath Pai, Pattu: Pathiyoor Shankarankutty, Kala. Sajeev, Kalanilayam Rajeev, Chenda: Ayamkudi U",,Balu,archive2011-3q.asp
09-09-11,Bakavadham,Threerdhapadamandapam - 6.00 pm,thiruvananthapuram,Kerala,India,"Sadanam Krishnankutty,shanmughan,harivalsan,Kala.balakrishnan Kala.subramanian,krishnankutty, Kala.Krishnadas,venugopal, venukuttan,mohanachandran etc.",Onam,madhukumar,archive2011-3q.asp
09-09-11,Bakka Vadham,Thirthapadamandapam Trivandrum 6:00,Thiruvananthapuram,Kerala,India,"Sadanam Krishnankutty, Kala. Shanmugan, Nelliyod Vasudevan Namboothiri, Pattu: Kala. Subramanian, Kala. Krishnankutty, Chenda: Kala. Krishnadas, Kala. SreekanthVarma, Maddalam: Kala. Venukuttan, Margi",,Balu,archive2011-3q.asp
09-09-11,Ravanothbhavam,"sreerangam hall, thirunakkara, kottayam, 4pm",kottayam,Kerala,India,"Ravanan-kala;soman,kumbhakarnan:kalakendram balu, vibheeshanan;kalakendram hareesh,pattu-kalanilayam rajendran, kalanilayam rajeevan, chenda-kuroor vasudevan namboothiri,kala;venu mohan, maddalam:kala",kaliyarangu,sunil narayanan,archive2011-3q.asp
09-09-11,Nalacharitham randaandivasam,Darbarhall Ground.,Ernakulam,Kerala,India,"Kattaalan; kala Balasubrahmanian.Pattu Hareesh Namboothiri, Chenda GopikrishnanThampuran etc............",KTDC,,archive2011-3q.asp
08-09-11,Nalacheritham 1,Thirthapadamandapam Trivandrum 6:00,Thiruvananthapuram,Kerala,India,"Nala: Kala. Balasubramanian, Hamsa: FACT Padmanabhan, Damayanthi: Chambakkara Vijayan, Narada: Atingal Peethambaran, Pattu: Pathiyoor Shankarankutty, Kalanilayam Rajeev, Chenda: Kala. Varanasi Narayan",,Balu,archive2011-3q.asp
08-09-11,Nalacharitham-I,Threerdhapadamandapam - 6.00 pm,thiruvananthapuram,Kerala,India,"Kala. Balasubramanian,fact padmanabhan,vijayakumar, pathiyoor, Kalan.rajeevan,kala.narayanan[varanasi] ratnakaran etc.",Onam,madhukumar,archive2011-3q.asp
08-09-11,"Nalacharitham Onnam Divasam, Balivijayam","Kuratti, Chalakkudi",TRICHUR,Kerala,India,Nalan - Ettumanoor P. Kannan Kalamandalam Soman Sadanam Bhasi.,Rajanand - 9447301802,VN,archive2011-3q.asp
07-09-11,Rukmini Swayamvaram,Evoor,,Kerala,India,"RLV Rajashekaran, Kala. Krishnaprasad, Kalanilayam Ravindranatha Pai, Madhu Varanasi, Pattu: Pathiyoor Shankarankutty, Kalavedi Suresh, Chenda: Kalavedi Murali, Maddalam: Evoor Madhu",,Balu,archive2011-3q.asp
06-09-11,"Santhaanagopalam, Prahlaadacharitham",Aymanam Temple - 22.00 hrs.,Kottayam,Kerala,India,"Purappadu, Melappadam [double] by Pathiyoor Sankaran kutty, Kotta. Madhu, Kala. krishna das,sadanam Ramakrishnan, Achutha warriar,Kalani. Manoj... Santhaanagopalam by Kotta. Chandrasekharan,Kala.Kesav",Aymanam Temple festival Committee/sponsors,V. Madhukumar,archive2011-3q.asp
05-09-11,Usha-Chithralekha,Ernakulam,Ernakulam,Kerala,India,"Kala. Shanmugan, Kala. Vijayakumar, etc",,Balu,archive2011-3q.asp
03-09-11,"Nalacharitham Randam Divasam,(up to verpad),Kiratham","Thekkedathu Mana,Erumappetti(Vadakkanchery-Kunnamkulam route-7.30p.m",Thrichur,Kerala,India,"Padmasree Kal.Gopi,Kal.Ramachandran Unnithan,Margi Vijayakumar,Kal.Krishnakumar,Kot.Devadas,Kal.Arun Warrier.Pattu-Pathiyoor,Kot.Madhu.Chenda-Kal.Unnikrishnan",9447319478,"suresh.v,kollam",archive2011-3q.asp
03-09-11,KATHAKALI PADAM KACHERI,CHEVAYUR (near calicut),kozikod,Kerala,India,"vocal-KOTTAKKAL NARAYANAN,support-VENGERI NARAYANAN,chenda -KOTTAKKAL PRASAD,madhalam-KOTTAKKAL RADHAKRISHNAN.",Adv-P.Balakrishnan nampeesan,,archive2011-3q.asp
31-08-11,Narakasuravadham,"Margi, Nr.Fort School",Thiruvananthapuram,Kerala,India,Margi.,Margi,SASIKUMAR S,archive2011-3q.asp
30-08-11,DIVYA KARUNYA CHARITHAM by Radha Madhavan,"TOWN CHURCH, Thrissur .. 3.30 PM",Thrissur,Kerala,India,"VESHAM: Kottakkal Kesavan,Kala Sajan,Kala Pramod,Kala Manoj,Kala EbinBabu, PATT: Kottakkal Madhu, Ram Mohan Chenta: Kalanilayam Udayan Nambudiri Maddalam: Aneesh",Fr. Joy Chencheryl,Radha Madhavan,archive2011-3q.asp
28-08-11,Karnasapatham,TASS hall Aluva,Kerala,Kerala,India,Kunthi: Madavoor Vasudevan Pillai Karnan: Sadanam Krishnan kutty Duryodhan: Kala. Sreekumar,Aluva Tass 94475 78467,Balakrishnan Kainikara,archive2011-3q.asp
28-08-11,"Purappad Arangettam,Keechakavadham","Sankarankulangara temple,Thrissur - Time 7.45 PM",thrissur,Kerala,India,"Arangettam:Master Visagh,Devika Hari,Arathi Venad,Nandana Venad. Keechakan:Kala:Soman,Sairandri:Smt:Haripriya Namboodiri,Sudeshna:Kala: Sooraj,Valalan:Kala;Chinosh Chenda:Kurur Vasudevan Namboodiri, M","9447838003,9656751153",BijuThekkumpat,archive2011-3q.asp
28-08-11,"PURAPPAD, KEECHAKA VADHAM","SANKARANKULANGARA KSHETHRAM,THRISSUR @ 7.30 P.M.",THRISSUR,Kerala,India,"PURAPPAD ARANGETTAM - KALA: SOMANS DISCIPLES.KEECHAKAN - KALA: SOMAN,SAIRANDHRI-HARIPRIYA NAMBOODIRI,SUDESHNA-KALA:SUJEENDRAN,VALALAN-KALA:CHINOSH BALAN.PATT-NEDUMPILLI RAMMOHAN,SADANAM JYOTISH BABU.C",,ANAND NAMBISSAN,archive2011-3q.asp
28-08-11,Karna Shapadam,TASS Hall Aluva,Ernakulam,Kerala,India,"Sadanam Krishnankutty, Madavoor Vasudevan Nair, Kala. Sreekumar, Pattu: Pathiyoor Shankarankutty, Kala. Vinod, Chenda: Kala. Raman Namboothiri, Maddalam: Kala. Shankara Warrier",,Balu,archive2011-3q.asp
27-08-11,NARAKASURA VADHAM,Paramekav ROHINI MANDAPAM at 6 pm,Trichur,Kerala,India,"Sangeetham-Kottakkal Narayanan and venheri Naryanan, chenda-kala.Unnikrishnan. madhalam-Kottakkal Ravi. (Sponsored by Orupulasseri Jayadevan Nampoothirippad.)",Kathakali Club Thrissur,Analaja.k,archive2011-3q.asp
26-08-11,"KARNASAPADHAM, DAKSHAYAGAM","MANNURKAVU, KARUNAGAPALLI",KOLLAM,Kerala,India,"KARNAN - ETTUMANOOR P. KANNAN KALAMANDALAM RAVIKUMAR KALANILAYAM RAJEEVAN, KAL PRASANTH",SRIKUMAR - 9446816016,VN,archive2011-3q.asp
26-08-11,Poothana Moksham,"Sreevallabha temple Thiruvalla, 9: pm",Pathanamthitta,Kerala,India,"Kalamandalam KG. Vasudevan Vellinezhi Haridas Sadanam Bhasi Kalamandalam Pradeep Singers: Nedumpallli Ram Mohan Panayoor Kuttan Chenda: Kalamandalam Balasundaran, Kalabharathi Peethambaran Maddalam: k",Vazhipadu,Bhakthan,archive2011-3q.asp
26-08-11,kuchelavrutham and Poothanamoksahm,"Sreevallabha Temple, Thiruvalla",Alappuzha,Kerala,India,"Sarvasree. K.G.Vasudevan, Pratheep, Vellinezhi Haridas, Sadanam Bhasi, Thiruvalla Sadasivan.(Vocal) Nedumpally Rammohan, Panayoor Kuttan. (Chenda) Sree. Kala: balasundaran, kalabharathi Peethambaran (","Thrivikraman Nampoothiri,ilayidathumana, palakkad",C.Ambujakshan Nair,archive2011-3q.asp
25-08-11,Nalacheritham 2,Pampady Kottayam,Kottayam,Kerala,India,"Nala: Kala. Krishnakumar, Damayanthi: Margi Vijayakumar, Pushkara: Kala. Shanmugan, Kali: Kala. Hari R. Nair, Kattalan: Kala. Soman, Pattu: Pathiyoor Shankarankutty, Kalanilayam Rajeev, Chenda: Kala. ",,Hari,archive2011-3q.asp
25-08-11,Nizhalkuthu,"Srikarthikathirunal Theatre, East fort, Tvpm.",Thiruvananthapuram,Kerala,India,"warm reception for Smt. Chavara Paarukutty & Kottarakara Ganga for their contribution to the field followed by Kathakali as follows; Aattom - Kala. Manoj-Duryodhanan, Kalani.Vinod-doothan, Kotta.Ganga","Drisyavedi, Tvpm. [ Aslo see www.Drisyavedi.org]",V.Madhu kumar,archive2011-3q.asp
23-08-11,Santhana Gopalam,Evoor,,Kerala,India,"Kala. Krishnaprasad, Kalabharathi Mohankumar, Kalanilayam Ravindranatha Pai, Pattu: Pathiyoor Shankarankutty, Kalavedi Suresh, Chenda: Kalavedi Murali, Maddalam: Evoor Madhu",,Balu,archive2011-3q.asp
21-08-11,Gurudakshina,Evoor,,Kerala,India,"FACT Padmanabhan, Kala. Krishnaprasad, RLV Rajashekaran, etc, Pattu: Thiruvalla Gopikuttan Nair, Pathiyoor Shankarankutty, Chenda: Ayamkudi Unnikrishnan, Maddalam: Haripad Murali",,Balu,archive2011-3q.asp
21-08-11,Ashtapathy and PANCHA THAYAMPAKA,"SREE KRISHNA SWAMY TEMPLE,THODUPUZHA",IDUKKI,Kerala,India,"ASHTAPATHY by THRIKKAMPURAM AASAN THAYAMPAKA PERFORMED BY PORUR UNNIKRISHNAN,KALPATHY BALAKRISHNAN,PANAMANNA SASI etc.......",ASHTAMI ROHINI FEST ph:-sajan-9037236988,GIRISH N IYER,archive2011-3q.asp
21-08-11,Kuchelavrutham,Sreekrishna Swamy Temple Mavelikara,Alappuzha,Kerala,India,"Kuchelan-Kalanilayam Vasudeva Panicker,Sreekrishnan-Kalamandalam Vijayakumar,Rugmini-kala:Arunkumar Pattu:Kalamandalam Mohanakrishnan,Kalanilayam Babu Chenda:Kalamandalam Sreekanth Varma Maddalam:Kala",,Sreekanth,archive2011-3q.asp
21-08-11,Kuchelavrutham,Sreekrishna Swamy Temple Ambalappuzha 11pm,Alappuzha,Kerala,India,"Kuchelan-Kalanilayam Vasudeva Panicker,Sreekrishnan-Kalamandalam Vijayakumar,Rugmini-kala:Arunkumar Pattu:Kalamandalam Mohanakrishnan,Kalanilayam Babu Chenda:Kalamandalam Sreekanth Varma Maddalam:Kala",,Sreekanth,archive2011-3q.asp
21-08-11,Gurudakshina,"Sri Krishna Temple, Evoor",Alappuzha,Kerala,India,,Jayakrishnan Kannampally,Narayanan,archive2011-3q.asp
21-08-11,"Kuchelavrutham, Kamsavadham",Asramam Sree krishna swamy Temple at 20:00 Hrs,Kollam,Kerala,India,"Patmasree: Kala: Gopi, Nelliyodu, Ettumanoor Kannan, Peesappally Rajeevan, Kala: Balakrishnan,Kala:Manoj, Murukesan, Sucheendran, Parthasarathi,Arun Raj Etc. Vocal: Sree. Kalamandalam Surendran, Babu ","Vazhipaadu: Sree.Jayan, Krishna. Mangadu , Kollam",C.Ambujakshan Nair,archive2011-3q.asp
21-08-11,santhanagopalam,"sreekrishnapuram temple,Thiruvannur,Calicut 7 p m",Calicut,Kerala,India,"kala:Balasubramanian-Arjuna,Kala:Sajan-bramanan,Arun warrier-krishnan, kala:jishnuRavi-Pathni,Kalanilayam sivadas,Sriragvarma-pattu,Udayan nambudiri, kala:Anish etc organiser:----------- ,sopanam,cali","sopanam,calicut chapter Ramachandran,9446317433,",P.Ramachandran,archive2011-3q.asp
21-08-11,"Kuchelavirtham,Kamsavadham","Asramom Sreekrishna Sami Temple,kollam 9P.M",Kollam,Kerala,India,"Padmasree Kal.Gopi-Sreekrishnan,Nelliyode Vasudevan Namboothiri-Kuchelan,Kal.Sucheendran-Rugmini.Ettumanoor Kannan-Akrooran,Kal.Soman-Kamsan,Kal.Mukundan-Sreekrishnan,Peesapilli Rajeevan-Anakkaran etc",9447764533,"suresh.v,kollam",archive2011-3q.asp
21-08-11,"Poothana Mooksham, Kiratham","Thoupuzha Thuravoor Mahakshetram,",Idduki,Kerala,India,"RLV Radhakrishnan, Kala. Prasanth, RLV Gopi, RLV Sanil, Pattu: Kala. Balachandran, Kala. Sudheesh, Chenda: Kala. Ashokhan",,Hari,archive2011-3q.asp
18-08-11,Karna Shapadam,Cherthala,Alapuzha,Kerala,India,"RLV Gopi, RLV Sanil, Pattu: Kala. Gopalakrishnan, Kala. Vinod, Maddalam: Kalanilayam Manoj",,Hari,archive2011-3q.asp
17-08-11,Nalacharitham Onnam Divasam and Kiratham,Sri Krishna Temple Evoor,Alappuzha,Kerala,India,,Kannampally Jayakrishnan,Narayanan,archive2011-3q.asp
17-08-11,"karnasapatham,dhakshayagam","sree vallabha kshethram,thiruvalla",pathanamthitta,Kerala,India,"kott chandrasekharan,mathoor govindhankutty,thalavady aravindhan,kal vinod,kudamaloor muraleekrishnan.... music-pathiyur,kal jayaprakash... Chenda-kal krishnadas,tvla unnikrishnan Madhalam-kal achutha",,GIRISH N IYER,archive2011-3q.asp
17-08-11,"Nalacheritham 1, Kiratham",Evoor,,Kerala,India,"Kala. Balakrishnan, Kala. Krishnaprasad, FACT Mohan, Pattu: Kalanilayam Rajeev, Parimanam Madhu, Chenda: Kalavedi Murali, Kandaloor Unnikrishnan, Maddalam: Evoor Madhu",,Balu,archive2011-3q.asp
17-08-11,"Karna Shapadam, Daksha Yagam",Sri Vallabha Kshetram Thiruvalla,Pattanamthitta,Kerala,India,"Kottakkal Chandrashekara Warrier, Mathoor Govindankutty, etc, Pattu: Pathiyoor Shankarankutty, Kala. Jayaprakash, Kalanilayam Rajeev, Chenda: Kala. Krishnadas, Ayamkudi Unnikrishnan, Maddalam: Kala. A",,Balu,archive2011-3q.asp
17-08-11,"Nalacharitham moonnam Divasam,","V.P.R.Sadanam,Ashtamudi(5k.m frm Anchalum mood),8 P.M",Kollam,Kerala,India,"Padmasree Kal.Gopi,Thonnakkal Peethambaran,Kochunarayanapillai,Chambakkara Vijayan,Kal.Prasanth.Pattu-Kottakkal Madhu,Kal.Babu Namboothiri.Chenda-Kal.Unnikrishnan,Maddalam-Kal.Venukuttan",9447247391,"suresh.v,kollam",archive2011-3q.asp
16-08-11,Rugmangadacharitham,"Melpathur auditorium,Guruvayoor.8 pm",thrissur,Kerala,India,"Kalamandalam Vasupisharodi,Haripriya Namboodiri, Chenda:Kalamandalam Unnikrishnan Madalam:Kala:Rajnarayanan Sangeetham:KOttakkal Narayanan,Nedumpally Ram mohan",,Biju thekkumpat,archive2011-3q.asp
16-08-11,RUGMANGATHA CHARITHAM,GURUVAYUR KSHETRAM,Trichur,Kerala,India,,9447679162,,archive2011-3q.asp
16-08-11,Sita Swayamvaram,Thuravoor,,Kerala,India,"Kottayam Ramakrishnan, RLV Sanil, etc, Pattu: Kalabharathi Baghavathan, Chenda: Ayamkudi Unnikrishnan, Maddalam: Kalabharathi Rajeev",,Balu,archive2011-3q.asp
16-08-11,"Nalacharitham nalam Divasam,Pattabhishekam","Sreevallabha Kshethram,Thiruvalla,9.30P.M",Pathanamthitta,Kerala,India,"Padmasree Kal.Gopi-Bahukan,Kal.Shanmughan-Damayanthi,Kal.Muralidharan Namboothiri-Kesini,Sadanam Krishnankutty-Sriraman,Kal.Ramachandran Unnithan-Hanuman,Guhan-Thalavady Aravindan,Fact Mohan-Vibheesha",Radhakrishnan-9847653822,"suresh.v,kollam",archive2011-3q.asp
15-08-11,Nalacheritham 2,Irinjalakuda,Thrissur,Kerala,India,"Kala. Shamugan, Kala. Vijayakumar, etc",,Balu,archive2011-3q.asp
15-08-11,Ravana Vadham,Sri Vallabha Kshetram Thiruvalla,Pattanamthitta,Kerala,India,"Mathoor Govindankutty, Kalanilayam Manmadhan, FACT Mohan, RLV Rajashekaran, Kalanilayam Madhavan Namboothiri, Kalanilayam Ravindranatha Pai, Thattayail Unnikrishnan, Kala. Ullas, Thiruvalla Babu, Thir",,Balu,archive2011-3q.asp
15-08-11,Kalyanasaugandhigam,"Kalikotta Palaca,Thripunithura. 6 p.m.",Ernakulam,Kerala,India,"Bhiman-Kot.Kesava Kundalayar,Hanuman-FACT Padmanabhan,Panchali-Biju Bhaskar,Pattu-Kaln.Unnikrishnan,Kal.Harishkumar,Chenda-Kalavedi Ayamkudi Unnikrishnan,Gopikrishnan Thamburan,Madalam-Kal.Vineeth,Chu",Thripunithura Kathakali Kendram,"Biju Anand, North Paravur",archive2011-3q.asp
15-08-11,Nalacheritham 2,Irinjalakuda 2:00 pm,Thrissur,Kerala,India,"Nala: Kala. Shanmugan, Pakshi: Kala. Suchindran, Damayanthi: Kala. Vijayakumar, Kali: Kala. Hari R. Nair, Indran: Kottakkal Unnikrishnan CM, Pushkara: Kalanilayam Vinod, Kattalan: Sadanam Bhasi, Mantr",,Balu,archive2011-3q.asp
14-08-11,Nalacheritham 3,Irinjalakuda 2:00 pm,Thrissur,Kerala,India,"Rithuparna: Kottakkal Unnikrishnan CM, Jivalan: RLV Pramod, Varshneyan: Kalanilayam Sandeep, Bahuka: Ettumanoor Kannan, Damayanthi: Kala. Suchindran, Sudeva: Peeshapalli Rajeev, Pattu: Kala. Harish, K",,Balu,archive2011-3q.asp
14-08-11,Duryodhana Vadham,Irinjalakuda 5:00 pm,Thrissur,Kerala,India,"Panchali: Kala. Suchindran, Krishna: Kala. Manoj, Duryodhana: Kala. Pradeep, Dussasana: Kalanilayam Vinod, Mumukshu: Kalanilayam Sandeep, Roudra Bheema: Ettumanoor Kannan, Pattu: Kala. Harish, Kala. R",,Balu,archive2011-3q.asp
14-08-11,Uttharaswayamvaram,Irinjalakuda 9:30 am,Thrissur,Kerala,India,"Duryodhana: Peeshapalli Rajeev, Thrigarthan: Kala. Pradeep, Viradhan: Kala. Chinosh Balan, Vallan: Kalanilayam Sandeep, Pattu: Kala. Harish, Kala. RamMohan, Sadanam Jyothish Babu, Chenda: Kottakkal Vi",,Balu,archive2011-3q.asp
14-08-11,Kacha Devayani,Payannur,Kannur,Kerala,India,"Kala. Gopi, Margi Vijayakumar, Kala. Ramachandran Unnithan, Pattu: Pathiyoor Shankarankutty, Chenda: Kala. Unnikrishnan, Maddalam: Kala. Shankara Warrier",,Parithamma,archive2011-3q.asp
14-08-11,Rugmangadacheritham,Kozhikode,Kozhikode,Kerala,India,"Kala. Soman, Kala. Vijayakumar, etc",,Hari,archive2011-3q.asp
14-08-11,Kumbhakarna Vadham,Sri Vallabha Kshetram Thiruvalla,Pattanamthitta,Kerala,India,"Kalanilayam Karunakara Kurup, Nelliyod Vasudevan Namboothiri, Kottayam Ramakrishnan, Kala. Kesavan Namboothiri, Thalavadi Aravindan, Kala. Pradeep, Pandalam Unnikrishnan, FACT Jayadev Varma, Thathayil",,Balu,archive2011-3q.asp
13-08-11,Sethu Bandhanam,Sri Vallabha Kshetram Thiruvalla,Pattanamthitta,Kerala,India,"Kalanilayam Karunakara Kurup, RLV Rajashekaran, Thalavadi Aravindan, Kalanilayam Manmadhan, Kala. Vijayakrishnan Unnithan, Kala. Pradeep, Pandalam Unnikrishnan, Thiruvalla Subash, Kalanilayam Vinod, K",,Balu,archive2011-3q.asp
13-08-11,Kathakalipada kacheri,"Kanamangalathumana,Thekkevazakulam,aluva-6.30pm",Eranakulam,Kerala,India,"Pattu-Kotta:Madhu,Kalani:Rajeev/Chenda-Kala:Udayan/Maddalam-Kalani:Manoj/Edayka-Kalani:Ratheesh",Kalani:Rajeev,"Mani,Vathukkodam",archive2011-3q.asp
13-08-11,Santhana Gopalam,Irinjalakuda 9:30 am,Thrissur,Kerala,India,"Krishna: Kala. Suchindran, Arjuna: Kala. Pradeep, Brahmana: Peeshapalli Rajeev, Pattu: Kala. Vinod, Kottakkal Madhu, Kala. Ajesh Prabhakar, Chenda: Sadanam Ramakrishnan, Kala. Harish, Maddalam: Kala. ",,Balu,archive2011-3q.asp
13-08-11,Nalacheritham 3,Irinjalakuda 2:00 pm,Thrissur,Kerala,India,"Bahuka: Ettumanoor Kannan, Karkodakan: RLV Pramod, Pattu: Kala. Vinod, Kottakkal Madhu, Kala. Ajesh Prabhakar, Chenda: Sadanam Ramakrishnan, Kala. Harish, Maddalam: Kala. Hariharan, Kala. Anish",,Balu,archive2011-3q.asp
13-08-11,Uttharaswayamvaram,Irinjalakuda 5:00 pm,Thrissur,Kerala,India,"Duryodhana: Peeshapalli Rajeev, Bhanumathi: Kalanilayam Sandeep, Dhoothan: Kala. Suchindran, Sabha: RLV Pramod, Pattu: Kala. Vinod, Kottakkal Madhu, Kala. Ajesh Prabhakar, Chenda: Sadanam Ramakrishnan",,Balu,archive2011-3q.asp
12-08-11,Thorana Yudham,Sri Vallabha Kshetram Thiruvalla,Pattanamthitta,Kerala,India,"Sadanam Naripatta Narayana Namboothiri, Kala. Soman, Kalanilayam Karunakara Kurup, Kalanilayam Madhavan Namboothiri, Kala. Myannad Rajeev, Thiruvalla Sadashivan, Kalanilayam Ravindranatha Pai, Thiruva",,Balu,archive2011-3q.asp
12-08-11,Nalacharitham 4th Day - Monthly Performance,Sreekrishna Temple Natakasala Ambalapuzha 6.30 PM,Alappuzha,Kerala,India,"Kal Shanmughan (Damayanthi); Kal Arunkumar (Kesini); Kalanilayam Vinod (Bahukan) Music Pathiyoor Sankarankutty, Kal Jaayaprakash, Kaln Rajeevan ; Chenda  Kal Sreekanth Varma; Kaln Ratheesh ; Maddala",Sandarsan Kathakali Vidyalayam 9447161980,Renjith R Ernakulam,archive2011-3q.asp
11-08-11,Bali Vadham,Sri Vallabha Kshetram Thiruvalla,Pattanamthitta,Kerala,India,"Kala. Ramachandran Unnithan, Kottakkal Devadas, FACT Padmanabhan, Kala. Balakrishnan, Kalanilayam Manmadhan, Kalanilayam Madhavan Namboothiri, Thiruvalla Babu, Thiruvalla Subhash, Thiruvalla Sadashiva",,Balu,archive2011-3q.asp
10-08-11,Kara Vadham,Sri Vallabha Kshetram Thiruvalla,Pattanamthitta,Kerala,India,"Kala. Ramachandran Unnithan, Oyoor Ramachandran,Ettumanoor Kannan, Kala. Balakrishnan, Kalanilayam Karunakara Kurup, Kalanilayam Vinod, FACT Mohan, Kalanilayam Ravindranatha Pai, Thiruvalla Sadashivan",,Balu,archive2011-3q.asp
10-08-11,Nalacharitham Day 3,"Patel Prakruthi Mandal, Jogani Nagar , Surat",Surat,Kerala,India,"Padmashree Kala. Gopi, Narippatta Narayanan Nampootiri, Kal. Shanmukhan, Kal Hari Nair, Pathiyoor Sankaran Kutty, Kal. Babu Nampootiri, Kal. Krishnadas, Kal Shucheendran","Arangu, (09998963415)",VKS Unni,archive2011-3q.asp
10-08-11,Balivijayam,"Peringode High School, Kootanad, 1700hrs",Palakkad,Kerala,India,"Sa Narippatta Narayanan Nambuthiri, Kavungal Divakara panicker, Ka Suryan. Vocal-Ka Anantanarayanan, Ka Sreekumar, Vellinezhi Achuthan kutty, Tirur Mohanan. Chenda: Sa Ramakrishnan. Maddalam:Sa Bharat",Tirur Nambissan Anusmaranam-Peringode Kathakali Pr,dr Vellinezhi Achuthan Kutty,archive2011-3q.asp
09-08-11,Vichinabhiskeam,Sri Vallabha Kshetram Thiruvalla,Pattanamthitta,Kerala,India,"Mathoor Govindankutty, Kala. Kesavan Namboothiri, Oyoor Ramachandran, FACT Padmanabhan, FACT Jayadev Varma, Kalanilayam Manmadhan, Kottarakara Bhadra, Thiruvalla Babu, Chengoli Gopalakrishnan, Kalanil",,Balu,archive2011-3q.asp
08-08-11,Sita Swayamvaram,Sri Vallabha Kshetram Thiruvalla,Pattanamthitta,Kerala,India,"Kalanilayam Karunakara Kurup, FACT Padmanabhan, Kottayam Ramakrishnan, FACT Mohan, Kalanilayam Madhavan Namboothiri, Kalanilayam Vinod, Kala. Arun, Kalakendram Muralidharan Namboothiri, Thirvualla Sad",,Balu,archive2011-3q.asp
07-08-11,"Thodayam, Purapad, Melapadam, Poothrakameshti (Thadakka Vadham)",Sri Vallabha Kshetram Thiruvalla,Pattanamthitta,Kerala,India,"Kottakkal Chandrashekara Warrier, Kalanilayam Karunakara Kurup, Mathoor Govindankutty, Thalavadi Aravindan, Kudamaloor Muralikrishnan, Thiruvalla Sadashivan, FACT Mohan, Kalanilayam Vinod, Thiruvalla ",,Balu,archive2011-3q.asp
06-08-11,Nalacheritham 4,Chalakudi,Thrissur,Kerala,India,"Ettumanoor Kannan, Kala. Vijayakumar, etc, Chenda: Kala. Raman Namboothiri, etc",,Balu,archive2011-3q.asp
06-08-11,Kathakali Pada Kacheri,"Malleshwaram, Bangalore. 6 PM",Bangalore,Karnataka,India,"Vocal : Pathiyoor Shankarankutty & Kottackal Madhu, Chenda : Kala.Krishnadas,Maddalam :Kala.Rajnarayanan, Edakka :Thripunithura Hari",BCKA. 9886212266,Gopa Kumar,archive2011-3q.asp
06-08-11,Kathakali padakacheri,Bangalore,Bangalore,Karnataka,India,"Pattu: Pathiyoor Shankarankutty, Kottakkal Madhu, Chenda: Kala. Krishnadas, Maddalam: Kala. Raj Narayanan, Eddakka: Thripunithura Hari",,BCKA,archive2011-3q.asp
06-08-11,Ravana Udbhavam,Chalakudy,Thrissur,Kerala,India,"Chenda: Kala. Raman Namboothiri, etc",,Hari,archive2011-3q.asp
06-08-11,kathakali pada kachrei,Paravur MAHADEVA KSHETRA,Kollam,Kerala,India,Kottakkal Narayanan and vengeri Narayanan,"9447679162, 944603456",,archive2011-3q.asp
04-08-11,NAVARASAM NALACHATHUSHTAYAM - Nalaam Divasam,"Sarada Kalyanamandapam, Near Kadalayil Krishana Temple, Chirakkal; Time: 5-30pm",Kannur,Kerala,India,"Damayanthi:Margi Vijayakumar,Kesini:Kala.Shanmukhan,Bahukan:Padmasree.Kala.Gopi Other Artists as on the First Day","""Navarasam ""Mg.Trustee Renuka Varma:08891799964",Radha Madhavan,archive2011-3q.asp
03-08-11,NAVARASAM NALACHATHUSHTAYAM - Moonnaam Divasam,"Sarada Kalyanamandapam, Near Kadalayil Krishana Temple, Chirakkal; Time: 5-30pm",Kannur,Kerala,India,"Nalan:Kala. Sajan,Karkotakan:Kala.Chinosh,Bahukan:Kala.Soman,Rthuparnna:Sadanam Krishnadas,Jeevalan:Kala.Sucheendran,Varshneyan:kala.Chinosh,Damayanthi:Asthi.Sunil,Sudevan:Peesappily Rajeev Others as ","""Navarasam ""Mg.Trustee Renuka Varma:08891799964",Radha Madhavan,archive2011-3q.asp
02-08-11,NAVARASAM NALACHATHUSHTAYAM - Rantaam Divasam,"Sarada Kalyanamandapam, Near Kadalayil Krishana Temple, Chirakkal; Time: 5-30pm",Kannur,Kerala,India,"Nalan:Ettumanur Kannan,Damayanthi:Kala.Suchindran,Kali:Sadanam Krishnadas,Dvaparan:Kala.Chinosh,Indran:Asthi.Sunil,Pushkaran:Kala.Manoj,Kattalan:Kala.Pradeep Others as on the First day...","""Navarasam"" Mg.Trustee Renuka Varma,08891799964",Radha Madhavan,archive2011-3q.asp
01-08-11,NAVARASAM NALACHATHUSHTAYAM - Onnaam Divasam,"Sarada Kalyanamandapam, Near Kadalayil Krishana Temple, Chirakkal; Time: 5-30pm",Kannur,Kerala,India,"Nalan-kala.Shanmukhan,Naradan-Sadanam krishnadas,Hamsam-Peesappilly Rajeevan,Damayanthi-Haripriya nambudiri,Thozhimar-kala.Sucheendran,Asthikalayam Sunil For all the four days: Pattu-Kottakkal Madhu, ","""Navarasam"" Mg.Trustee Renuka Varma,08891799964",Radha Madhavan,archive2011-3q.asp
01-08-11,NALACHATHUSTAYAM,KANNUR,KANNUR,Kerala,India,"Sri. MARGGI VIJAYAN. Sri. KALAMANDALAM GOPI, Sri. KALAMANDALAM SHANMUKHAN, & Many more. & Giving chance to our Students (10th & 11th)","NAVARASAM TRUST, KOZHIKODE, By RENUKA RAVI VARMA",RENUKA VARMA,archive2011-3q.asp
31-07-11,Sreeramapattabhishekam),Sreekrishna Temple Natakasala Ambalapuzha 6 :30 PM,Alappuzha,Kerala,India,"Kal Shanmughan(Sreeraman); Kal Arun Kumar(Lakshmanan); Kal Vijayakumar(Sitha); Kal Mukundan(Vibhishanan); Madhu Varanasi(Sarama, Vadu); Kaln Vinod(Hanuman); R Renjith(Sugreevan); Kal Balakrishnan(Guha",Sandarsan Kathakali Vidyalayam 9447161980,Renjith R Ernakulam,archive2011-3q.asp
31-07-11,Ramayana,Ambalapuzha,Allapuzha,Kerala,India,"Kala. Shanmugan, Kala. Vijayakumar, Kalanilayam Vinod, Pattu: Pathiyoor Shankarankutty, Kala. Jayaprakash, Chenda: Kala. Sreekanth Varma, Maddalam: Kalanilayam Manoj, etc",,Balu,archive2011-3q.asp
30-07-11,Ramayana,Ambalapuzha,Allapuzha,Kerala,India,"Kala. Shanmugan, Kala. Vijayakumar, Kalanilayam Vinod, Pattu: Pathiyoor Shankarankutty, Kala. Jayaprakash, Chenda: Kala. Sreekanth Varma, Maddalam: Kalanilayam Manoj, etc",,Balu,archive2011-3q.asp
30-07-11,"Bali Vijayam, Santhana Gopalam",Sri Vallabha Kshetram Thiruvalla,Pattanamthitta,Kerala,India,"Thiruvalla Sadashivan, Mathoor Govindankutty, Kala. Krishnaprasad, Madhu Varanasi, Cheriyankeer Murugan, Panamana Soman, Pattu: Kala. Surendran, Parimanam Madhu, Mangalam Narayana Namboothiri, Chenda:",,Hari,archive2011-3q.asp
30-07-11,Thoranayudham (Ramayanam Festival),Sreekrishna Temple Natakasala Ambalapuzha 6 :30 PM,Alappuzha,Kerala,India,"Kal Manoj (Hanuman); Kaln Karunakarakurup(Lankalakshmi); Kal Shanmughan (Lankasree, Mandodari) Kalanilayam Vinod (Ravanan); Kal Vijayakumar (Seetha); Kal Arun, Thiruvanchoor Subash (Kinkaranmar) Music",Sandarsan Kathakali Vidyalayam 9447161980,Renjith R Ernakulam,archive2011-3q.asp
30-07-11,Utthara Swayamvaram,Thrissur,Thrissur,Kerala,India,"Kala. Gopi, Kala. Balasubramanian, Kala. Shanmugan, etc, Pattu: Kottakkal Narayanan, Kottakkal Narayanan V., Chenda: Kala. Unnikrishnan, Maddalam: Kottakkal Ravi",,Balu,archive2011-3q.asp
29-07-11,"Vichinnabhishekam, Balivadham (Ramayanam Festival)",Sreekrishna Temple Natakasala Ambalapuzha 6.30 PM,Alappuzha,Kerala,India,"Kal Vasu Pisharody (Dhasaradhan); Kal Vijayakumar (Kaikeyi); Kaln Vinod (Mandhara, Thara); Kal Mukundan(Sreeraman); Kal Arun Kumar(Lakshmanan); Kal Vijayakumar (Seetha); Kal Hari R Nair(Sugreevan); Ka",Sandarsan Kathakali Vidyalayam 9447161980,Renjith R Ernakulam,archive2011-3q.asp
29-07-11,Ramayana,Ambalapuzha,Allapuzha,Kerala,India,"Kala. Shanmugan, Kala. Vijayakumar, Kalanilayam Vinod, Pattu: Pathiyoor Shankarankutty, Kala. Jayaprakash, Chenda: Kala. Sreekanth Varma, Maddalam: Kalanilayam Manoj, etc",,Balu,archive2011-3q.asp
28-07-11,Kalyanasowgandhikam,"Indian Social Centre, Main Hall, Abudhabi",Abu Dhabi,Abu Dhabi,UAE,"Hanuman - Kalamandalam Balakrishnan, Bhiman - Ettumanoor P. Kannan",Thiruvarangu +KALA 00971554156472 / 00971502776737,Ranjini Nair,archive2011-3q.asp
24-07-11,POOTHANAAMOKSHAM,"Govt.L.P.School ,Puthenchira",Thrissur,Kerala,India,"Lalitha:Haripriya Nampoothiri.SAMGEETHAM:Netumpally Ram Mohan,Kln.Babu. CHENDA,ITAYKKA:Sdn.Ramakrishnan.MADDALAM:Klm.Aneesh. This programme is organized in connection with E.K.Divakaran Potti Anusmara","Grameena Vaayanashaala, Puthenchira9946145238",M.K.Aniyan,archive2011-3q.asp
24-07-11,"SEETHAASWAYAMVARAM , BAALIVIJAYAM","Kalanilayam Hall, Irinjalakuda",Thrissur,Kerala,India,"SEETHAASWAYAMVARAM.Parashuraman:Klm.Manojkumar,Sreeraman:Peeshappilly Rajeevan, Dasharathan:Kln.Sandeep,Lakshmanan:Kum.Namitha,Seetha:Kum.Kavya.BAALIVIJAYAM. Raavanan:Klm.Balasubrahmanian,Naaradan:Kln","Kathakali Club,Irirjalakuda 9249 800700",M.K.Aniyan,archive2011-3q.asp
24-07-11,Nalacharitha 2nd day(From Vanapravesam to Kattalan),"Ernakulattapan Hall , Near Siva Temple Ernakulam 6 PM",Ernakulam,Kerala,India,Kal Mukundan (Nalan); Sadanam Vijayan (Damayanthi); RLV Pramod(Pakshi) FACT Padmanabhan (Kattalan) ; Kal Sudeesh (Music); Kaln Ratheesh(Chenda) ; Kal Sreekumar (Maddalam),Ernakulam Kathakali Club,Renjith R Ernakulam,archive2011-3q.asp
24-07-11,Poothana Mooksham,Thriuvananthapuram,Thiruvananthapuram,Kerala,India,"Poothana: Margi Vijayakumar, Pattu: Kala. Jayaprakash, Chenda: Margi Venugopal, Maddalam: Margi Ratnakaran",,Hari,archive2011-3q.asp
24-07-11,Seethaswayamvaram,"Unnayiwarrier Smaraka Kalanilayam Hall, Irinjalakuda. 5p.m.",Thrissur,Kerala,India,"Parasuraman-Kal.Manojkumar, Sreeraman-Peesapilly Rajeevan,Dasarathan-Kaln.Sandeep,Lakshmanan-Kum.Namitha,Seetha-Kum.Kavya,Pattu-Sadanam Syamalan,Sadanam Sivadas,Chenda-Kal.Balasundaran,Kal.Sreehari,Ma","Dr.K.N.Pisharadi Smaraka Kathakali Club,Ijk.","Biju Anand, North Paravur",archive2011-3q.asp
23-07-11,"Kuchella Vrittam, Kiratham","Nalpatheswaram Temple, Panavalli",Ernakulam,Kerala,India,"Nelliyod Vasudevan Namboothiri, Kala. Sreekumar, Kalanilayam Rajashekaran, RLV Radhakrishnan, Kala. Bhagyanathan, Pattu: Pathiyoor Shankarankutty, Kalanilayam Rajeev, Kalanilayam Babu, Chenda: Kala. K",,Hari,archive2011-3q.asp
23-07-11,Santhana Gopalam,"C-20, Qutab Institutional Area, New Delhi",New Delhi,New Delhi,India,"Krishna: Thiruvattar Jagadeesan, Arjuna: Evoor Rajendran Pillai, Brahmana: Kalamandalam K.G. Vasudevan, Pattu: Sadanam Radhakrishnan, Kottakkal Jayan, Kalamandalam Manikandan, Chenda: Kalamandalam Unn",,Balu,archive2011-3q.asp
22-07-11,Rugminiswayamvaram and Karnasapatham,"Chandramana Illom, Punnayam, Asaamannoor, Perumbavoor",Ernakulam,Kerala,India,Rugminiswayamvaram Rugmini-Madhu Varanasi Brahmanan-Kalanilayam Raghvan Krishnan-Krishnadas Chandramana Karnasapadham Dr.kalanilayam Damodaran Namboothiri-Duryodhanan Madhu Varanasi-Bhanumathi Kalaman,Chandramana Family,Narayanan,archive2011-3q.asp
22-07-11,Karna Shapadam,Perumbavoor,Ernakulam,Kerala,India,"Chenda: Kala. Raman Namboothiri, etc",,Hari,archive2011-3q.asp
22-07-11,"Rugminiswayamvaram, Karnasapatham and Kiratham","Chandramana Illom, Punnayam, Perumbavoor",Ernakulam,Kerala,India,"Kalanilayam Raghavan, Kalanilayam Gopalakrishnan, Kalamandalam Krishna Prasad, RLV Sankaran Namboothiri, Kalamandalam Balakrishnan, Kalamandalam Ganeshan, Dr.Kalanilayam Damodaran Namboothiri, Narayan",Chandramana family-9497681671,Narayanan Chandramana,archive2011-3q.asp
21-07-11,Nalacheritham 4,"KarthikaThirunal Theatre, FORT, Thiruvananthapuram, 7 PM",Thiruvananthapuram,Kerala,India,"Ettumanoor Kannan, Kala. Vijayakumar, etc",Drisyavedi.org,Balu,archive2011-3q.asp
21-07-11,DIVYAKARUNYACHARITHAM written by Radha Madhavan Alathur; Choreography-Kala.Sajan; Music By Manoj Pullur,"POC, Palarivattam, Kochi - 24",ERNAKULAM,Kerala,India,"Pilathose-Kottakkal Kesavan,Pathni-Kala.sajan,Duthan-RLVPramod,Yudas-Kala.Manoj,Yesudevan-Kala.Abin Babu,Pattu-Kottakkal Madhu,Vengery Narayanan,Nedumpilly Ram Mohan,Chenda-Kalanilayam Udayan,Maddalam","Fr.Joy Chencheril MCBS - 09446561177, joytcs@gmail",Radha Madkavan,archive2011-3q.asp
21-07-11,"Kuchella Vrittam, Lavanasura Vadham, Kiratham",Payyannur,Kannur,Kerala,India,"Kuchella: Kala. MPS Namboothiri, Krishna: Kala. Kesavan Namboothiri, Rukmini: Kala. Suchindran, Sita: Kala. K.G. Vasudevan, Hanuman: Kala. Vazhenkada Vijayakumar, Lava: Kala. Arun Ramesh, Kusha: Kala.",,Babu,archive2011-3q.asp
20-07-11,Nalacharitham Naalam Divasam,"Karthikathirunal Theatre, Fort, Trivandrum 6.15 p.m.",Trivandrum,Kerala,India,"Kala: Vijayakumar-Damayanthi, Kala: Sucheendran- Kesini, Ettumanoor Kannan- Bahukan, Kala: Babu Namputhiri, Kala: Hareesh Namputhiri- Pattu, Kala: Krishnadas- Chenda, Margi Ratnakaran- Maddalam","Drisyavedi, Trivandrum",Radhakrishnan Kanjingad,archive2011-3q.asp
19-07-11,"Subadraharanam,Duryodanavadham","Kunchu nair smaraka trust,karalmanna.(kottakkal Sivaraman anusmaranam) 7pm",palakkad,Kerala,India,"Kala Vasupisharodi,Vazhenkada Vijayan,Kottakkal Chandrasekhara varier,Fact Padmanabhan,Naripatta Narayanan Namboodiri,Vellinezhi Haridasan,Kottakkal Kesavan,Sadanam Bhasi,Kala Unnikrishnan,Kottakkal P","9447838003,9656751153",Biju thekkumpat,archive2011-3q.asp
18-07-11,Balivijayam,Kunchu nair smaraka trust(Kottakkal Sivaraman anusmaranam) 7pm,palakkad,Kerala,India,"Kala.Soman,Peesapally Rajeevan,Sadanam Krishnadas,Asthikalayam Sunil,Kala Krishnadas,Cherpulassery Hariharan.......","9447838003,9656751153",Biju thekkumpat,archive2011-3q.asp
17-07-11,Nalacharitham 2am divasam,Kunchu Nair Smaraka trust Karalmanna (kottakkal Sivaraman Anusmaranam) 7 pm,palakkad,Kerala,India,"artists from outside kalamandalam Pathmasree Kala.Gopi,Nelliyode Vasudevan Namboodiri,Margi Vijayakumar,Pathiyoor Sankarankutty","9447838003,9656751153",Biju thekkumpat,archive2011-3q.asp
16-07-11,Nalacharitham 3-divasam,"T D M Hall (A/c) ERNAKULAM , 6.30 PM,@4PM Documentary on Sivaraman",Ernakulam,Kerala,India,"Bahukan: Padmasree Kal Gopi, Rithuparnan: Kal Balasubramanian, Sudevan: Kal Sreekumar, Karkodakan: Sadanam Mohan , Damayanthi: Kal (Chambakkara) Vijayan,Pattu: Pathiyoor Sankaran Kutty & Kal Rajeev, C",Beame,A N R,archive2011-3q.asp
16-07-11,Nalacheritham 3,"TDM HALL, ERNAKULAM , 6PM",Ernakulam,Kerala,India,"Kala. Gopi, Rithuparnan-Kal.Balasubramanian,Sudevan-Kal.Sreekumar,Karkodakan-Sadanam Mohanan,Damayanthi-Chambakkara Vijayan, Pattu: Pathiyoor Shankarankutty, Kalanilayam Rajeev, Chenda: Kala. Unnikris",,Pathiyoor,archive2011-3q.asp
15-07-11,Duryodhana Vadham,Aranmula,Pattanamthitta,Kerala,India,"Krishna: Kala. Balasubramanian, Panchali: Margi Vijayakumar, Duryodhana: Kala. Gopi, Dussasana: Kala. Ramachandran Unnithan, Shakuni: Kala. Hari R. Nair, Dharmaputhra: Mathoor Govindankutty, Kutti Bhe",,Hari,archive2011-3q.asp
14-07-11,Prahladacharitham,Marathankode Temple premises,Trissur,Kerala,India,"Sa Manikantan, Sa Krishnadas etc Vocal: Ka Mohanakrishnan, Vellinezhi Achuthan kutty",Kavungal Subrahmanian Nambuthiripad- 0466-224117,dr Vellinezhi Achuthan Kutty,archive2011-3q.asp
14-07-11,Kirmeeravadhom [ utharabhaagam],"Amman coil Auditorium, Kazhakuttom,Tvpm. -18.00 hrs",Tvpm,Kerala,India,"Aattom - Simhika - Kala. Balasubramanian, Kirmeeran- padmabhushan Madavoor, Lalitha - kala. Rajasekharan, Paanchali - Margi sukumaran, Bhima - Kala. Vipin, Sahadevan, Master Arjun - Paattu - Pathiyoor","Kaliyarangu, Kazhakuttom, Tvpm.",V.Madhu kumar,archive2011-3q.asp
13-07-11,Nalacharitham 4,Payyannur,Kannur,Kerala,India,"Bahuka: Kala. Vasu Pisharody, Damayanthi: Kala. Shanmugan, Kesini: Kala. Suchindran, Pattu: Kala. Gangadharan, Kala. P.G. Radhakrishnan, Chenda: Kottakkal Prasad, Maddalam: Kala. Hariharan",,Babu,archive2011-3q.asp
12-07-11,Nalacharitham 3,Payyannur,Kannur,Kerala,India,"Nala: Kala. Sreekumar, Karkodakan: Kalanilayam Karunakara Kurup, Bahuka: Kala. Krishnakumar, Rithuparna: Kala. Arun Warrier, Sudeva: Kala. MPS Namboothiri, Damayanthi: Kala. Suchindran, Jivalan: Kala.",,Babu,archive2011-3q.asp
11-07-11,Nalacharitham 2,Payyannur,Kannur,Kerala,India,"Nala: Kala. Krishnakumar, Damayanthi: Kala. Shanmugan, Pushkara: Kala. Sreekumar, Kali: Kala. Kesavadev, Dwaparan: Kalanilayam Karunakara Kurup, Indra: Kala. Arun Warrier, Kattalan: Kala. Vazhenkada V",,Babu,archive2011-3q.asp
10-07-11,Nalacharitham 1,Payyannur,Kannur,Kerala,India,"Nala: Kala. Vasu Pisharody, Hamsa: Kala. MPS Namboothiri, Damayanthi: Kala. K.G. Vasudevan, Thozhi: Kala. Suchindran, Kala. Kasinath, Narada: Kala. Kasinath, Pattu: Kala. Gangadharan, Kala. P.G. Radha",,Babu,archive2011-3q.asp
09-07-11,Kathaklippadakkacheri,"Kallanikkattu Illom,Ayamkudi; 8.30 PM",Kottayam,Kerala,India,"Pattu:-Kalamandalam Gangadharan, Kottackal PD Namboothiry,Ettickada Raman Namboothiry. Chenda- Manoj Kuroor, Maddalam-Margi Narayanan Namboothiry.",9496205000,Raman Namboothiry,archive2011-3q.asp
09-07-11,NALACHARITHAM ONNAM DIVASAM,PAARAKKATAVU,ERNAKUMAL,Kerala,India,"NALAN - ETTUMANOOR P. KANNAN DAMAYANTI - CHAMBAKKARA VIJAYAN SINGERS - BABU NAMBOOTHIRI, CHENDA - BALASUNDARAN","NATYADHARMI, 9447981912",VN,archive2011-3q.asp
09-07-11,Nalacheritham 1,Parakadavu,Ernakulam,Kerala,India,"Ettumanoor Kannan, Kala. Suchindran, Kala. Vijayakumar, Pattu: Kala. Babu Namboothiri, Kala. Sudheesh, Chenda: Kala. Balasundaran, Maddalam: Kala. Aneesh",,Hari,archive2011-3q.asp
09-07-11,"Nalacheritham 4, Ravana Udhbhavam",Chalakkudi,Thrissur,Kerala,India,"Ettumanoor Kannan, Kottakkal Kesavan, Chenda: Kala. Raman Namboothiri, etc",,Hari,archive2011-3q.asp
09-07-11,Nalacheritham 1,Chengampuzha Park Edapally,Ernakulam,Kerala,India,"Nala: Kala. Balasubramanian, Damayanthi: RLV Radhakrishnan, Pattu: Kottakkal Narayanan, Kala. RamMohan, etc",,RLV,archive2011-3q.asp
09-07-11,"Rugmangatha Charitham,Balivadham",Evoor Sreekrishna Swami Temple Near Kayamkulam 7.30p.m,Alappuzha,Kerala,India,"Padmasree Kal.gopi-Rugmangathan,Margi Vijayakumar-Mohini,Kal.Shanmugan-Dharmangathan.Kal.Ramachandran Unnithan-Bali,Kot.Devadas-Sugreevan,Kal.Krishnaprasad-Sreeraman,Pattu-Pathiyoor,Kot.Madhu,Kalanila",9745302630,"suresh.v,kollam",archive2011-3q.asp
03-07-11,Poothana Mooksham,will update soon,,Kerala,India,"Poothana: RLV Radhakrishnan, Pattu: Kalanilayam Rajeev, etc",,RLV,archive2011-3q.asp
03-07-11,Banayudham ( gopuram + usha-chithra lekha),"sreerangam hall , thriunakkara, kottayam 4 pm",kottayam,Kerala,India,"Banan- padmabhooshan madavoor vasudevan nair, chithra lekha-margi vijyakumar, usha-kalakendram murali, sivan-kalabh:harikumar, parvathi-kalakendram murali, pattu- pathiyoor, kala:sajeevan, chenda-kuro","kaliyarangu, kottayam",Sunil Narayanan,archive2011-3q.asp
02-07-11,Kathakalippada kacheri,Thekedath Thrivikraman Nambudiri Hall(Kanampuzhabhagavathi temple)chalakudi @6pm,Thrissur,Kerala,India,"Shri Kottakkal P D Namboothiri, Kalamandalam Vinod, Kalamandalam Ravisankar(Chenda), Kalamandalam Aneesh(Maddalam)",Chalakkudi Kathakali Club,sreejanvellani,archive2011-3q.asp
02-07-11,"Kalyana Saugandhikam, Daksha Yagam","Mukhathala Murari Kshethram at Kollam, 10 PM",Ko,Kerala,India,"Madavoor Vasudevan Nair, Sadanam Krishnankutty, Chattanoor Kochu Narayana Pillai, Pattu: Pathiyoor Shankarankutty, Kala. Sajeev, Parimanam Madhu, etc Mukhathala Murari Kshethram at Kollam.THe Play sta",Madhu Mohan-9447966899,Parithamma,archive2011-3q.asp
31-12-11,UtharaSwayamwaram,"Kandiyoor Mahadeva Kshetram, Mavelikara, 7:00 pm",Alleppy,Kerala,India,"Padmabhooshan Madavoor Vasudevan (Duryodhanan), Kavunkal Divakara Panicker (Thrigarthan), Kal. Balasubramanium (Brihandala), Pattu: Kalanilayam Unnikrishnan, Kalamandalam Mohanakrishnan, Kalamandalam ",Mavelikara Gopakumar 9847630719,Mavelikara Gopakumar,archive2011-4q.asp
31-12-11,Kalakeya Vadham,Trivandrum,Thiruvananthapuram,Kerala,India,"Kala. Krishnakumar, Kala. Mukundan, Margi Balasubramanian, Margi Sukumaran, Pattu: Kala. Gopalakrishnan, Kottakkal Narayanan, Kala. Vinod, Chenda: Kala. Varanasi Narayana Namboothiri, Maddalam: Kala. ",Drisyavedi,Balu,archive2011-4q.asp
31-12-11,Harishchandra Cheritham,Kollam,Kollam,Kerala,India,"RLV Radhakrishnan, etc",,Balu,archive2011-4q.asp
31-12-11,Seetha Swayamvaram,"Parmekavu Agrasala, Thrissur",Thrissur,Kerala,India,"Parasuraman-Kaln. Gopi, Sreeraman-Sadanam Manikandan, Chenda-Kalm. Balasundaran, Maddhalam-Kaln. Prakashan, Sangeetham-Kalm. Jayaprakash",Thrissur Kathakali Club,Vinod Warrier,archive2011-4q.asp
30-12-11,Kallyanasowgandhikam (Corrected),"Mangalath Mana, Brahmakulam (Near Guruvayur)",Thrissur,Kerala,India,"Bheema: Kala.Shanmughan, Hanuman: Peesappalli Rajeevan Pattu: Kotta.Narayanan & Nedumbilli Rammohan Chenda: Kala: Krishnadas Maddalam: Kala:Rajnarayanan (Please ignore the other entry for the same eve","Mangalath Mana Kudumbayogam, 9840347071",Manoj M,archive2011-4q.asp
30-12-11,Kalyana Saugandhikam,Trivandrum,Thiruvananthapuram,Kerala,India,"Madavoor Vasudevan Nair, Inchakkad Ramachandran Pillai, Margi Vijayakumar, Pattu: Kala. Krishnankutty, Margi Damu, Chenda: Kuroor Vasudevan Namboothiri, Kalanilayam Krishnakumar, Maddalam: Kala. Achut",Drisyavedi,Balu,archive2011-4q.asp
30-12-11,Kallyanasowgandhikam,"Mangalath Mana, Brahmakulam (Near Guruvayur)",Thrissur,Kerala,India,"Bheema: Kala.Shanmughan, Hanuman: Peesappalli Rajeevan Pattu: Kotta.Narayanan & Nedumbilli Rammohan Chenda: Kala: Krishnadas Maddalam: Kala:Rajnarayanan","Mangalath Mana Kudumbayogam, 9840347071",Manoj M,archive2011-4q.asp
29-12-11,"Nalacharitham (Onnam Divasam),",Kanichukulangara Temple,Alappuzha,Kerala,India,"R.L.V. Gopi, Kala. Sangaranarayanan, Thiruvizha Jayakumar, Kalakshethra Suchithra Suresh, Kalakshethra Sreeja Soman",,Krishnan,archive2011-4q.asp
29-12-11,Kirmeera Vadham,Trivandrum,Thiruvananthapuram,Kerala,India,"Kala. Shanmugan, Kala. Gopi, Atingal Peethambaran, Kala. Suchindran, Kala. Myannad Rajeev, Margi Suresh, Pattu: Pathiyoor Shankarankutty, Kala. RamMohan, Chenda: Kala. Krishnadas, Maddalam: Margi Ravi",Drisyavedi,Balu,archive2011-4q.asp
28-12-11,Bakka Vadham,Trivandrum,Thiruvananthapuram,Kerala,India,"Kala. Gopi, Nelliyod Vasudevan Namboothiri, Margi Vijayakumar, Kala. Balakrishnan, Kala. Suchindran, Margi Ravindran, Pattu: Kalamandalam Madambi Subramanian Namboothiri, Kala. Mohanakrishnan, Kala. H",Drisyavedi,Balu,archive2011-4q.asp
28-12-11,Nalacharitham 2nd Day (from Vanapravesam to Kattalan),"Sreekrishna Temple Ambalapuzha, 6.30 PM",Alapuzha,Kerala,India,"Kal Shanmughan (Nalan), Kal Vijayakumar (Damayanthi), Kal Arun Kumar (Pakshi ),Kalnilayam Vinod(Kattalan). Pathiyoor Sankarankutty, Kal Jayaprakash, Kalni Rajeevan(Music), Kal Sreekanth Varma, Kalni R",Sandarsan Kathakali Vidyalayam Ambalapuzha,Renjith R,archive2011-4q.asp
28-12-11,"Kottayam Kathakal - Bakavadhom,Kirmeeravadhom,Kalakeyavadhom & Kalyanasougandhikom",Threerdhapadamandapam - 6.00 pm,Thiruvananthapuram,Kerala,India,"Drisyavedi, Thiruvananthapuram proudly presents 24th Kerala Natyotsavam from 28-12-11 onwards at Theerthapadamandapam and Karthikathirunal theatre, Thiruvananthapuram. details will be updated soon","Drisyavedi, Thiruvananthapuram",V.Madhu kumar,archive2011-4q.asp
27-12-11,Ambareesha Cheritham,"Palliyarakkavu Bhagavathu Kshetram, Dutch Palace",,Kerala,India,"RLV Gopi, Sadanam Vijayan, FACT Biju Bhaskar, Master Varun, Master Arjun, Master Rahul, etc, Pattu: Kala. Harish, Kala. Rajesh Babu, Kala. Suchindran, Chenda: Kala. Vijayan, Sadanam Rajeesh, Maddalam:",,Balu,archive2011-4q.asp
27-12-11,Devayani Cheritham,Chattanor,,Kerala,India,"RLV Radhakrishnan, etc",,Balu,archive2011-4q.asp
26-12-11,Santhana Gopalam,Thalathotta Mahadevar Temple.(In front of Haripad rly.station) 7.00 p.m.,Alapuzha,Kerala,India,"Sreekrishnan-Mozhoor Rajendragopinath, Arjunan-Kal.(Haripad, Margi)Balakrishnan, Brahmanan-Kal.Kesavan Namboothiry, Brahmanpathni- Madhu Varanasi, Pattu-Margi(Haripad, FACT) Damu & Kalanilayam Babu, C",Vazhupadu by Ponkattil Sasidharan Pillai,Balachandran Pillai,archive2011-4q.asp
25-12-11,Kachadevayani Charitham,"Mathoor Bhagavathi Temple,Nedumudi,Alappuzha",Alappuzha,Kerala,India,"Shukran-Mathoor Govindankutty,Kachan-Kala:Balasubramaniyam,Devayani:Mathoor Muralikrishnan,Sukethu:RLV.Sunil,Music:KottakkalMadhu,KalanilayalmRajeev,Chenda:Kala.Krishnadas,Madhalam:KalanilayamManoj,Ch","Mathoor Kalari,09886212266",Deepu,archive2011-4q.asp
25-12-11,Kacha Devayani Cheritham,"Mathoor Bhagavathy Temple, Nedumudi, Alappuzha, 6:30 pm",Alleppey,Kerala,India,"Mathoor Govindankutty, Kudamaloor Muralikrishnan, Kala. Balasubramanian, RLV Sunil, Pattu: Kottakkal Madhu, Kalanilayam Rajeev, Chenda: Kala. Krishnadas, Maddalam: Kalanilayam Manoj, Chutti: Kala. Suk",,Balu,archive2011-4q.asp
25-12-11,Nalacheritham 2,Manarkad,,Kerala,India,"Kala. Gopi, Sadanam Krishnankutty, Margi Vijayakumar, Kala. Ramachandran Unnithan, Kottakkal Devadas, Shoranur Vasu, Pattu: Kala. Mohanakrishnan, Kala. Sreekumar, Pathiyoor Shankarankutty, Kala. RamMo",,Balu,archive2011-4q.asp
25-12-11,Kiratham,"ADAMPILLIKKAVU TEMPLE, Wadake Kota stopTRIPUNITHURA, 6.30 PM",Ernakulam,Kerala,India,"Kattalan: Sasi Thampuran, Kattalastree: RLV Radhakrishnan, Arjuna: Kala. Krishnaprasad, Pattu: Kala. Sajeev, Kala. Vishnu, Chenda: Kala. Raman Namboothiri, Maddalam: Kala. Vineeth",,Balu,archive2011-4q.asp
25-12-11,LAVANASURAVADHAM,CHERPPU(THRISSUR) 6:30pm,THRISSUR,Kerala,India,"Kala:Shanmughan(Seetha),Kala:Arun Varrior(Kushan),Kala:Sucheendran(Lavan),Kala:Neeraj(Sathrughnan),Kala:Harinarayanan(Hanuman)Sreerag varma,Naveen,Abhijith varma,Yadu.S.Marar(Samgeetham)Kala:Hareesh(C","Kundoor Smaraka sadassu,Peruvanam,29th varshikam",RAMAVARMA,archive2011-4q.asp
24-12-11,Nalacheritham 4,"KOODALLOOR MANA ,VAVANOOR, PALAKKAD DIST",Thrissur,Kerala,India,"Kala. Gopi, Margi Vijayakumar, Pattu: Pathiyoor Shankarankutty, Kalanilayam Rajeev, Chenda: Kala. Unnikrishnan, etc",,Balu,archive2011-4q.asp
24-12-11,"Nalacharitham Onam divasam (Part), Utharaswayamvaram",Priyadarshini Hall Triprayar- (Kalimandalam Utsavam 2011) 10AM,Thrissur,Kerala,India,"""HAMSA DAMAYANTHI"" - Camp/DEMO/KADHAKALI for SCHOOL STUDENTS; THIRANOTTAM DUBAI-""KALIYOGAM""-UTHARASWAYAMVARAM with Demo.;Public meeting-kalimandalam praskaram; ""MADATHIL VARAVU""-Demo./Panchavadyam by ","KALIMANDALAM Triprayar,Sadu-9744923625",Sadu Engoor,archive2011-4q.asp
24-12-11,"Santhana Gopalam, Kiratham",Nalpathneeshwaram Temple,Alapuzha,Kerala,India,Kottakkal Troupe,Kathakali Sangam,Balu,archive2011-4q.asp
24-12-11,"NALACHARITHAM 4 DIVASAM,RAVANODBHAVAM","KOODALLUR MANA ,VAVANNOOR 830PM",Palakkad,Kerala,India,"KALA GOPI, MARGI VIJAYAKUMAR,NARIPPATTA NARAYANAN NAMBUTHIRY, PATHYOOR, KALA UNNIKRISHANAN ETC",,KOODALLUR NARAYANAN,archive2011-4q.asp
24-12-11,Keechakavadham,"Changanacherry Kavil Bhagavathi Temple, 09.00 pm",Kottayam,Kerala,India,"Kala.Soman,Kala.Vijayakumar,Kala.Jayaprakash etc",Ulsava Committee,G.K.,archive2011-4q.asp
24-12-11,"Nalacharitham onnam divasam-hamsa damayanthi thozhimar(11am), Utharaswayamvaram (4pm):mudiyetu(2pm)","Mudiyetu-Kadhakali utsavam 2011: Priyadarshin Hall, Triprayar, 9.30am to 10 pm",Thrissur,Kerala,India,"Damayanthi-klm shanmughadas,Hamsam-klm pradipkumar,Thozhi-klm prasjija&harikrishnan,sangeetham-klm jayaprakash & klm vishnu, chenda-klm harish, maddalam-aneesh,UTHARASOYAMVARAM-duryodanan-etumanur p.k","Kalimandlam Utsavam'11, 9744923625 sadu engoor",sadu engoor,archive2011-4q.asp
22-12-11,"Sri Vallabha Cheritham, Santhana Gopalam",Sri Vallabha Kshetram Thiruvalla,,Kerala,India,"Kalanilayam Karunakara Kurup, Mathoor Govindankutty, Kalanilayam Madhavan Namboothiri, Talavadi Aravindan, Kalabharathi Manmadhan, Kalanilayam Ravindranath Pai, Thiruvalla Sadashivan, Thiruvalla Babu,",,Balu,archive2011-4q.asp
21-12-11,"Purappad(Arangettam),ambareekshacharitham-part 1","margi kathakali centre,trivandrum,5pm",trivandrum,Kerala,India,"5pm..photo anachathanam of kalamandalam krishnankutty poduval,kala. Chandra mannadiyar,kal.appukkutty poduval by padmasree mattannoor sankarankutty..... 6pm.purappad arangettam by kumary shobhitha and",,Girish N Iyer,archive2011-4q.asp
21-12-11,"Purappad(Arangettam),ambareekshacharitham-part 1","margi kathakali centre,trivandrum,5pm",trivandrum,Kerala,India,"5pm..photo anachathanam of kalamandalam krishnankutty poduval,kala. Chandra mannadiyar,kal.appukkutty poduval by padmasree mattannoor sankarankutty..... 6pm.purappad arangettam by kumary shobhitha and",,Girish N Iyer,archive2011-4q.asp
20-12-11,Nalacheritham 3,Angamaly,Ernakulam,Kerala,India,"Nala: Kala. Pradeep, Bahuka: Ettumanoor Kannan, Damayanthi: Kala. Suchindran, Sudeva: Peeshapalli Rajeev, etc",,Balu,archive2011-4q.asp
18-12-11,Kuchelavritham.,"Gayathri Kalyanamandapam,Kozhikode.",Kozhikode,Kerala,India,"Kuchelan: Pariyanampatta, Pathni: Kala.Shanmukhan, Krishnan: Kala.Balasubrahmanian, Rugmini: Radhika Ranjeet Mundayur, Vriddha: Kottakkal Devadas, Pattu: Kala.Babu Nambudiri, Kala.Vinod, Chenta: Gopik","Navarasam,Kozhikode.",,archive2011-4q.asp
18-12-11,Kuchelavrittham,Tali Gayathri Kalyanamandapam,Kozhikode,Kerala,India,"Kuchelan-Pariyanampata Divakaran Nambudiri, Pathni-Kala.Shanmukhan, Krishnan-Kala.Balasubrahmanian, Rugmini-Radhika Ranjeet Mundayur, Vriddha-Kottakkal Devadas, Patt-Kala.Babu Nambudiri, Kala.Vinod, C","NAVARASAM,KKD. 2741096, 9349907792, 8891799964",Radha Madhavan,archive2011-4q.asp
17-12-11,"Fullnight kathakali - Kalyanasougandhikam, Ravanavijayam, Duryodhanavadham (Duryodhanavadhathodu koodi)","Changampuzha park, Edappally",Ernakulam,Kerala,India,"Kala.Soman,Roshni pilla, Sadanam Bhasi,Inchakkadu Ramachandran pilla, FACT Bijubhaskar, Kala.Vijayakumar, Mayyanad Rajeevan, Kott. Haridas, kalanilyama Balakrishnan, Kal Hari R. Nair, Sujheesh K Rao, ",Keleeravam kathakali association,Sreenath M,archive2011-4q.asp
16-12-11,"Seethaswayamvaram, Duryodhanavadham","Truppilikkal Temple, Vellinezhi 2000hrs",Palakkad,Kerala,India,"Kalamandalam K.Gopalakrishnan Anusmaranam. Pakutipurapad, Melapadam. Ka Unnithan, Ka Soman, Sa Manikantan, Ka Suryanarayanan, Ka Narayankutty, Ka Margi Balasubrahmanian, Ka harinarayanan, Ka Sukumaran","Trupulikal Mahadevakshetram 04662285362,9495356553",dr Vellinezhi Achuthan Kutty,archive2011-4q.asp
16-12-11,"Kuchelavirtham,","Melpathoor Auditorium,Guruvayoor,7.30P.M",Thrichur,Kerala,India,"Padmasree Kal.Gopi-Sreekrishnan,Nelliyode-Kuchelan,Margi-Rugmini.Pattu-Kot.Madhu,Kal.Vinodh.Chenda-Kal.Unnikrishnan",,"suresh.v,kollam",archive2011-4q.asp
13-12-11,Karnasapatham,Vazhappally Mahadevar Temple. Time: 20: 00,Kottayam,Kerala,India,"Kalabharathi Harikumar (Duryodhanan), Madhu Varanasi (Bhanumathi), Kalanilayam Vinod (Karnnan), Thiruvalla Babu (Dusasanan ) and Kalamandalam Vijayan (kunthi) Vocal: kalamandalam jayaprakash",Kathakali Vazhipaadu,C.Ambujakshan Nair,archive2011-4q.asp
12-12-11,RAVANA VIJAYAM,PUNKUNNAM SIVA TEMPLE GROUND,THRISSUR,Kerala,India,"KALANI:VINOD AS RAVANA,RLV PRAMOD AS DHOOTHAN,KALA:SUJEENDRAN AS RAMBHA.PATT:NEDUMBILLY RAMMOHAN,SADANAM JYOTHISH BABU,CHENDA:KALA:- VENU MOHAN MADDALAM:- KALA:ANEESH VINOD AND PRAMOD WERE SPONSORED B",SANKARANKULANGARA AYYAPPA SEVASANGHAM,ANAND P KESAVAN,archive2011-4q.asp
10-12-11,KEECHAKAVADHAM,GAYATHRI KALLYANAMANDAPAM TALI CALICUT 5.30PM,kozhikode,Kerala,India,KEECHAKAN KAL-VASUPISHARADI MALINI-KAL RAJASEKHARAN SUDESHNA -HARIPRIYANAMBOODIRI VALALAM SADANAM KRISHNADAS SADEETHAM-KTKL NARAYANAN KTKL MADHU CHENDA-KAL BALASUNDRAN MADALAM KAL HRINARAYANAN EDAKKA ,THODAYAMKATHALI YOGAM 9446163711,SREEKUMARNEDUNGADI,archive2011-4q.asp
10-12-11,"SHYAMA (Rabibdranath Tagore's ""Porishodh"" translated & transformed into Kathakali by Radha Madhavan)",Palakkad,Palakkad,Kerala,India,"Kala.Manoj, Kottakkal Devadas, Kala.Pradeep, Vellinezhi Haridas, Kalani.Vasu, Kala. Mohanakrishnan, Kala.Vijaykrishnan, Kala.Venu etc",For booking contact Kala.Mohanakrishnan,Radha Madhavan,archive2011-4q.asp
09-12-11,Balivadham,"Asramom Maidan,Kollam 9P.M",Kollam,Kerala,India,"Nelliyode-Bali,Kal.Ramachandran Unnithan-Sugreevan",KOLLAM FEST,"suresh.v,kollam",archive2011-4q.asp
09-12-11,Daksha Yagam,"Chengampuzha Park, Edappally, Kochi",Ernakulam,Kerala,India,"Daksha: Radhika Varma, Sathi: Sasikala, Indra: Archa Gauri Varma, Siva: Renjini Suresh, Veerabhadra: Geetha Varma, Bhadrakali: Radhika Ajayan, Pattu: Kumari Varma, Shailaja Varma, Chenda: Kala. Radhak",KKF,Balu,archive2011-4q.asp
09-12-11,Rugmangada Cheritham,"Urakathammathuruvadi kshethram, Urakam, 7 P.M.",Thrissur,Kerala,India,"Kala.Vasu Pisharody, Kala.K.G.Vasudevan, Kottakkal Madhu, Nedumbully Rammohan, Kala.Balasundaran, Kala.Sivaraman, Appunni Tharakan etc.","Thrikarthika aghosha commitee, 9847708744",Nandakumar Cheramangalath,archive2011-4q.asp
09-12-11,Rhughmangadha charitham,"sree valayadheeswari mandapam, urakathammathiruvadi temple, 6.30PM",Thrissur,Kerala,India,1. Kalamandalam vasupisharody 2. kalamandalam K.g. vasudevan etc Music 1. Kottakkal Madhu 2. Nedumbulli rammohan Chenda Kalmandalam Balasundar Maddhalam Kalamandalam venu Chutti kalamandalm sivaraman ,Urakathmmathiruvadi Kshethra Upadesaka Samithi,urakathammathiruvadi temple,archive2011-4q.asp
08-12-11,"Purappaad, Melappadam, Kuchelavritham, Kechakavadham, Kiratham","Udayanapuram Subrahmanyasvami Tample,Vaikom-9pm",Kottayam,Kerala,India,"Kuchelan-Nelliyodu Vasudevan Namboothiri, Kuchelapathni-Sunil Pallipuram, Sreekrishnan-Prasanth, Rukmini-Ramyakrishnan, Kechakan-Kala:Srekumar, Sirendhri-Kala:Chebakara Vijayan, Sudeshna,Kattalasthri-","Dakshinamoorthi Kalakshethram,Vaikom","Mani,Vathukkodam",archive2011-4q.asp
08-12-11,Kiratham,Nalpathneeshwaram Temple,Alapuzha,Kerala,India,"Kala. Pradeep, Kalanilayam Rajashekaran, RLV Sunilkumar, Kalanilayam Aji, Kalakendram Saji, Kalanilayam Praveen, Pattu: Kala. Jayaprakash, Kalanilayam Babu, Chenda: Gopikrishnan Thampuran, Maddalam: K",Kathakali Sangam,Balu,archive2011-4q.asp
07-12-11,KRISHNALEELA,"Sree Subrahmaniaswami Kshethram Oottupura,Kuzhur 8.30pm",Thrissur,Kerala,India,"Devaki:Klm.Vijayakumar,Yashoda:Klm.Shanmukhadas,Shreekrishnan:Klm.Mukundan. SAMGEETHAM:Klm.Babu Nampoothiri,Kln.Rajeevan.CHENDA:Kln.Ratheesh.MADDALAM: Kln.Manojkumar.CHUTTI:Klm.Sukumaran.ANIYARA,CHAMA",Utshavaaghosha Committee 9495 333046,M.K.Aniyan,archive2011-4q.asp
06-12-11,"Purappaad, Melappadam, Kalyanasogandhikam, Utharasvayamvaram","Kumaranaloor Devi Temple,Kottayam",Kottayam,Kerala,India,Puarapad & Utharapathni1-Kala:Kasinadhan Bheman-Kala::Balasubrahmanayan Panchali & Utharapathni2-Kalakendram Muraledharan Namboothiri Hanuman-Pathmabhushan Madavoor Vasudenav Nair Durodhanan-FACT Moha,Kumaranaloor Devasvam,"Mani,Vathukkodam",archive2011-4q.asp
06-12-11,ARJUNA VISHADA VRUTTHAM,"Sree Krishna Swamy Temple, South Chittoor Ernakulam- 7:30 PM",Ernakulam,Kerala,India,"Sri Kalamandlam Vasu Pisharody : Arjunan & Sri Margi Vijaya Kumar as Dussala sri Kalamandalam Krishna Kumar as Jayadrathan & Sri Kalamndalam Shanmughan as Sri Krishnan pattu : sri Palanad Divakaran, K","Ekadasi Vilakku at Thekkan Chittoor , EKM",Raju,archive2011-4q.asp
05-12-11,"Purappaad, Nalacharitham-I, Duryodhanavadham","Kumaranaloor Devi Temple,Kottayam",Kottayam,Kerala,India,Puarapad & kuttibheman-Abhinav Asok Purappadu & Thozi1-Kala:Kasinadhan Nalan-Pathmasree Kala:Gopi Naradan-Kotta:Appu Namboothiri Hamsam-FACT Pathmanabhan Damayanthi-Kalakendram Muraledharan Namboothir,Kumaranaloor Devasvam,"Mani,Vathukkodam",archive2011-4q.asp
05-12-11,POOTHANAAMOKSHAM,"Sree Subrahmaniaswami Kshethram Oottupura,Kuzhur 8.30pm",Thrissur,Kerala,India,"Lalitha:Margi Vijayakumar.SAMGEETHAM:Klm.Vinod,Klm.Sudheesh.MADDALAM:Margi Rathnaakaran.CHENDA,ITAYKKA:Klm.Hareesh.ANIYARA,CHAMAYAM:ShreeVaikundheswara Kathakaliyogam,Eroor.",Utshavaaghosha Committee 9495 333046,M.K.Aniyan,archive2011-4q.asp
04-12-11,Karnasapatham,"Kalikotta Palaca,Thripunithura. 5.30 p.m.",Ernakulam,Kerala,India,"Karnan-Ettumanoor Kannan,Kunthi-Smt.Chavara Parukkutty,Duryodhanan-Sadanam Mohanan,Bhanumathi-R.L.V.Pramod,Dussasanan-Smt.Kottarakkara Ganga,Pattu-Kot.Madhu,Kal.Vinod,Chenda-Kal.Narayanan Namboodiri,M",Mali Foundation,"Biju Anand, North Paravur",archive2011-4q.asp
04-12-11,KUCHELAVRITTHAM,"Sree Subrahmaniaswami Kshethram Oottupura,Kuzhur 8.30pm",Thrissur,Kerala,India,"Kuchelan:Nelliyotu Vasudevan Nampoothiri,Shreekrishnan:Sdn.Krishnankutty,Rukmini: Vellinezhi Haridasan.SAMGEETHAM:Palanatu Divakaran,Netumpalli Ram Mohan.CHENDA: Kln.Kunchunni.MADDALAM:Kln.Prakashan.C",Utshavaaghosha Committee 9495 333046,M.K.Aniyan,archive2011-4q.asp
04-12-11,Keechakavadham,"Asramom Maidan,kollam 6 P.M",Kollam,Kerala,India,"Padmabhooshan Madavoor-Keechakan,Mallan-Kal.Ramachandran Unnithan,Kal.Rajasekharan-Sairandri,Chathnoor Narayanapillai-Valalan.Pattu-Pathiyoor.Maddalam-Kal.Sankara Warrier.",KOLLAM FEST,"suresh.v,kollam",archive2011-4q.asp
04-12-11,Kujelavritham,Pallithrikovil SreeDurga Bhagavadhi Temple Ponnurunni Vytilla,Erankulam,Kerala,India,"Kujelan:Sree Kala KJ vasudevan KujelaPatni:Sree kalanilaym karunakara kuruppu Sreekrishnan:Kal shanmughan Rukmini:Kala Sucheendran Pattu:Kala Babu Nampoothiri,Kalanilaym Rajeevan Chenda:Kala Raman Nam",Mr NS Nair : 9446534935,Ajith Sasidharan,archive2011-4q.asp
03-12-11,LavanasuraVadham,Pallithrikovil SreeDurga Bhagavadhi Temple Ponnurunni Vytilla,Erankulam,Kerala,India,"Hanuman:Kalanilayam gopinath Seetha:Kala vijaykumar lavan:fact. biju bhaskar kushan:RLV pramod shatrughnan:RLV sunil Pattu:kala jayaprakash,ndedumpilly rammohan chenda:sadanam ramakrishnan maddalam:Ka",Mr N.S Nair 09446534935,Ajith Sasidharan,archive2011-4q.asp
03-12-11,SANTHAANAGOPAALAM,"Sree Subrahmaniaswami Kshethram Oottupura,Kuzhur 8.30pm",Thrissur,Kerala,India,"Shreekrishnan:Sdn.Bhasi,Arjunan:Kln.Gopalakrishnan,Brahmanan:Ktl.Chandrasekharan. SAMGEETHAM:Ktl.Madhu,Netumpalli Ram Mohan.CHENDA:Klm.Raman Nampoothiri.MADDALAM: Klm.Rajanarayanan.CHUTTI:Kln.Devadas.",Utshavaaghosha Committee 9495 333046,M.K.Aniyan,archive2011-4q.asp
03-12-11,Karna Shapadham,"Ernakulathappan Hall, Ernakulam, 5.00 p.m.",Ernakulam,Kerala,India,"Karnan-Sadanam Krishnankutty,Kunthi-Kal.K.G.Vasudevan,Duryodhanan-Kaln.Balakrishnan,Bhanumathi-Sadanam Vijayan,Dussasanan-Kot.Devadas,Pattu-Pathiyoor Sankarankutty,Kal.Ajesh,Chenda-Kurur Vasudevan Nam",Mali Foundation,"Biju Anand, North Paravur",archive2011-4q.asp
29-11-11,Kuchella Vrittam,"near the Malakkara snake boat, just after Chakkadapadi Junction",Pattanamthitta,Kerala,India,"Kuchella: Mathoor Govindankutty, Krishna: Kudamaloor Muralikrishnan, Rukmini: Kalakendram Muralidharan Namboothiri, Pattu: Kala. P.G. Radhakrishnan, Kala. Devakumara Varma, Chenda: Kala. Raman Namboot",,Balu,archive2011-4q.asp
29-11-11,"Rukmini Swayamvaram, Kiratham",poornathrayeesa temple Thripunithura,Ernakulam,Kerala,India,"Sadanam Vijayan, Ramesh Varma, etc, Pattu: Kalanilayam Rajeev, Kala. Rajesh Babu, etc",,Balu,archive2011-4q.asp
28-11-11,"Santhana Gopalam, Narakasura Vadham",poornathrayeesa temple Thripunithura,Ernakulam,Kerala,India,"Brahmana: Kala. Vasu Pisharody, Arjuna: Kottakkal Chandrashekara Warrier, Narakasuran: Kottakkal Kesavan, etc, Pattu: Kalanilayam Unnikrishnan, Palanad Divakaran, Chenda: Kala. Krishnadas, Kottakkal P",,Balu,archive2011-4q.asp
28-11-11,"SHYAMA (Rabibdranath Tagore's ""Porishodh"" translated & transformed into Kathakali by Radha Madhavan)",Kadambazhippuram,Palakkad,Kerala,India,"Kala.Manoj, Kottakkal Devadas, Kala.Pradeep, Kalani.Vasu, Vellinezhi Haridas, Sadanam Sadanandan, Kala.Mohanakrishnan, Kala.Jayaprakash, Kala.Vijaykrishnan, Kala.Venu etc",Contact Mohanakrishnan for booking,Radha Madhavan,archive2011-4q.asp
28-11-11,Balivijayam - Cholliyatam,"Natyagriham of the Sangeet Nataka Akademi, Trichur",Trichur,Kerala,India,"Kathakali Cholliyattam Club inauguration - the first ever attempt in the history of the art to groom a classy audience. No formal inauguration with speeches, the programme itself is inauguration and w",keralakalacholliyattam@gmail.com,Sasi,archive2011-4q.asp
27-11-11,ASWADHAMA-WRITTEN BY KALA:KESAVAN,"Changampuzha park,Edappally",Ernakulam,Kerala,India,"kala:Ramakrishnan,kala:Sreekumar,FACT Padmanabhan,RLV Radhakrishnan,etcchenda Kuroor vasudevan namboothiri,maddalam -manoj",kadhakali aswadaka sadas,P D S NAMBOOTHIRI,archive2011-4q.asp
27-11-11,KUTIYATTAM & KATHAKALI CHOLLIYATTAM CLUB,"NATYAGRIHAM, KERALA SANGEETA NATAKA AKADEMI, THRISSUR",THRISSUR,Kerala,India,Koodiyattam club inauguration - Nov 27th Monday 4 pm (no formal functions with BIG speeched-straightyaway programme after 10 mnts Mizhgavu vadanam to creat a good ambience)Subhadradhannajayam - Kala. ,KERALA KALA,KERALAKALA CHOLLIYATTAM CLUB,archive2011-4q.asp
27-11-11,"Kathakali Pada Kacheri, Chakyar koothu, Keli, Kathakali","Unnayi Warrier Smaraka Kalanilayam, Irinjalakuda - 10 AM to 10 PM",Thrissur,Kerala,India,"10 AM : Kathakali Padakacheri - Deepa Palanad, Meera Rammohan 2 PM : Chakyar Koothu - Ammannur Rajaneesh Chakyar 3.30 PM : Keli - Kaln Prakashan, Vishnu Das 4 PM : Subhadraharanam Brahmanar - Kalm. Su",Dr. K.N Pisharody Smaraka Kathakali Club,Vinod Warrier,archive2011-4q.asp
27-11-11,"Kalyana Saugandhikam, Duryodhana Vadham",poornathrayeesa temple Thripunithura,Ernakulam,Kerala,India,"Bheema: Kala. Gopalakrishnan, Hanuman: FACT Padmanabhan, etc, Pattu: Kala. Gopalakrishnan, Chenda: Ayamkudi Unnikrishnan, Maddalam: Kala. Gopikuttan",,Balu,archive2011-4q.asp
26-11-11,Kamsa Vadham,poornathrayeesa temple Thripunithura,Ernakulam,Kerala,India,"Madavoor Vasudevan Nair, Chengarapally Anujan, RLV Gopi, etc, Pattu: Kala. Surendran, Chenda: Kala. Raman Namboothiri, Maddalam: Kala. Prakash",,Balu,archive2011-4q.asp
26-11-11,Uttharaswayamvaram,Perumbavoor,,Kerala,India,"Dhoothan: Ettumanoor Kannan, Duryodhana: Peeshapalli Rajeev, Thrigarthan: Kala. Pradeep, Bhanumathi: Kala. Suchindran, etc",,Balu,archive2011-4q.asp
26-11-11,Santhanagopalam,"Arpukkara Subrahmanaya Temple, Kottayam",Kottayam,Kerala,India,"Brahmanan-Mathoor Govindankutty, Brahmanapathni-Kalakendram Muraledharan Namboothiri",Kodamaloor Kathakaliyogam,"Mani,Vathukkodam",archive2011-4q.asp
25-11-11,not yet finalized,poornathrayeesa temple Thripunithura,Ernakulam,Kerala,India,Ladies troupe,,Balu,archive2011-4q.asp
25-11-11,"poothanamoksham, kalyanasougandhikam with double melappadam","sreekrishna temple, thalayolaparambu, kottayam, 7pm",kottayam,Kerala,India,"lalitha:margi vijayakumar, bheeman: sadanam krishnan kutti, panjali:kalakendram muraleedharan, hanuman:kala:ramachandran unnithan, paattu:pathiyoor, kalaa:babu namboothiri, kala: hareesh, chenda:kalaa",pallam chandran,sunil narayanan,archive2011-4q.asp
24-11-11,Nalacheritham 2,poornathrayeesa temple Thripunithura,Ernakulam,Kerala,India,"Nala: Kala. Balasubramanian, Pushkara: Kala. Krishnakumar, Damayanthi: RLV Radhakrishnan, Kali: Nelliyod Vasudevan Namboothiri, Kattalan: Kala. Sreekumar, Pattu: Pathiyoor Shankarankutty, Kottakkal Ma",,Balu,archive2011-4q.asp
23-11-11,"Nalacheritham 1, Prahalada Cheritham","Poornathriyesha temple, Tripunithura, time approx. 12.45 midnight",Ernakulam,Kerala,India,"Nala: Kala. Gopi, Damayanthi: Kala. Shanmugan, Hamsa: FACT Padmanabhan, shukran - RLV Gopi, Hiranyakashipu - Kala Sreekumar etc, Pattu: Kottakkal Narayanan, Kala. Harish, Chenda: Gopikrishnan, Maddala",,Balu,archive2011-4q.asp
23-11-11,"nalacharitham nalam divasam, santhanagopalam","keezhthrikkovil sreekrishna kshethram, vazhappalli,changanassery, 7.30pm",kottayam,Kerala,India,"baahukan:kalaa:balasubramanyan, damayanthi:margi vijayakumar,keshini:kalamandalam vijayakumar, brahmanan:nelliyodu, arjunan:kalaa:krishnakumar, krishnan:kalakendrammuraleedharan , barahmanapathni:kala",,sunil narayanan,archive2011-4q.asp
22-11-11,karnasapadam,"Asramom Maidan,kollam 6 P.M",Kollam,Kerala,India,"Sadanam Krishnankutti-Karnan,Chavara Parukutti-Kunthi,Kal.Ravikumar-Duryodanan,Kal.Hari.R.Nair-Dussasanan.Pattu-Kalanilayam Unnikrishnan.Chenda-Kal.Raman Namboothiri",KOLLAM FEST,"suresh.v,kollam",archive2011-4q.asp
20-11-11,karnasapatham,unnayi varrier smaraka kalanilayam hall irinjalakuda 6pm,thrissur,Kerala,India,"Padmasri Kala Gopi Asan (Karnan),Kln. Gopi(Duryodanan),Kala Shucheendran(Bhanumathi),Nelliyodu(Dussasanan),Vasu Pisharadi(Kunthi);Kln.Unnikrishnan,Babu Nambudiri(Music);kala Unnikrishan(chenda);Kala R",Dr.KNPS kadhakali club&Adv.KRTS Trust IJK,sadu engoor,archive2011-4q.asp
20-11-11,"Thodayam,Purappadu,Double Melappadam","Kalikotta Palaca,Thripunithura. 6 p.m.",Ernakulam,Kerala,India,"Thodayam-Kmr. Sreeja Soman, Kum.Suchithra Suresh, Purappadu-S/Sri.Kal.Radhakrishnan,R.L.V.Pramod Double Melappadam:Pattu-S/Sri.Nedumbilly Rammohan,Kot.Vengeri Narayanan Chenda-S/Sri.Mattanoor Srikanth",Thripunithura Kathakali Kendram,"Biju Anand, North Paravur",archive2011-4q.asp
20-11-11,karnasapadham,HSS,,Kerala,India,,,kalarcode murali,archive2011-4q.asp
20-11-11,karnasapadham,"HS Thiruvampady, auditorium, Pazhaveedu,Alleppey 5.30 pm",Alleppey,Kerala,India,"karna-kal krishnakumar, kunthi-Sasikala, Duryodhanan- Ranjini, Dussasana- Kal Vasudevapaniker, Bhanumati- Fact Biju Bhaskar. Pattu- Kal Balachandran, Kalanilayam Babu, Chenda- Kal Ravisankar, Maddalam",Kalarcode narayanan nair memorial alleppey distric,kalarcode murali,archive2011-4q.asp
20-11-11,"Keli,Kathakali Aswadana Kalari followed by Poothanamoksham Kathakali","Sree Narayana Higher Secondary School,Pullamkulam,North Paravur 2-8 p.m.",Ernakulam,Kerala,India,Kalamandalam Vijayakumar & Others,"Kaliyarangu, North Paravur","Biju Anand, North Paravur",archive2011-4q.asp
19-11-11,Kala:Nelakandhan Nabeesan Anusmaranam & Rugmangadacharitham,"Chebi Music College, Palakkaad",Palakkaad,Kerala,India,"From 10am Thodayam,Purappaad,Melappadam(Cholliyattams) & Sangethaarchana 4:30pm-Anusmarana Sammelanam 6pm- Kathakali-Rugmangathacharitham Rugmangadan-Sdanam Krishnankutty MOhini-Kala:Shanmukhan Sandha",Kala:Nelakandhan Nabeesan Anusmaranasamithi,"Mani,Vathukkodam",archive2011-4q.asp
19-11-11,"Nalacharitham Onnam Divasam,","Asramom Maidan,kollam 6 P.M",Kollam,Kerala,India,"Padmasree Kal.Gopi-Nalan,Mayyanad Kesavan Namboori-Naradan,Sadanam Naripatta-Hamsam,Margi Vijayakumar-Damayanthi.Pattu-Pathiyoor,Kot.Madhu.Chenda-Kal.Unnikrishnan,Maddalam-Kal. Venukuttan",KOLLAM FEST,"suresh.v,kollam",archive2011-4q.asp
17-11-11,"Bali Vijayam, Santhana Gopalam, Daksha Yagam",Sri Vallabha Kshetram Thiruvalla,Pattanamthitta,Kerala,India,"Madavoor Vasudevan Nair, Mathoor Govindankutty, Kottayam Ramakrishnan, Kalanilayam Karunakara Kurup, FACT Padmanabhan, Talavadi Aravindan, RLV Rajashekaran, FACT Mohan, Kalakendram Madhavan Namboothir",,Balu,archive2011-4q.asp
16-11-11,"Purappaad, Balivijayam, Ambarekshacharitham","Vaikom MahadevaTemple,Vaikom-11pm",Kottayam,Kerala,India,Purappad-Arjun Ravanan&#8205;-Kala:Balasubrahmanayan Mandodari-Kala:Vijayan Naradan&#8205;-Kala:Kesavan Namboothiri Bali-Sadanam Krishnaprasad Ambareshan-Kalani:Balakrishnan Durvasavu-Kotta:Devadas Br,"Kerala kathakali center, Fortkochi","Mani,Vathukkodam",archive2011-4q.asp
15-11-11,"Purappaad, Melappadam, Nalacharitham III, Kiratham","Vaikom MahadevaTemple,Vaikom-11pm",Kottayam,Kerala,India,Purappad & Kuttykattalan-Tharun Moorthy Puarappad & Kuttykattalan-Harikrishnan Puarappad & Sivan-Varun Puarappad & Parvathi-Rahul Nalan-FACT Mohanan KarkoDakan-FACT Biju Bhaskar Bahukan-Kala:Vasu pish,"Kerala kathakali center, Fortkochi","Mani,Vathukkodam",archive2011-4q.asp
15-11-11,"Bali Vijayam, Santhana Gopalam",Sri Vallabha Kshetram Thiruvalla,Pattanamthitta,Kerala,India,"Mathoor Govindankutty, Kala. Soman, Kala. Pradeep, Kalakendram Muralidharan Namboothiri, Thiruvalla Sadashivan, Talavadi Aravindan, Pattu: Pathiyoor Shankarankutty, Kala. Jayaprakash, Kalanilayam Sinu",,Balu,archive2011-4q.asp
13-11-11,Utharaswayamvaram (Utharabhagam),"Unnayiwarrier Smaraka Kalanilayam Hall, Irinjalakuda. 5 p.m.",,Kerala,India,,,"Biju Anand, North Paravur",archive2011-4q.asp
13-11-11,Utharaswayamvaram (Utharabhagam),"Unnayiwarrier Smaraka Kalanilayam Hall, Irinjalakuda. 5 p.m.",Thrissur,Kerala,India,"Purappadu-Master Jishnu Punthottam,Kum.Krishna Punthottam Utharan-Kal.Shanmughadas,Padnimar-Kal.Kasinathan,Kal.Suraj,Gopalakanmar-Kal.Chinosh Balan,Kal.Bageo,Brihandala-Kal.Krishnakumar,Uthara-Kal.Kas","Dr.K.N.Pisharadi Smaraka Kathakali Club,Ijk.","Biju Anand, North Paravur",archive2011-4q.asp
12-11-11,"Purappaad, Melappadam, Banayudham(Gopuram), Dakshayagam","Vaikom MahadevaTemple,Vaikom-10pm",Kottayam,Kerala,India,Purappad & Bhuthaganam--Kumari Gopika G Nair Purappad-Kumari Sivalkshmi Purappad-Kumari Archana Purappad & Bhuthaganam--Sankarankutty Banan-Pathmabhushan Madavoor Vasudevan Nair Sivan(Banayudham&Daksh,"Dakshinamoorthi Kalakshethram,Vaikom","Mani,Vathukkodam",archive2011-4q.asp
12-11-11,"Poothana Moksham 6.30 PM, Meeting 4PM","Koyikkal Bhagavathi Temple, Parappuram, Kaanjoor.",Ernakulam,Kerala,India,"Kaishiki Website Inaugaration: Shri K.P DHANAPALAN,MP, Kala. Karunakaran Anusmaranam: K.Chandran Pillai ex-MLA. Honouring Kalani. Raghavan, Kadungallur Nambishankutty, FACT Padmanabhan,FACT Bhaskaran,",LateGuru Kala. Karunakaran Remembrance Committee,Srikumar,archive2011-4q.asp
12-11-11,Jayadratha Charitham,"Parmekavu Agrasala, 6 PM",Thrissur,Kerala,India,"Arjjunan-Klm. Shanmukhan, Panchali-Klm. Vijayakumar, Jayadrathan-Kln. Gopi, Kodikasyan-Ktkl. Devadas; Sangeetham-Klm. Vinod, Kln. Rajeev; Chenda-Sdn. Ramakrishnan, Kln. Ratheesh; Maddhalam-Kln. Prakas",Thrissur kathakali club,Vinod Warrier,archive2011-4q.asp
12-11-11,Nalacheritham 3,Chennithala,Alapuzha,Kerala,India,"Nala: Ettumanoor Kannan, Damayanthi: Kala. Suchindran, Bahuka: Kala. Pradeep, Sudeva: Peeshapalli Rajeev, etc",,Balu,archive2011-4q.asp
11-11-11,"Sri Vallabha Cheritham, Santhana Gopalam",Sri Vallabha Kshetram Thiruvalla,Pattanamthitta,Kerala,India,"Mathoor Govindankutty, Kala. Rajkrishnan, RLV Rajashekaran, FACT Mohan, Kalakendram Muralidharan Namboothiri, Thiruvalla Harikumar, Kalanilayam Ravindranatha Pai, Cheriyankeer Murugan, Thiruvalla Babu",,Balu,archive2011-4q.asp
10-11-11,karthikeyavijayam,"theerthapaada mandapam,tvm 6PM",trivandrum,Kerala,India,tharakan madavoor aasan Prakamban nelliyodu vasudevan namboothiri Parvathy oyoor ramachandran Kalakethu arkannoor gopalakrishnan Bruhaspathy nelliyodu vishnu Paattu kal surendran..... Chenda kalabhaal,thulaseevanam kathakali fest,girish n iyer,archive2011-4q.asp
09-11-11,bali vijayam,"theerthapaada mandapam,trivandrum,6pm",trivandrum,Kerala,India,"ravanan-padmabhooshan madavoor aasan, Naradan-chathannoor kochu narayana pillai Bali-nelliyodu vasudevan namboothiri Paattu-thiruvalla gopikuttan,kalabharathy radhakrishnan...",thulaseevanam kathakali fest,girish n iyer,archive2011-4q.asp
07-11-11,Kathakalipada kacheri,Cherthala.,Ernakulam,Kerala,India,"Pattu:PathiyoorSankarankutty,Kala:Rajeev,Chenda:GopikrishnanThampuran,Maddalam:Kala:Manog.",,,archive2011-4q.asp
07-11-11,Kathakalipada kacheri,Cherthala.,Ernakulam,Kerala,India,"Pattu:PathiyoorSankarankutty,Kala:Rajeev,Chenda:GopikrishnanThampuran,Maddalam:Kala:Manog.",,,archive2011-4q.asp
07-11-11,ARJUNA VISHADA VRUTTHAM,"Theerthapada Mandapam-Kizhakke kotta -Trivandrum, at 6PM",Trivandrum,Kerala,India,"Jayadrathan: Padamabhushan Sri Madavoor Vasudevan Nair, Arjunan : Sri Kottakkal Chandrasekhara Varier, Dussala : Sri Kalamandalam Rajasekharan, Sri Krishnan : Sri Kalamandalam Vaishakan, Pattu: Sri Ko",Thulasivanam Kathakali Maholsavam ( Nov-1 to 10),Raju,archive2011-4q.asp
06-11-11,Bana Yudham (Usha Chitralekha),Ernakulathappan hall,Ernakulam,Kerala,India,"Kala Sivadasan, Kala Jishnu Ravi, Pattu: Kala Goplalkrishnan, Kala rajesh babu, Maddalam: Kalanilayam Manoj.",Ernakulam Kathakali Club,Srikumar,archive2011-4q.asp
06-11-11,Dakshayagam,"sreerangam hall, thirunakkara, kottaayam -4 pm",kottayam,Kerala,India,"Dakshan- Sadanam krishnan kutti, veerabhadran-kottkkal devdas, sathi-kalamandalam ramachandran, vedavalli-kalakendram muraleedharan, shivan-kalamandalam bhagyanathan, bhadrakali-kalanilayam madhumohan",kaliyarangu kottayam,Sunil Narayanan,archive2011-4q.asp
29-10-11,Kuchelavrutham,Poroor,Malappuram,Kerala,India,"Kuchelan: Kala Shri Vasupisharody Venue at Poroor, on the occasion of the 84th birthday of Shri Kuttan Marar",,Valsan,archive2011-4q.asp
29-10-11,Rajasooyam (Thekkan),Paramekkavu Agrasala Thrissur,Thrissur,Kerala,India,"Madavoor Vasudevan Nair, Kala. Anilkumar, Kala. Rajashekaran, Kala. Gouthamkrishnan, Kala. Aromal, Kala. Vaishak, Kala. Ravikumar, Kala. Sabarinath, Kala. Hari. R. Nair, Pattu: Kala. Babu Namboothiri,",,Balu,archive2011-4q.asp
29-10-11,KUMARASAMBHAVAM,THIRUVANNOOR NADA 7.30PM,KOZHIKODE,Kerala,India,PSV NATYASANGAM KOTTKKAL- KESAVAN KUNDALAYAR VASUDEVAN KUNDALAYAR SUDHEER DEVADASAN NARAYANAN MADHU PRASAD VIJAYARAGHAVAN RAVI RADHAKRISHNAN PHONE 9446163711,SUBRAMANNYAKOVILCOMMITTEE THOD AYAM KATHAKALI,SREEKUMARNEDUNGADI,archive2011-4q.asp
27-10-11,"Santhanagopalam, Kiratham",Panavally Nalpathanneswaram Temple,Alappuzha,Kerala,India,"Bramanan - RLV Gopi , Krishna - RLV Pramod, Arjunan - Sadanam Vijayan",Panavally Nalpathanneswaram Temple,Krishnan,archive2011-4q.asp
26-10-11,Bali Vijayam,Thripunithura,Ernakulam,Kerala,India,"Ravana: Ranjini Suresh, Narada: Sasi Thampuran, Bali: V.N. Narayanan, Pramila Vijayan, Pattu: Kala. Gopalakrishnan, Kala. Rajesh Babu, Chenda: Gopikrishnan Tamburan, Maddalam: Kalanilayam Manoj",,Balu,archive2011-4q.asp
23-10-11,"Karna Shapadam, Kalyana Saugandhikam, Kiratham",Kalarcode Temple,Alapuzha,Kerala,India,"Kala. Krishnakumar, Kala. Gopi, Kottakkal Chandrashekara Warrier, Kala. Shanmugan, Kala. Ramachandran Unnithan, Margi Vijayakumar, Kottakkal Devadas, etc, Pattu: Pathiyoor Shankarankutty, Kottakkal Ma",,Babu,archive2011-4q.asp
22-10-11,BALIVIJAYAM(KAMALADALATHODU KOODY),"CHANGAMPUZHA PARK,EDAPPILLY-6.30 PM",ERNAKULAM,Kerala,India,"KALA-KRISHNAKUMAR,KALA- KALIDASAN,,KONNASSERY SANKARAN,BIJU BHASKAR,KALA- BABU NAMBOOTHIRI,KALANILAYAM RAJEEVAN,KALA-BALASUNDER,KALA-MANOJ Etc","kadhakli aswadakasadas,edappilly",P D S NAMBOOTHIRI,archive2011-4q.asp
22-10-11,"Nalacheritham 2, Thorana Yudham",Kalarcode Temple,Alapuzha,Kerala,India,"Kala. Gopi, Kottakkal Chandrashekara Warrier, Kala. Shanmugan, Margi Vijayakumar, Kala. Ramachandran Unnithan, Kottakkal Devadas, etc, Pattu: Pathiyoor Shankarankutty, Kottakkal Madhu, Kalanilayam Raj",,Babu,archive2011-4q.asp
21-10-11,Kirmeeravadhom,"Mannaarsala Nagaraja temple, Near Harippaad",Alapuzha,Kerala,India,"Aattom : Padmasree Kala.Gopi, Mathoor, Sadanam Naripatta Narayanan Namboothiri,Kala. ramachandran Unnithan, Margi vijayakumar,Kala. Balakrishnan, Kottakal Appu namboothiri, Kala. krishna prasad, Kala.",Aayilliam mahotsavam,V. Madhukumar,archive2011-4q.asp
16-10-11,Ravanavijayam,"Kalikotta Palaca,Thripunithura. 6 p.m.",Ernakulam,Kerala,India,"Ravanan-Kal.Vasunni,Duthan-Kal.Radhakrishnan,Rambha-Kal.Venkat,Pattu-Kal.Mohanakrishnan,Kal.Rajesh Menon,Chenda-Kal.Sankaranarayanan,Madalam-Kal.Kuttinarayanan,Chutti-Eroor Manoj,Aniyara-Eroor Sasi,Su",Thripunithura Kathakali Kendram,"Biju Anand, North Paravur",archive2011-4q.asp
15-10-11,Dakshayagam(from Ariyathe...),"Ernakulattapan Hall , Near Siva Temple Ernakulam 5.30 PM",Ernakulam,Kerala,India,"Kal Shanmughan(Dakshan); RLV Pramod(Indran, Pooja Brahmins); Varanad Sanal Kumar(Sivan); Kal Vijayakumar(Sathi); R Renjith(Veerabhadran); FACT Biju Bhaskar(Bhadrakali); Shankarankutty, Sujeesh(Bhootha",Ernakulam Kathakali Club,Renjith R Ernakulam,archive2011-4q.asp
15-10-11,"Purapad, Melapadam, Thorana Yudham, Geethopadesham","near Malakkara snake boat, after Chakkadapadi Junction 8:30",Pattanamthitta,Kerala,India,"Hanuman: Kalamandalam Balasubramanian, Ravana: Kala. Pradeep, Rakshasas, Prahasthan: RLV Sunilkumar, RLV Pallipuram Sunilkumar, Kala. Arun, Thiruvanjiyoor Subhash, Lankalakshmi: Kala. Hari R. Nair, La",,Hari,archive2011-4q.asp
12-10-11,Nalacheritham 3,"S.B. College, Chenganacherry",Kottayam,Kerala,India,"Nala: Kala. Pradeep, Damayanthi: Kala. Suchindran, Bahuka: Peeshapali Rajeev, Sudeva: Ettumanoor Kannan, etc",,Balu,archive2011-4q.asp
12-10-11,Kuchelavritham.,Nilamboor Kovilakam,,Kerala,India,"Kuchelan:Kala:Manoj,Krishnan:KesavanKundalayar,Pattu:KottakkalMadhu,RamMohan,Chenda:GopikrishnanThampuran,Maddalam:Kala:Aneesh etc............",,,archive2011-4q.asp
10-10-11,"Seethaswayamvaram,Sreeramapattabhishekam","Sree Vallabha Temple,Thiruvalla",Pathanamthitta,Kerala,India,"kal.ramakrishnan,Unnithan,fact mohanan...... Pattu-thiruvalla gopikuttan,kal.surendran...",vazhipadu,Girish N Iyer,archive2011-4q.asp
09-10-11,Kal.Unnikrishna Kurup Anusmarana Dinam followed by Kathakali.Kuchela Vritham & Keechaka Vadham,"Unnayiwarrier Smaraka Kalanilayam Hall, Irinjalakuda. 6 p.m.",Thrissur,Kerala,India,"Kuchelan-Kal.K.G.Vasudevan,Kuchelapadni-Vellinezhi Haridasan,Srikrishnan-Kot.Kesavan,Rukmini-Sad.Sreenath,Sudeshna-Vellinezhi Haridasan,Sairandhri-FACT Padmanabhan,Valalan-Kot.Devadas,Keechakan-Sadana",Kal.Unnikrishna Kurup Anusmaranadinacharana Comm.,"Biju Anand, North Paravur",archive2011-4q.asp
06-10-11,Nalacharitham 1,Kalakshetra,,Kerala,India,"Nala: Kala. Krishnakumar, Damayanthi: RLV Radhakrishnan, Hamsa: Kala. Kuttikrishnan, Narada: Kala. Kasinathan, Pattu: Kala. Jayaprakash, Kala. RamMohan, Chenda: Kala. Balaraman, Maddalam: Kalanilayam ",,Babu,archive2011-4q.asp
06-10-11,Keechaka Vadham,Malakil Vijanapradayani grandha sala Alleppy,,Kerala,India,"Kala. Sreekumar, Kala. Vijayakumar, FACT Biju Bhaskar, Pattu: Kalanilayam Rajeev, Kalanilayam Sinu, Chenda: Kala. Ravishankar, Maddalam: Kalanilayam Rajesh",,Balu,archive2011-4q.asp
05-10-11,prahladacharitham,"mazhayannur siva temple ,Mukkattukara",thrissur,Kerala,India,"kotta. Nandakumaran Nair(Narasimham),Kala.Harinarayanan(Hiranyakasipu),Kala.Bajiyo(Prahladan),R L V Pramod(sukran),Kala. Mohanakrishnan,Vellinezhy Achuthankutty(music),Kala.Vijayakrishnan(chenda),Kala","m.n.vinayakumar,janabheri 9447995636",m.n.vinayakumar,archive2011-4q.asp
04-10-11,Kacha Devayani,"Padmasree kalyana mandapam thali,Calicut",Calicut,Kerala,India,"Kala.Balasubramanian Asan,Kala.Vijayakumar,Sadanam Krishnadas,Kala.Hareesh,Kala.Vinod,Nandakumar,Aneesh&others","Navarasam trust,Calicut.Renuka Verma 9349907792","Ramachandran,Calicut",archive2011-4q.asp
03-10-11,Kapidhwaja charitham by Smt.Radha Madhavan,"Padmasree kalyana mandapam thali,Calicut",Calicut,Kerala,India,"Sajan,Haripriya namboodiri,Manoj,Rammohan,Kala.Nandakumar,Kala.Aneesh &others","Navarasam trust,Calicut.Renuka Verma 9349907792","Ramachandran,Calicut",archive2011-4q.asp
03-10-11,Nalacheritham 4,"Mullackal Rajarajeswari temple, Mullackal, Alleppey",,Kerala,India,"Ettumanoor Kannan, Kalamandalam Vijayakumar, Kalakendram Muralidharan Namboothiri, Pattu: Pathiyoor Shankarankutty, Kala. Sajeev, Chenda: Kala. Unnikrishnan, Maddalam: Kalanilayam Rajesh",9446469781,Balu,archive2011-4q.asp
03-10-11,Keechaka Vadham,"Edakkunny Temple, Ollur. 7 PM",Thrissur,Kerala,India,"Keechakan-Vinod Warrier, Sairandhri-Kala.Arun Warrier, Valalan-Kala.Neeraj Sangeetham-Kala.Vinod, Kala.Ajesh Chenda-Kala.Hareesh Maddhalam-Kalanilayam Sankardas Chutti-Kalanilayam Nikhil",Navarathri Aakhosha Committee,Vinod Warrier,archive2011-4q.asp
02-10-11,"Karnasapadham,Subhadra haranam,Duryodhana vadham etc","Padmasree kalyana mandapam thali,Calicut",Calicut,Kerala,India,Lady troop of Tripunithura,"Navarasam trust,Calicut.Renuka Verma 9349907792","Ramachandran,Calicut",archive2011-4q.asp
02-10-11,"Tagore's Dance-drama ""SHYAMA"" translated & transformed into Attakatha by Radha Madhavan","Cherpulassery Ayyappankavu, 6 Pm",Palakkad,Kerala,India,"Kala.Manoj,kala.sajan,Kottakkal Devadas,Sadanam sadanandan,Kottakkal Krishnadas, Kala.Pradeep,Vellinezhi Haridas,Kala.Mohanakrishnan,kala.Jayaprakash,Kala.Sreekumar, Kalanilayam Babu Kala.Vijayakrishn",Latha Mohanakrishnan: 9995429153,Radha Madhavan,archive2011-4q.asp
01-10-11,Subhadraharanam,"Padmasree kalyana mandapam thali,Calicut",Calicut,Kerala,India,"GopiAsan,Haripriya namboodiri,Kala.Manoj,Kesavan Kundalayar,Kottakkal Madhu, Rammohan,Kala.Krishnadas,Sadanam Ramakrishnan,Udayan namboodiri,Kottakkal Ravi,Hariharan& others","Navarasam trust,Calicut.Renuka Verma 9349907792","Ramachandran,Calicut",archive2011-4q.asp
01-10-11,santhana gopalam,"ootupura, sringapuram, kodungallur 3pm to 9pm",thrissur,Kerala,India,"Kala Pradipkumar (srikrishnan), Etu. Kannan (Arjunan),Peesapilly Rajivan(Brahmanan), Kashinadhan (brahmanstri), Sangeetham -Jayaprakash, Vinod; chenda-nandakumar,maddalam-KLN Sankardas,",Thiranottam &Kodu. Kunjunni thamburan S.K.samithi,sadu engoor,archive2011-4q.asp
01-10-11,KIRATHAM,"Nalpathenneswaram mahadeva temple, Panavally.",Aalappuzha,Kerala,India,"Kalanilayam Rajasekaran,KalamandalamPradeep,FactBijubhaskar,kalakendramAji,kalakendramSaji,MarathourvattamPraveen Pattu,kalanilayamRajeev,Kalanilayam Babu, Chenda,Gopikrishnan,Madala,KalanilayamRagesh",Nalpathenneswarathappan Kathakalisangam,SAJITH,archive2011-4q.asp
